-- --------------------------------------------------------
-- 主机:                           localhost
-- 服务器版本:                        5.7.15 - MySQL Community Server (GPL)
-- 服务器操作系统:                      Win64
-- HeidiSQL 版本:                  9.4.0.5125
-- --------------------------------------------------------

/*!40101 SET @OLD_CHARACTER_SET_CLIENT=@@CHARACTER_SET_CLIENT */;
/*!40101 SET NAMES utf8 */;
/*!50503 SET NAMES utf8mb4 */;
/*!40014 SET @OLD_FOREIGN_KEY_CHECKS=@@FOREIGN_KEY_CHECKS, FOREIGN_KEY_CHECKS=0 */;
/*!40101 SET @OLD_SQL_MODE=@@SQL_MODE, SQL_MODE='NO_AUTO_VALUE_ON_ZERO' */;

DROP DATABASE IF EXISTS `vsms`;
CREATE DATABASE /*!32312 IF NOT EXISTS*/ `vsms` /*!40100 DEFAULT CHARACTER SET utf8mb4 COLLATE utf8mb4_unicode_ci */;

USE `vsms`;
-- 导出  表 vsms.abilitystat 结构
DROP TABLE IF EXISTS `abilitystat`;
CREATE TABLE IF NOT EXISTS `abilitystat` (
  `id` int(10) NOT NULL AUTO_INCREMENT,
  `statclass` int(10) DEFAULT NULL COMMENT '统计分类',
  `stattype` int(10) DEFAULT NULL,
  `type` smallint(1) DEFAULT NULL COMMENT '类型(1/2) 1:数量,2:金额或其他',
  `employeeid` smallint(5) DEFAULT NULL COMMENT '员工id',
  `m01` decimal(14,2) DEFAULT '0.00' COMMENT '1月份数值',
  `m02` decimal(14,2) DEFAULT '0.00' COMMENT '2月份数值',
  `m03` decimal(14,2) DEFAULT '0.00' COMMENT '3月份数值',
  `m04` decimal(14,2) DEFAULT '0.00' COMMENT '4月份数值',
  `m05` decimal(14,2) DEFAULT '0.00' COMMENT '5月份数值',
  `m06` decimal(14,2) DEFAULT '0.00' COMMENT '6月份数值',
  `m07` decimal(14,2) DEFAULT '0.00' COMMENT '7月份数值',
  `m08` decimal(14,2) DEFAULT '0.00' COMMENT '8月份数值',
  `m09` decimal(14,2) DEFAULT '0.00' COMMENT '9月份数值',
  `m10` decimal(14,2) DEFAULT '0.00' COMMENT '10月份数值',
  `m11` decimal(14,2) DEFAULT '0.00' COMMENT '11月份数值',
  `m12` decimal(14,2) DEFAULT '0.00' COMMENT '12月份数值',
  `q1` decimal(14,2) DEFAULT '0.00' COMMENT '1季度份数值',
  `q2` decimal(14,2) DEFAULT '0.00' COMMENT '2季度份数值',
  `q3` decimal(14,2) DEFAULT '0.00' COMMENT '3季度份数值',
  `q4` decimal(14,2) DEFAULT '0.00' COMMENT '4季度份数值',
  `yearly` decimal(14,2) DEFAULT '0.00' COMMENT '全年数值',
  `years` smallint(5) DEFAULT NULL COMMENT '当前年份',
  PRIMARY KEY (`id`)
) ENGINE=InnoDB DEFAULT CHARSET=utf8 COMMENT='能力视图统计表';

-- 正在导出表  vsms.abilitystat 的数据：~0 rows (大约)
/*!40000 ALTER TABLE `abilitystat` DISABLE KEYS */;
/*!40000 ALTER TABLE `abilitystat` ENABLE KEYS */;

-- 导出  表 vsms.agency 结构
DROP TABLE IF EXISTS `agency`;
CREATE TABLE IF NOT EXISTS `agency` (
  `id` int(10) NOT NULL AUTO_INCREMENT COMMENT 'ID',
  `companyname` varchar(500) DEFAULT NULL COMMENT '单位名称',
  `contact` varchar(500) DEFAULT NULL COMMENT '联系人',
  `tel` varchar(500) DEFAULT NULL COMMENT '电话',
  `mobile` varchar(500) DEFAULT NULL COMMENT '手机',
  `fax` varchar(500) DEFAULT NULL COMMENT '传真',
  `email` varchar(500) DEFAULT NULL COMMENT '邮箱',
  `position` varchar(500) DEFAULT NULL COMMENT '职位',
  `createrid` int(10) DEFAULT NULL COMMENT '创建人id',
  `agenttypeid` smallint(5) DEFAULT NULL COMMENT '合作方类型id',
  PRIMARY KEY (`id`)
) ENGINE=InnoDB DEFAULT CHARSET=utf8 COMMENT='经销商表';

-- 正在导出表  vsms.agency 的数据：~0 rows (大约)
/*!40000 ALTER TABLE `agency` DISABLE KEYS */;
/*!40000 ALTER TABLE `agency` ENABLE KEYS */;

-- 导出  表 vsms.agencytype 结构
DROP TABLE IF EXISTS `agencytype`;
CREATE TABLE IF NOT EXISTS `agencytype` (
  `id` int(10) NOT NULL AUTO_INCREMENT COMMENT 'ID',
  `agencytype` varchar(500) DEFAULT NULL COMMENT '类型名称',
  `agencytypeen` varchar(500) DEFAULT NULL COMMENT '类型名称 --英文对照',
  `isdelete` tinyint(1) DEFAULT NULL COMMENT '是否删除：0-否，1-是',
  `sort` int(10) DEFAULT NULL COMMENT '排序',
  `importreferid` varchar(200) DEFAULT NULL COMMENT '导入引用id',
  PRIMARY KEY (`id`),
  UNIQUE KEY `importreferid` (`importreferid`)
) ENGINE=InnoDB DEFAULT CHARSET=utf8 COMMENT='合作方类型表';

-- 正在导出表  vsms.agencytype 的数据：~0 rows (大约)
/*!40000 ALTER TABLE `agencytype` DISABLE KEYS */;
/*!40000 ALTER TABLE `agencytype` ENABLE KEYS */;

-- 导出  表 vsms.chartdefaultload 结构
DROP TABLE IF EXISTS `chartdefaultload`;
CREATE TABLE IF NOT EXISTS `chartdefaultload` (
  `id` int(10) NOT NULL AUTO_INCREMENT,
  `charttype` varchar(500) DEFAULT NULL COMMENT '视图类型',
  `charttypeen` varchar(500) DEFAULT NULL COMMENT '视图类型英文',
  `chartvalue` int(10) DEFAULT NULL COMMENT '视图类型默认值',
  PRIMARY KEY (`id`)
) ENGINE=InnoDB DEFAULT CHARSET=utf8 COMMENT='视图默认加载条件表';

-- 正在导出表  vsms.chartdefaultload 的数据：~3 rows (大约)
/*!40000 ALTER TABLE `chartdefaultload` DISABLE KEYS */;
INSERT INTO `chartdefaultload` (`id`, `charttype`, `charttypeen`, `chartvalue`) VALUES
	(1, '中国', 'China', 1),
	(2, '全部', 'All', 0),
	(3, '卡纳', 'KANA', 1);
/*!40000 ALTER TABLE `chartdefaultload` ENABLE KEYS */;

-- 导出  表 vsms.city 结构
DROP TABLE IF EXISTS `city`;
CREATE TABLE IF NOT EXISTS `city` (
  `id` int(10) NOT NULL AUTO_INCREMENT COMMENT 'ID',
  `provinceid` int(10) DEFAULT NULL COMMENT '省份id',
  `city` varchar(500) DEFAULT NULL COMMENT '名称',
  `cityen` varchar(500) DEFAULT NULL COMMENT '城市名 --英文对照',
  `isdelete` tinyint(1) DEFAULT NULL COMMENT '是否删除：0-否，1-是',
  `importreferid` varchar(200) DEFAULT NULL COMMENT '导入引用id',
  `sort` int(10) DEFAULT NULL COMMENT '排序',
  PRIMARY KEY (`id`),
  UNIQUE KEY `importreferid` (`importreferid`)
) ENGINE=InnoDB DEFAULT CHARSET=utf8 COMMENT='城市表';

-- 正在导出表  vsms.city 的数据：~0 rows (大约)
/*!40000 ALTER TABLE `city` DISABLE KEYS */;
/*!40000 ALTER TABLE `city` ENABLE KEYS */;

-- 导出  表 vsms.country 结构
DROP TABLE IF EXISTS `country`;
CREATE TABLE IF NOT EXISTS `country` (
  `id` int(11) NOT NULL AUTO_INCREMENT,
  `country` varchar(500) DEFAULT NULL COMMENT '国家名称',
  `countryen` varchar(500) DEFAULT NULL COMMENT '国家名 --英文对照',
  `isdelete` tinyint(1) DEFAULT NULL COMMENT '是否删除：0-否，1-是',
  `importreferid` varchar(200) DEFAULT NULL COMMENT '导入引用id',
  `sort` int(10) DEFAULT NULL COMMENT '排序',
  PRIMARY KEY (`id`),
  UNIQUE KEY `importreferid` (`importreferid`)
) ENGINE=InnoDB DEFAULT CHARSET=utf8 COMMENT='国家表';

-- 正在导出表  vsms.country 的数据：~0 rows (大约)
/*!40000 ALTER TABLE `country` DISABLE KEYS */;
INSERT INTO `country` (`id`, `country`, `countryen`, `isdelete`, `importreferid`, `sort`) VALUES
	(1, '中国', 'China', 0, '1', NULL);
/*!40000 ALTER TABLE `country` ENABLE KEYS */;

-- 导出  表 vsms.currencyconvert 结构
DROP TABLE IF EXISTS `currencyconvert`;
CREATE TABLE IF NOT EXISTS `currencyconvert` (
  `id` int(10) NOT NULL AUTO_INCREMENT,
  `startdate` date DEFAULT NULL COMMENT '开始日期',
  `enddate` date DEFAULT NULL COMMENT '结束日期',
  `ajtoinformula` varchar(500) DEFAULT NULL COMMENT '主货币转换为辅货币转换公式',
  `intoajformula` varchar(500) DEFAULT NULL COMMENT '辅货币转换为主货币转换公式',
  `importreferid` varchar(200) DEFAULT NULL COMMENT '导入引用id',
  PRIMARY KEY (`id`),
  UNIQUE KEY `importreferid` (`importreferid`)
) ENGINE=InnoDB DEFAULT CHARSET=utf8 ROW_FORMAT=DYNAMIC COMMENT='货币显示转换表';

-- 正在导出表  vsms.currencyconvert 的数据：~0 rows (大约)
/*!40000 ALTER TABLE `currencyconvert` DISABLE KEYS */;
INSERT INTO `currencyconvert` (`id`, `startdate`, `enddate`, `ajtoinformula`, `intoajformula`, `importreferid`) VALUES
	(1, '2017-01-01', '2017-12-31', '0.14', '6.88', '1');
/*!40000 ALTER TABLE `currencyconvert` ENABLE KEYS */;

-- 导出  表 vsms.currencyexchange 结构
DROP TABLE IF EXISTS `currencyexchange`;
CREATE TABLE IF NOT EXISTS `currencyexchange` (
  `id` int(11) NOT NULL AUTO_INCREMENT,
  `currencyname` varchar(500) DEFAULT NULL COMMENT '币种名称',
  `currencysymbol` varchar(500) DEFAULT NULL COMMENT '币种符号',
  `statisticunit` decimal(14,2) DEFAULT NULL COMMENT '统计单位,除以500还是除以500',
  `unitcomment` varchar(500) DEFAULT NULL COMMENT '单位说明:10k,k',
  `currencynameen` varchar(500) DEFAULT NULL COMMENT '币种名 --英文对照',
  `isdelete` tinyint(1) DEFAULT NULL COMMENT '是否删除：0-否，1-是',
  `importreferid` varchar(200) DEFAULT NULL COMMENT '导入引用id',
  `sort` int(10) DEFAULT NULL COMMENT '排序',
  PRIMARY KEY (`id`),
  UNIQUE KEY `importreferid` (`importreferid`)
) ENGINE=InnoDB DEFAULT CHARSET=utf8 COMMENT='货币对应表';

-- 正在导出表  vsms.currencyexchange 的数据：~2 rows (大约)
/*!40000 ALTER TABLE `currencyexchange` DISABLE KEYS */;
INSERT INTO `currencyexchange` (`id`, `currencyname`, `currencysymbol`, `statisticunit`, `unitcomment`, `currencynameen`, `isdelete`, `importreferid`, `sort`) VALUES
	(1, '人民币', '¥', 10000.00, '10K', 'RMB', 0, '1', NULL),
	(2, '美元', '$', 1000.00, 'K', 'USB', 0, '2', NULL);
/*!40000 ALTER TABLE `currencyexchange` ENABLE KEYS */;

-- 导出  表 vsms.customeofftmp 结构
DROP TABLE IF EXISTS `customeofftmp`;
CREATE TABLE IF NOT EXISTS `customeofftmp` (
  `id` int(10) NOT NULL AUTO_INCREMENT COMMENT 'ID',
  `customertempid` int(10) DEFAULT NULL COMMENT '临时客户id',
  `customerofficialid` int(10) DEFAULT NULL COMMENT '正式客户id',
  `leadid` int(10) DEFAULT NULL COMMENT '线索id',
  `checkdatetime` datetime DEFAULT NULL COMMENT '审核时间',
  `checkerid` int(10) DEFAULT NULL COMMENT '审核人id',
  `requesterid` int(10) DEFAULT NULL COMMENT '申请人id',
  `requestdatetime` datetime DEFAULT NULL COMMENT '申请时间',
  `isread` tinyint(1) DEFAULT NULL COMMENT '是否查看：0-否，1-是',
  `checkresult` smallint(5) DEFAULT NULL COMMENT '审核结果：0-未处理，1-处理，2退回',
  `isdelete` tinyint(1) DEFAULT NULL COMMENT '是否删除：0-否，1-是',
  `requestcontent` text COMMENT '申请意见',
  `isagain` tinyint(1) DEFAULT NULL COMMENT '重新关联：0-否；1-是',
  PRIMARY KEY (`id`),
  KEY `index_customertempid` (`customertempid`)
) ENGINE=InnoDB DEFAULT CHARSET=utf8 COMMENT='临时-正式客户对应表';

-- 正在导出表  vsms.customeofftmp 的数据：~3 rows (大约)
/*!40000 ALTER TABLE `customeofftmp` DISABLE KEYS */;
INSERT INTO `customeofftmp` (`id`, `customertempid`, `customerofficialid`, `leadid`, `checkdatetime`, `checkerid`, `requesterid`, `requestdatetime`, `isread`, `checkresult`, `isdelete`, `requestcontent`, `isagain`) VALUES
	(1, 1, 121, NULL, '2017-09-25 22:17:13', 1, 1, '2017-09-25 22:17:07', 1, 1, 0, NULL, 0),
	(2, 2, 122, NULL, '2017-09-25 23:30:01', 1, 8, '2017-09-25 23:01:04', 0, 1, 0, NULL, 0),
	(3, 3, 123, NULL, '2017-09-25 23:32:15', 1, 1, '2017-09-25 23:29:35', 1, 1, 0, NULL, 0);
/*!40000 ALTER TABLE `customeofftmp` ENABLE KEYS */;

-- 导出  表 vsms.customer 结构
DROP TABLE IF EXISTS `customer`;
CREATE TABLE IF NOT EXISTS `customer` (
  `id` int(10) NOT NULL AUTO_INCREMENT COMMENT 'ID',
  `countryid` int(10) DEFAULT NULL COMMENT '国家id',
  `regionid` int(10) DEFAULT NULL COMMENT '地域id',
  `provinceid` int(10) DEFAULT NULL COMMENT '省份id',
  `cityid` int(10) DEFAULT NULL COMMENT '城市id',
  `townid` int(10) DEFAULT NULL COMMENT '辖区id',
  `pieceareaid` int(10) DEFAULT NULL COMMENT '片区id',
  `industryid` int(10) DEFAULT NULL COMMENT '行业id',
  `industrysubid` int(10) DEFAULT NULL COMMENT '子行业id',
  `customerno` varchar(500) DEFAULT NULL COMMENT '客户编号',
  `customerlevel` varchar(500) DEFAULT NULL COMMENT '客户等级：A,B,C,D级',
  `customercredit` varchar(500) DEFAULT NULL COMMENT '客户信用：A,B,C,D级',
  `customername` varchar(500) DEFAULT NULL COMMENT '客户名称',
  `customerattribute1` varchar(500) DEFAULT NULL COMMENT '客户属性1',
  `customerattribute2` varchar(500) DEFAULT NULL COMMENT '客户属性2',
  `customerattribute3` varchar(500) DEFAULT NULL COMMENT '客户属性3',
  `customerattribute4` varchar(500) DEFAULT NULL COMMENT '客户属性4',
  `addr` varchar(500) DEFAULT NULL COMMENT '地址',
  `isdelete` tinyint(1) DEFAULT NULL COMMENT '是否删除：0-否，1-是',
  `isblacklist` tinyint(1) DEFAULT NULL COMMENT '是否在黑名单：0-否，1-是',
  `remark` text COMMENT '备注',
  `importreferid` varchar(200) DEFAULT NULL COMMENT '导入引用id',
  PRIMARY KEY (`id`),
  UNIQUE KEY `importreferid` (`importreferid`)
) ENGINE=InnoDB DEFAULT CHARSET=utf8 COMMENT='客户表';

-- 正在导出表  vsms.customer 的数据：~123 rows (大约)
/*!40000 ALTER TABLE `customer` DISABLE KEYS */;
INSERT INTO `customer` (`id`, `countryid`, `regionid`, `provinceid`, `cityid`, `townid`, `pieceareaid`, `industryid`, `industrysubid`, `customerno`, `customerlevel`, `customercredit`, `customername`, `customerattribute1`, `customerattribute2`, `customerattribute3`, `customerattribute4`, `addr`, `isdelete`, `isblacklist`, `remark`, `importreferid`) VALUES
	(1, 1, 2, 11, NULL, NULL, NULL, 6, NULL, 'ZCUS00001', NULL, NULL, '山东麦芽口腔连锁机构', NULL, NULL, NULL, NULL, '北京市淇霖销售管理有限公司', 0, 0, NULL, '1'),
	(2, 1, 2, 11, NULL, NULL, NULL, 3, NULL, 'ZCUS00002', NULL, NULL, '山东省级机关医院', NULL, NULL, NULL, NULL, '北京市淇霖销售管理有限公司', 0, 0, NULL, '2'),
	(3, 1, 2, 11, NULL, NULL, NULL, 1, NULL, 'ZCUS00003', NULL, NULL, '山东医科大学附属第二医院', NULL, NULL, NULL, NULL, '北京市淇霖销售管理有限公司', 0, 0, NULL, '3'),
	(4, 1, 2, 11, NULL, NULL, NULL, 7, NULL, 'ZCUS00004', NULL, NULL, '济南金源口腔', NULL, NULL, NULL, NULL, '北京市淇霖销售管理有限公司', 0, 0, NULL, '4'),
	(5, 1, 2, 11, NULL, NULL, NULL, 3, NULL, 'ZCUS00005', NULL, NULL, '济南市妇幼保健院', NULL, NULL, NULL, NULL, '北京市淇霖销售管理有限公司', 0, 0, NULL, '5'),
	(6, 1, 2, 11, NULL, NULL, NULL, 1, NULL, 'ZCUS00006', NULL, NULL, '济南市中医院', NULL, NULL, NULL, NULL, '北京市淇霖销售管理有限公司', 0, 0, NULL, '6'),
	(7, 1, 2, 11, NULL, NULL, NULL, 7, NULL, 'ZCUS00007', NULL, NULL, '青岛美伦美口腔门诊部', NULL, NULL, NULL, NULL, '北京市淇霖销售管理有限公司', 0, 0, NULL, '7'),
	(8, 1, 2, 11, NULL, NULL, NULL, 2, NULL, 'ZCUS00008', NULL, NULL, '青岛市第五医院', NULL, NULL, NULL, NULL, '北京市淇霖销售管理有限公司', 0, 0, NULL, '8'),
	(9, 1, 2, 11, NULL, NULL, NULL, 5, NULL, 'ZCUS00009', NULL, NULL, '中国人民解放军第一七五医院', NULL, NULL, NULL, NULL, '北京市淇霖销售管理有限公司', 0, 0, NULL, '9'),
	(10, 1, 2, 10, NULL, NULL, NULL, 5, NULL, 'ZCUS00010', NULL, NULL, '北京军区三门诊社区服务中心', NULL, NULL, NULL, NULL, '北京市淇霖销售管理有限公司', 0, 0, NULL, '10'),
	(11, 1, 2, 10, NULL, NULL, NULL, 5, NULL, 'ZCUS00011', NULL, NULL, '国防大学校医院', NULL, NULL, NULL, NULL, '北京市淇霖销售管理有限公司', 0, 0, NULL, '11'),
	(12, 1, 2, 15, NULL, NULL, NULL, 1, NULL, 'ZCUS00012', NULL, NULL, '泰达医院', NULL, NULL, NULL, NULL, '北京市淇霖销售管理有限公司', 0, 0, NULL, '12'),
	(13, 1, 2, 15, NULL, NULL, NULL, 3, NULL, 'ZCUS00013', NULL, NULL, '天津滨海东江医院', NULL, NULL, NULL, NULL, '北京市淇霖销售管理有限公司', 0, 0, NULL, '13'),
	(14, 1, 2, 15, NULL, NULL, NULL, 1, NULL, 'ZCUS00014', NULL, NULL, '天津人民医院', NULL, NULL, NULL, NULL, '北京市淇霖销售管理有限公司', 0, 0, NULL, '14'),
	(15, 1, 2, 15, NULL, NULL, NULL, 1, NULL, 'ZCUS00015', NULL, NULL, '天津市口腔医院', NULL, NULL, NULL, NULL, '北京市淇霖销售管理有限公司', 0, 0, NULL, '15'),
	(16, 1, 2, 15, NULL, NULL, NULL, 1, NULL, 'ZCUS00016', NULL, NULL, '天津医院', NULL, NULL, NULL, NULL, '北京市淇霖销售管理有限公司', 0, 0, NULL, '16'),
	(17, 1, 2, 15, NULL, NULL, NULL, 4, NULL, 'ZCUS00017', NULL, NULL, '天津中北镇社区服务中心', NULL, NULL, NULL, NULL, '北京市淇霖销售管理有限公司', 0, 0, NULL, '17'),
	(18, 1, 2, 10, NULL, NULL, NULL, 5, NULL, 'ZCUS00018', NULL, NULL, '中国解放军301医院', NULL, NULL, NULL, NULL, '北京市淇霖销售管理有限公司', 0, 0, NULL, '18'),
	(19, 1, 1, 3, NULL, NULL, NULL, 3, NULL, 'ZCUS00019', NULL, NULL, '湖北十堰郧西县人民医院', NULL, NULL, NULL, NULL, '北京市淇霖销售管理有限公司', 0, 0, NULL, '19'),
	(20, 1, 1, 8, NULL, NULL, NULL, 7, NULL, 'ZCUS00020', NULL, NULL, '南宁梁芳丽口腔诊所', NULL, NULL, NULL, NULL, '北京市淇霖销售管理有限公司', 0, 0, NULL, '20'),
	(21, 1, 1, 3, NULL, NULL, NULL, 7, NULL, 'ZCUS00021', NULL, NULL, '武汉天姿口腔门诊', NULL, NULL, NULL, NULL, '北京市淇霖销售管理有限公司', 0, 0, NULL, '21'),
	(22, 1, 1, 3, NULL, NULL, NULL, 1, NULL, 'ZCUS00022', NULL, NULL, '宜昌市中心人民医院', NULL, NULL, NULL, NULL, '北京市淇霖销售管理有限公司', 0, 0, NULL, '22'),
	(23, 1, 1, 1, NULL, NULL, NULL, 7, NULL, 'ZCUS00023', NULL, NULL, 'Global Dental 儿童诊所', NULL, NULL, NULL, NULL, '北京市淇霖销售管理有限公司', 0, 0, NULL, '23'),
	(24, 1, 1, 1, NULL, NULL, NULL, 7, NULL, 'ZCUS00024', NULL, NULL, '大都会国际牙科中心', NULL, NULL, NULL, NULL, '北京市淇霖销售管理有限公司', 0, 0, NULL, '24'),
	(25, 1, 1, 1, NULL, NULL, NULL, 7, NULL, 'ZCUS00025', NULL, NULL, '佛山崔医生牙科', NULL, NULL, NULL, NULL, '北京市淇霖销售管理有限公司', 0, 0, NULL, '25'),
	(26, 1, 1, 1, NULL, NULL, NULL, 1, NULL, 'ZCUS00026', NULL, NULL, '佛山市口腔医院', NULL, NULL, NULL, NULL, '北京市淇霖销售管理有限公司', 0, 0, NULL, '26'),
	(27, 1, 1, 1, NULL, NULL, NULL, 7, NULL, 'ZCUS00027', NULL, NULL, '佛山天博瑞口腔', NULL, NULL, NULL, NULL, '北京市淇霖销售管理有限公司', 0, 0, NULL, '27'),
	(28, 1, 1, 1, NULL, NULL, NULL, 6, NULL, 'ZCUS00028', NULL, NULL, '佛山向阳医院', NULL, NULL, NULL, NULL, '北京市淇霖销售管理有限公司', 0, 0, NULL, '28'),
	(29, 1, 1, 1, NULL, NULL, NULL, 6, NULL, 'ZCUS00029', NULL, NULL, '广东协大口腔医院', NULL, NULL, NULL, NULL, '北京市淇霖销售管理有限公司', 0, 0, NULL, '29'),
	(30, 1, 1, 1, NULL, NULL, NULL, 6, NULL, 'ZCUS00030', NULL, NULL, '恒大中心', NULL, NULL, NULL, NULL, '北京市淇霖销售管理有限公司', 0, 0, NULL, '30'),
	(31, 1, 1, 1, NULL, NULL, NULL, 7, NULL, 'ZCUS00031', NULL, NULL, '南海永福口腔', NULL, NULL, NULL, NULL, '北京市淇霖销售管理有限公司', 0, 0, NULL, '31'),
	(32, 1, 1, 1, NULL, NULL, NULL, 7, NULL, 'ZCUS00032', NULL, NULL, '祈福医院', NULL, NULL, NULL, NULL, '北京市淇霖销售管理有限公司', 0, 0, NULL, '32'),
	(33, 1, 1, 1, NULL, NULL, NULL, 1, NULL, 'ZCUS00033', NULL, NULL, '清远市妇幼保健院', NULL, NULL, NULL, NULL, '北京市淇霖销售管理有限公司', 0, 0, NULL, '33'),
	(34, 1, 1, 1, NULL, NULL, NULL, 7, NULL, 'ZCUS00034', NULL, NULL, '若德口腔门诊', NULL, NULL, NULL, NULL, '北京市淇霖销售管理有限公司', 0, 0, NULL, '34'),
	(35, 1, 1, 1, NULL, NULL, NULL, 7, NULL, 'ZCUS00035', NULL, NULL, '信宜口腔门诊医院', NULL, NULL, NULL, NULL, '北京市淇霖销售管理有限公司', 0, 0, NULL, '35'),
	(36, 1, 1, 25, NULL, NULL, NULL, 4, NULL, 'ZCUS00036', NULL, NULL, '成都瑞泰口腔医院', NULL, NULL, NULL, NULL, '北京市淇霖销售管理有限公司', 0, 0, NULL, '36'),
	(37, 1, 1, 25, NULL, NULL, NULL, 6, NULL, 'ZCUS00037', NULL, NULL, '成都温江劲游牙科', NULL, NULL, NULL, NULL, '北京市淇霖销售管理有限公司', 0, 0, NULL, '37'),
	(38, 1, 1, 25, NULL, NULL, NULL, 3, NULL, 'ZCUS00038', NULL, NULL, '成都医学院附属医院', NULL, NULL, NULL, NULL, '北京市淇霖销售管理有限公司', 0, 0, NULL, '38'),
	(39, 1, 1, 25, NULL, NULL, NULL, 6, NULL, 'ZCUS00039', NULL, NULL, '华西口腔种植医院', NULL, NULL, NULL, NULL, '北京市淇霖销售管理有限公司', 0, 0, NULL, '39'),
	(40, 1, 1, 25, NULL, NULL, NULL, 7, NULL, 'ZCUS00040', NULL, NULL, '乐山梁医生诊所', NULL, NULL, NULL, NULL, '北京市淇霖销售管理有限公司', 0, 0, NULL, '40'),
	(41, 1, 1, 25, NULL, NULL, NULL, 6, NULL, 'ZCUS00041', NULL, NULL, '眉山市青神悦尔口腔', NULL, NULL, NULL, NULL, '北京市淇霖销售管理有限公司', 0, 0, NULL, '41'),
	(42, 1, 1, 25, NULL, NULL, NULL, 2, NULL, 'ZCUS00042', NULL, NULL, '眉山市中医院', NULL, NULL, NULL, NULL, '北京市淇霖销售管理有限公司', 0, 0, NULL, '42'),
	(43, 1, 1, 25, NULL, NULL, NULL, 3, NULL, 'ZCUS00043', NULL, NULL, '汶川县人民医院', NULL, NULL, NULL, NULL, '北京市淇霖销售管理有限公司', 0, 0, NULL, '43'),
	(44, 1, 1, 1, NULL, NULL, NULL, 6, NULL, 'ZCUS00044', NULL, NULL, '拜博口腔深圳事业部', NULL, NULL, NULL, NULL, '北京市淇霖销售管理有限公司', 0, 0, NULL, '44'),
	(45, 1, 1, 1, NULL, NULL, NULL, 6, NULL, 'ZCUS00045', NULL, NULL, '福华中西医院', NULL, NULL, NULL, NULL, '北京市淇霖销售管理有限公司', 0, 0, NULL, '45'),
	(46, 1, 1, 1, NULL, NULL, NULL, 7, NULL, 'ZCUS00046', NULL, NULL, '林耿真口腔诊所', NULL, NULL, NULL, NULL, '北京市淇霖销售管理有限公司', 0, 0, NULL, '46'),
	(47, 1, 1, 1, NULL, NULL, NULL, 3, NULL, 'ZCUS00047', NULL, NULL, '梅州市大埔县人民医院', NULL, NULL, NULL, NULL, '北京市淇霖销售管理有限公司', 0, 0, NULL, '47'),
	(48, 1, 1, 1, NULL, NULL, NULL, 7, NULL, 'ZCUS00048', NULL, NULL, '汕头市潮阳区郑则洪口腔诊所', NULL, NULL, NULL, NULL, '北京市淇霖销售管理有限公司', 0, 0, NULL, '48'),
	(49, 1, 1, 1, NULL, NULL, NULL, 2, NULL, 'ZCUS00049', NULL, NULL, '深圳市龙华人民医院', NULL, NULL, NULL, NULL, '北京市淇霖销售管理有限公司', 0, 0, NULL, '49'),
	(50, 1, 1, 1, NULL, NULL, NULL, 3, NULL, 'ZCUS00050', NULL, NULL, '深圳市南山区西丽人民医院', NULL, NULL, NULL, NULL, '北京市淇霖销售管理有限公司', 0, 0, NULL, '50'),
	(51, 1, 1, 1, NULL, NULL, NULL, 3, NULL, 'ZCUS00051', NULL, NULL, '兴宁市人民医院', NULL, NULL, NULL, NULL, '北京市淇霖销售管理有限公司', 0, 0, NULL, '51'),
	(52, 1, 1, 1, NULL, NULL, NULL, 7, NULL, 'ZCUS00052', NULL, NULL, '友睦齿科', NULL, NULL, NULL, NULL, '北京市淇霖销售管理有限公司', 0, 0, NULL, '52'),
	(53, 1, 1, 1, NULL, NULL, NULL, 3, NULL, 'ZCUS00053', NULL, NULL, '珠海市口腔医院', NULL, NULL, NULL, NULL, '北京市淇霖销售管理有限公司', 0, 0, NULL, '53'),
	(54, 1, 1, 31, NULL, NULL, NULL, 7, NULL, 'ZCUS00054', NULL, NULL, '常州北极星口腔门诊部', NULL, NULL, NULL, NULL, '北京市淇霖销售管理有限公司', 0, 0, NULL, '54'),
	(55, 1, 1, 29, NULL, NULL, NULL, 6, NULL, 'ZCUS00055', NULL, NULL, '峰江街道社区卫生服务中心', NULL, NULL, NULL, NULL, '北京市淇霖销售管理有限公司', 0, 0, NULL, '55'),
	(56, 1, 1, 31, NULL, NULL, NULL, 4, NULL, 'ZCUS00056', NULL, NULL, '海安县人民医院', NULL, NULL, NULL, NULL, '北京市淇霖销售管理有限公司', 0, 0, NULL, '56'),
	(57, 1, 1, 29, NULL, NULL, NULL, 7, NULL, 'ZCUS00057', NULL, NULL, '杭州高技街口腔', NULL, NULL, NULL, NULL, '北京市淇霖销售管理有限公司', 0, 0, NULL, '57'),
	(58, 1, 1, 29, NULL, NULL, NULL, 1, NULL, 'ZCUS00058', NULL, NULL, '湖州市第一人民医院', NULL, NULL, NULL, NULL, '北京市淇霖销售管理有限公司', 0, 0, NULL, '58'),
	(59, 1, 1, 29, NULL, NULL, NULL, 1, NULL, 'ZCUS00059', NULL, NULL, '湖州市中心医院', NULL, NULL, NULL, NULL, '北京市淇霖销售管理有限公司', 0, 0, NULL, '59'),
	(60, 1, 1, 31, NULL, NULL, NULL, 7, NULL, 'ZCUS00060', NULL, NULL, '键卫口腔', NULL, NULL, NULL, NULL, '北京市淇霖销售管理有限公司', 0, 0, NULL, '60'),
	(61, 1, 1, 31, NULL, NULL, NULL, 1, NULL, 'ZCUS00061', NULL, NULL, '江苏省人民医院', NULL, NULL, NULL, NULL, '北京市淇霖销售管理有限公司', 0, 0, NULL, '61'),
	(62, 1, 1, 31, NULL, NULL, NULL, 7, NULL, 'ZCUS00062', NULL, NULL, '靖江牙博士口腔门诊', NULL, NULL, NULL, NULL, '北京市淇霖销售管理有限公司', 0, 0, NULL, '62'),
	(63, 1, 1, 31, NULL, NULL, NULL, 3, NULL, 'ZCUS00063', NULL, NULL, '迈皋桥医院', NULL, NULL, NULL, NULL, '北京市淇霖销售管理有限公司', 0, 0, NULL, '63'),
	(64, 1, 1, 31, NULL, NULL, NULL, 1, NULL, 'ZCUS00064', NULL, NULL, '南京市口腔医院', NULL, NULL, NULL, NULL, '北京市淇霖销售管理有限公司', 0, 0, NULL, '64'),
	(65, 1, 1, 31, NULL, NULL, NULL, 6, NULL, 'ZCUS00065', NULL, NULL, '南京天使口腔门诊', NULL, NULL, NULL, NULL, '北京市淇霖销售管理有限公司', 0, 0, NULL, '65'),
	(66, 1, 1, 31, NULL, NULL, NULL, 1, NULL, 'ZCUS00066', NULL, NULL, '南通市口腔医院', NULL, NULL, NULL, NULL, '北京市淇霖销售管理有限公司', 0, 0, NULL, '66'),
	(67, 1, 1, 29, NULL, NULL, NULL, 6, NULL, 'ZCUS00067', NULL, NULL, '宁海口腔医院', NULL, NULL, NULL, NULL, '北京市淇霖销售管理有限公司', 0, 0, NULL, '67'),
	(68, 1, 1, 31, NULL, NULL, NULL, 7, NULL, 'ZCUS00068', NULL, NULL, '山德齿科', NULL, NULL, NULL, NULL, '北京市淇霖销售管理有限公司', 0, 0, NULL, '68'),
	(69, 1, 1, 29, NULL, NULL, NULL, 3, NULL, 'ZCUS00069', NULL, NULL, '上虞人民医院', NULL, NULL, NULL, NULL, '北京市淇霖销售管理有限公司', 0, 0, NULL, '69'),
	(70, 1, 1, 31, NULL, NULL, NULL, 4, NULL, 'ZCUS00070', NULL, NULL, '苏州工业园区星海医院', NULL, NULL, NULL, NULL, '北京市淇霖销售管理有限公司', 0, 0, NULL, '70'),
	(71, 1, 1, 31, NULL, NULL, NULL, 2, NULL, 'ZCUS00071', NULL, NULL, '苏州市高新区科技城医院', NULL, NULL, NULL, NULL, '北京市淇霖销售管理有限公司', 0, 0, NULL, '71'),
	(72, 1, 1, 31, NULL, NULL, NULL, 3, NULL, 'ZCUS00072', NULL, NULL, '苏州市吴中区人民医院', NULL, NULL, NULL, NULL, '北京市淇霖销售管理有限公司', 0, 0, NULL, '72'),
	(73, 1, 1, 29, NULL, NULL, NULL, 1, NULL, 'ZCUS00073', NULL, NULL, '台州医院路桥分院', NULL, NULL, NULL, NULL, '北京市淇霖销售管理有限公司', 0, 0, NULL, '73'),
	(74, 1, 1, 29, NULL, NULL, NULL, 7, NULL, 'ZCUS00074', NULL, NULL, '温岭郎德口腔门诊', NULL, NULL, NULL, NULL, '北京市淇霖销售管理有限公司', 0, 0, NULL, '74'),
	(75, 1, 1, 29, NULL, NULL, NULL, 1, NULL, 'ZCUS00075', NULL, NULL, '温州医科大学附属口腔医院', NULL, NULL, NULL, NULL, '北京市淇霖销售管理有限公司', 0, 0, NULL, '75'),
	(76, 1, 1, 29, NULL, NULL, NULL, 1, NULL, 'ZCUS00076', NULL, NULL, '温州医科大学温州市第三临床学院', NULL, NULL, NULL, NULL, '北京市淇霖销售管理有限公司', 0, 0, NULL, '76'),
	(77, 1, 1, 31, NULL, NULL, NULL, 5, NULL, 'ZCUS00077', NULL, NULL, '无锡101医院', NULL, NULL, NULL, NULL, '北京市淇霖销售管理有限公司', 0, 0, NULL, '77'),
	(78, 1, 1, 31, NULL, NULL, NULL, 7, NULL, 'ZCUS00078', NULL, NULL, '无锡爱牙口腔', NULL, NULL, NULL, NULL, '北京市淇霖销售管理有限公司', 0, 0, NULL, '78'),
	(79, 1, 1, 31, NULL, NULL, NULL, 6, NULL, 'ZCUS00079', NULL, NULL, '无锡电力疗养院', NULL, NULL, NULL, NULL, '北京市淇霖销售管理有限公司', 0, 0, NULL, '79'),
	(80, 1, 1, 31, NULL, NULL, NULL, 7, NULL, 'ZCUS00080', NULL, NULL, '无锡冯友伟口腔', NULL, NULL, NULL, NULL, '北京市淇霖销售管理有限公司', 0, 0, NULL, '80'),
	(81, 1, 1, 29, NULL, NULL, NULL, 2, NULL, 'ZCUS00081', NULL, NULL, '萧山中医院', NULL, NULL, NULL, NULL, '北京市淇霖销售管理有限公司', 0, 0, NULL, '81'),
	(82, 1, 1, 31, NULL, NULL, NULL, 2, NULL, 'ZCUS00082', NULL, NULL, '张家港市人民医院', NULL, NULL, NULL, NULL, '北京市淇霖销售管理有限公司', 0, 0, NULL, '82'),
	(83, 1, 1, 31, NULL, NULL, NULL, 1, NULL, 'ZCUS00083', NULL, NULL, '镇江第一人民医院', NULL, NULL, NULL, NULL, '北京市淇霖销售管理有限公司', 0, 0, NULL, '83'),
	(84, 1, 1, 31, NULL, NULL, NULL, 3, NULL, 'ZCUS00084', NULL, NULL, '镇江口腔医院', NULL, NULL, NULL, NULL, '北京市淇霖销售管理有限公司', 0, 0, NULL, '84'),
	(85, 1, 1, 29, NULL, NULL, NULL, 7, NULL, 'ZCUS00085', NULL, NULL, '郑博口腔门诊部', NULL, NULL, NULL, NULL, '北京市淇霖销售管理有限公司', 0, 0, NULL, '85'),
	(86, 1, 2, 10, NULL, NULL, NULL, 7, NULL, 'ZCUS00086', NULL, NULL, '北京嘉信泽洋口腔诊所', NULL, NULL, NULL, NULL, '北京市淇霖销售管理有限公司', 0, 0, NULL, '86'),
	(87, 1, 2, 10, NULL, NULL, NULL, 6, NULL, 'ZCUS00087', NULL, NULL, '韩亮口腔诊所', NULL, NULL, NULL, NULL, '北京市淇霖销售管理有限公司', 0, 0, NULL, '87'),
	(88, 1, 2, 10, NULL, NULL, NULL, 6, NULL, 'ZCUS00088', NULL, NULL, '明德医院', NULL, NULL, NULL, NULL, '北京市淇霖销售管理有限公司', 0, 0, NULL, '88'),
	(89, 1, 2, 10, NULL, NULL, NULL, 1, NULL, 'ZCUS00090', NULL, NULL, '北京朝阳医院', NULL, NULL, NULL, NULL, '北京市淇霖销售管理有限公司', 0, 0, NULL, '90'),
	(90, 1, 2, 10, NULL, NULL, NULL, 1, NULL, 'ZCUS00091', NULL, NULL, '北京儿童医院', NULL, NULL, NULL, NULL, '北京市淇霖销售管理有限公司', 0, 0, NULL, '91'),
	(91, 1, 2, 10, NULL, NULL, NULL, 1, NULL, 'ZCUS00092', NULL, NULL, '北京航天中心医院(721医院)', NULL, NULL, NULL, NULL, '北京市淇霖销售管理有限公司', 0, 0, NULL, '92'),
	(92, 1, 2, 10, NULL, NULL, NULL, 1, NULL, 'ZCUS00093', NULL, NULL, '北京市口腔医院', NULL, NULL, NULL, NULL, '北京市淇霖销售管理有限公司', 0, 0, NULL, '93'),
	(93, 1, 2, 10, NULL, NULL, NULL, 1, NULL, 'ZCUS00094', NULL, NULL, '北京协和医院', NULL, NULL, NULL, NULL, '北京市淇霖销售管理有限公司', 0, 0, NULL, '94'),
	(94, 1, 2, 10, NULL, NULL, NULL, 1, NULL, 'ZCUS00095', NULL, NULL, '北京中日友好医院', NULL, NULL, NULL, NULL, '北京市淇霖销售管理有限公司', 0, 0, NULL, '95'),
	(95, 1, 2, 10, NULL, NULL, NULL, 4, NULL, 'ZCUS00096', NULL, NULL, '朝阳区社区卫生服务管理中心', NULL, NULL, NULL, NULL, '北京市淇霖销售管理有限公司', 0, 0, NULL, '96'),
	(96, 1, 2, 10, NULL, NULL, NULL, 7, NULL, 'ZCUS00097', NULL, NULL, '欢乐口腔', NULL, NULL, NULL, NULL, '北京市淇霖销售管理有限公司', 0, 0, NULL, '97'),
	(97, 1, 1, 31, NULL, NULL, NULL, 6, NULL, 'ZCUS00098', NULL, NULL, '淮安诺贝尔口腔医院', NULL, NULL, NULL, NULL, '北京市淇霖销售管理有限公司', 0, 0, NULL, '98'),
	(98, 1, 1, 31, NULL, NULL, NULL, 1, NULL, 'ZCUS00099', NULL, NULL, '江苏省中医院', NULL, NULL, NULL, NULL, '北京市淇霖销售管理有限公司', 0, 0, NULL, '99'),
	(99, 1, 1, 31, NULL, NULL, NULL, 3, NULL, 'ZCUS00100', NULL, NULL, '连云港妇幼保健医院', NULL, NULL, NULL, NULL, '北京市淇霖销售管理有限公司', 0, 0, NULL, '100'),
	(100, 1, 1, 31, NULL, NULL, NULL, 2, NULL, 'ZCUS00101', NULL, NULL, '涟水县人民医院', NULL, NULL, NULL, NULL, '北京市淇霖销售管理有限公司', 0, 0, NULL, '101'),
	(101, 1, 1, 31, NULL, NULL, NULL, 5, NULL, 'ZCUS00102', NULL, NULL, '南京军区南京药品器材供应站', NULL, NULL, NULL, NULL, '北京市淇霖销售管理有限公司', 0, 0, NULL, '102'),
	(102, 1, 1, 31, NULL, NULL, NULL, 4, NULL, 'ZCUS00103', NULL, NULL, '南京浦口中医院', NULL, NULL, NULL, NULL, '北京市淇霖销售管理有限公司', 0, 0, NULL, '103'),
	(103, 1, 1, 31, NULL, NULL, NULL, 5, NULL, 'ZCUS00104', NULL, NULL, '南京市武警医院', NULL, NULL, NULL, NULL, '北京市淇霖销售管理有限公司', 0, 0, NULL, '104'),
	(104, 1, 1, 31, NULL, NULL, NULL, 6, NULL, 'ZCUS00105', NULL, NULL, '泗阳胡氏口腔医院', NULL, NULL, NULL, NULL, '北京市淇霖销售管理有限公司', 0, 0, NULL, '105'),
	(105, 1, 1, 31, NULL, NULL, NULL, 3, NULL, 'ZCUS00106', NULL, NULL, '泗阳县中医院', NULL, NULL, NULL, NULL, '北京市淇霖销售管理有限公司', 0, 0, NULL, '106'),
	(106, 1, 1, 31, NULL, NULL, NULL, 4, NULL, 'ZCUS00107', NULL, NULL, '熊猫集团医院', NULL, NULL, NULL, NULL, '北京市淇霖销售管理有限公司', 0, 0, NULL, '107'),
	(107, 1, 1, 31, NULL, NULL, NULL, 1, NULL, 'ZCUS00108', NULL, NULL, '宿迁第一人民医院', NULL, NULL, NULL, NULL, '北京市淇霖销售管理有限公司', 0, 0, NULL, '108'),
	(108, 1, 1, 31, NULL, NULL, NULL, 6, NULL, 'ZCUS00109', NULL, NULL, '徐州沛县口腔医院', NULL, NULL, NULL, NULL, '北京市淇霖销售管理有限公司', 0, 0, NULL, '109'),
	(109, 1, 1, 31, NULL, NULL, NULL, 3, NULL, 'ZCUS00110', NULL, NULL, '扬州高邮市中医院', NULL, NULL, NULL, NULL, '北京市淇霖销售管理有限公司', 0, 0, NULL, '110'),
	(110, 1, 2, 19, NULL, NULL, NULL, 7, NULL, 'ZCUS00122', NULL, NULL, '韩大夫口腔', NULL, NULL, NULL, NULL, '北京市淇霖销售管理有限公司', 0, 0, NULL, '122'),
	(111, 1, 2, 19, NULL, NULL, NULL, 2, NULL, 'ZCUS00123', NULL, NULL, '陕西户县森工医院', NULL, NULL, NULL, NULL, '北京市淇霖销售管理有限公司', 0, 0, NULL, '123'),
	(112, 1, 2, 19, NULL, NULL, NULL, 6, NULL, 'ZCUS00124', NULL, NULL, '西安爱雅口腔医院', NULL, NULL, NULL, NULL, '北京市淇霖销售管理有限公司', 0, 0, NULL, '124'),
	(113, 1, 2, 19, NULL, NULL, NULL, 6, NULL, 'ZCUS00125', NULL, NULL, '西安拜博920口腔', NULL, NULL, NULL, NULL, '北京市淇霖销售管理有限公司', 0, 0, NULL, '125'),
	(114, 1, 2, 19, NULL, NULL, NULL, 3, NULL, 'ZCUS00126', NULL, NULL, '西安第8医院', NULL, NULL, NULL, NULL, '北京市淇霖销售管理有限公司', 0, 0, NULL, '126'),
	(115, 1, 2, 19, NULL, NULL, NULL, 7, NULL, 'ZCUS00127', NULL, NULL, '西安欢乐口腔', NULL, NULL, NULL, NULL, '北京市淇霖销售管理有限公司', 0, 0, NULL, '127'),
	(116, 1, 2, 19, NULL, NULL, NULL, 7, NULL, 'ZCUS00128', NULL, NULL, '西安联帮口腔', NULL, NULL, NULL, NULL, '北京市淇霖销售管理有限公司', 0, 0, NULL, '128'),
	(117, 1, 2, 19, NULL, NULL, NULL, 3, NULL, 'ZCUS00129', NULL, NULL, '西安市第5医院', NULL, NULL, NULL, NULL, '北京市淇霖销售管理有限公司', 0, 0, NULL, '129'),
	(118, 1, 2, 19, NULL, NULL, NULL, 2, NULL, 'ZCUS00130', NULL, NULL, '西安市中心医院', NULL, NULL, NULL, NULL, '北京市淇霖销售管理有限公司', 0, 0, NULL, '130'),
	(119, 1, 2, 19, NULL, NULL, NULL, 6, NULL, 'ZCUS00131', NULL, NULL, '西安优意口腔医院中视野CT', NULL, NULL, NULL, NULL, '北京市淇霖销售管理有限公司', 0, 0, NULL, '131'),
	(120, 1, 2, 19, NULL, NULL, NULL, 1, NULL, 'ZCUS00133', NULL, NULL, '延安大学附属医院', NULL, NULL, NULL, NULL, '北京市淇霖销售管理有限公司', 0, 0, NULL, '133'),
	(121, 1, 1, 1, NULL, NULL, NULL, 1, NULL, 'CUS835493', NULL, NULL, '湖北十堰郧西县人民医院111', '', '', '', '', '12', 0, 0, '', NULL),
	(122, 1, 1, 1, NULL, NULL, NULL, 1, NULL, 'CUS998701', NULL, NULL, 'aaa', '', '', '', '', 'aa', 0, 0, '', NULL),
	(123, 1, 1, 1, NULL, NULL, NULL, 1, NULL, 'CUS169477', NULL, NULL, 'bbb', '', '', '', '', 'bbb', 0, 0, '', NULL);
/*!40000 ALTER TABLE `customer` ENABLE KEYS */;

-- 导出  表 vsms.customercontact 结构
DROP TABLE IF EXISTS `customercontact`;
CREATE TABLE IF NOT EXISTS `customercontact` (
  `id` int(10) NOT NULL AUTO_INCREMENT COMMENT 'ID',
  `customerid` int(10) DEFAULT NULL COMMENT '客户id',
  `fullname` varchar(500) DEFAULT NULL COMMENT '姓名',
  `sex` tinyint(1) DEFAULT NULL COMMENT '性别：0-女，1-男',
  `tel` varchar(500) DEFAULT NULL COMMENT '电话',
  `mobile` varchar(500) DEFAULT NULL COMMENT '手机',
  `fax` varchar(500) DEFAULT NULL COMMENT '传真',
  `birthdaytype` tinyint(1) DEFAULT NULL COMMENT '农历阳历：0-农历，1-阳历',
  `birthday` date DEFAULT NULL COMMENT '生日',
  `email` varchar(500) DEFAULT NULL COMMENT '邮箱',
  `qq` varchar(500) DEFAULT NULL COMMENT 'QQ号',
  `wechat` varchar(500) DEFAULT NULL COMMENT '微信号',
  `position` varchar(500) DEFAULT NULL COMMENT '职位',
  `depart` varchar(500) DEFAULT NULL COMMENT '部门',
  `addr` varchar(500) DEFAULT NULL COMMENT '地址',
  `remark` text COMMENT '备注',
  `createrid` int(10) DEFAULT NULL COMMENT '创建人id',
  `createdatetime` datetime DEFAULT NULL COMMENT '创建时间',
  `ownerid` int(10) DEFAULT NULL COMMENT '所属人id',
  `isdimission` tinyint(1) DEFAULT NULL COMMENT '是否离职：0-否，1-是',
  `isdelete` tinyint(1) DEFAULT NULL COMMENT '是否删除：0-否，1-是',
  `importreferid` varchar(200) DEFAULT NULL COMMENT '导入引用id',
  PRIMARY KEY (`id`),
  UNIQUE KEY `importreferid` (`importreferid`)
) ENGINE=InnoDB DEFAULT CHARSET=utf8 COMMENT='客户联系人表';

-- 正在导出表  vsms.customercontact 的数据：~130 rows (大约)
/*!40000 ALTER TABLE `customercontact` DISABLE KEYS */;
INSERT INTO `customercontact` (`id`, `customerid`, `fullname`, `sex`, `tel`, `mobile`, `fax`, `birthdaytype`, `birthday`, `email`, `qq`, `wechat`, `position`, `depart`, `addr`, `remark`, `createrid`, `createdatetime`, `ownerid`, `isdimission`, `isdelete`, `importreferid`) VALUES
	(1, 1, '肖道春', 1, '88888888', '13666668888', '66666666', 1, NULL, 'demo@ql-crm.com', NULL, NULL, '医生', '口腔科', NULL, NULL, 6, '2017-08-23 10:25:56', 6, 0, 0, '1'),
	(2, 2, '姚雷雷', 0, '88888888', '13666668888', '66666666', 1, NULL, 'demo@ql-crm.com', NULL, NULL, '医生', '口腔科', NULL, NULL, 6, '2017-08-23 10:25:56', 6, 0, 0, '2'),
	(3, 3, '田树宏', 1, '88888888', '13666668888', '66666666', 1, NULL, 'demo@ql-crm.com', NULL, NULL, '医生', '口腔科', NULL, NULL, 6, '2017-08-23 10:25:56', 6, 0, 0, '3'),
	(4, 4, '杨海华', 0, '88888888', '13666668888', '66666666', 1, NULL, 'demo@ql-crm.com', NULL, NULL, '医生', '口腔科', NULL, NULL, 6, '2017-08-23 10:25:56', 6, 0, 0, '4'),
	(5, 5, '水新荣', 1, '88888888', '13666668888', '66666666', 1, NULL, 'demo@ql-crm.com', NULL, NULL, '医生', '口腔科', NULL, NULL, 6, '2017-08-23 10:25:56', 6, 0, 0, '5'),
	(6, 6, '许春敏', 1, '88888888', '13666668888', '66666666', 1, NULL, 'demo@ql-crm.com', NULL, NULL, '医生', '口腔科', NULL, NULL, 6, '2017-08-23 10:25:56', 6, 0, 0, '6'),
	(7, 7, '倪春飞', 1, '88888888', '13666668888', '66666666', 1, NULL, 'demo@ql-crm.com', NULL, NULL, '医生', '口腔科', NULL, NULL, 6, '2017-08-23 10:25:56', 6, 0, 0, '7'),
	(8, 8, '殷博', 1, '88888888', '13666668888', '66666666', 1, NULL, 'demo@ql-crm.com', NULL, NULL, '医生', '口腔科', NULL, NULL, 6, '2017-08-23 10:25:56', 6, 0, 0, '8'),
	(9, 9, '李从全', 1, '88888888', '13666668888', '66666666', 1, NULL, 'demo@ql-crm.com', NULL, NULL, '医生', '口腔科', NULL, NULL, 6, '2017-08-23 10:25:56', 6, 0, 0, '9'),
	(10, 10, '严茂军', 1, '88888888', '13666668888', '66666666', 1, NULL, 'demo@ql-crm.com', NULL, NULL, '医生', '口腔科', NULL, NULL, 6, '2017-08-23 10:25:56', 6, 0, 0, '10'),
	(11, 11, '郑圣平', 1, '88888888', '13666668888', '66666666', 1, NULL, 'demo@ql-crm.com', NULL, NULL, '医生', '口腔科', NULL, NULL, 6, '2017-08-23 10:25:56', 6, 0, 0, '11'),
	(12, 12, '韩寅驰', 1, '88888888', '13666668888', '66666666', 1, NULL, 'demo@ql-crm.com', NULL, NULL, '医生', '口腔科', NULL, NULL, 6, '2017-08-23 10:25:56', 6, 0, 0, '12'),
	(13, 13, '蔡东春', 1, '88888888', '13666668888', '66666666', 1, NULL, 'demo@ql-crm.com', NULL, NULL, '医生', '口腔科', NULL, NULL, 6, '2017-08-23 10:25:56', 6, 0, 0, '13'),
	(14, 14, '吴金金', 0, '88888888', '13666668888', '66666666', 1, NULL, 'demo@ql-crm.com', NULL, NULL, '医生', '口腔科', NULL, NULL, 6, '2017-08-23 10:25:56', 6, 0, 0, '14'),
	(15, 15, '杨勇', 1, '88888888', '13666668888', '66666666', 1, NULL, 'demo@ql-crm.com', NULL, NULL, '医生', '口腔科', NULL, NULL, 6, '2017-08-23 10:25:56', 6, 0, 0, '15'),
	(16, 16, '詹初盛', 1, '88888888', '13666668888', '66666666', 1, NULL, 'demo@ql-crm.com', NULL, NULL, '医生', '口腔科', NULL, NULL, 6, '2017-08-23 10:25:56', 6, 0, 0, '16'),
	(17, 17, '何恒亮', 1, '88888888', '13666668888', '66666666', 1, NULL, 'demo@ql-crm.com', NULL, NULL, '医生', '口腔科', NULL, NULL, 6, '2017-08-23 10:25:56', 6, 0, 0, '17'),
	(18, 18, '夏仕培', 1, '88888888', '13666668888', '66666666', 1, NULL, 'demo@ql-crm.com', NULL, NULL, '医生', '口腔科', NULL, NULL, 6, '2017-08-23 10:25:56', 6, 0, 0, '18'),
	(19, 86, '凌毅', 1, '88888888', '13666668888', '66666666', 1, NULL, 'demo@ql-crm.com', NULL, NULL, '医生', '口腔科', NULL, NULL, 6, '2017-08-23 10:25:56', 6, 0, 0, '86'),
	(20, 87, '张乐君', 0, '88888888', '13666668888', '66666666', 1, NULL, 'demo@ql-crm.com', NULL, NULL, '医生', '口腔科', NULL, NULL, 6, '2017-08-23 10:25:56', 6, 0, 0, '87'),
	(21, 88, '梅炜炜', 1, '88888888', '13666668888', '66666666', 1, NULL, 'demo@ql-crm.com', NULL, NULL, '医生', '口腔科', NULL, NULL, 6, '2017-08-23 10:25:56', 6, 0, 0, '88'),
	(22, 89, '宋大贵', 1, '88888888', '13666668888', '66666666', 1, NULL, 'demo@ql-crm.com', NULL, NULL, '医生', '口腔科', NULL, NULL, 6, '2017-08-23 10:25:56', 6, 0, 0, '90'),
	(23, 90, '李从全', 1, '88888888', '13666668888', '66666666', 1, NULL, 'demo@ql-crm.com', NULL, NULL, '医生', '口腔科', NULL, NULL, 6, '2017-08-23 10:25:56', 6, 0, 0, '91'),
	(24, 91, '严茂军', 1, '88888888', '13666668888', '66666666', 1, NULL, 'demo@ql-crm.com', NULL, NULL, '医生', '口腔科', NULL, NULL, 6, '2017-08-23 10:25:56', 6, 0, 0, '92'),
	(25, 92, '郑圣平', 1, '88888888', '13666668888', '66666666', 1, NULL, 'demo@ql-crm.com', NULL, NULL, '医生', '口腔科', NULL, NULL, 6, '2017-08-23 10:25:56', 6, 0, 0, '93'),
	(26, 93, '韩寅驰', 1, '88888888', '13666668888', '66666666', 1, NULL, 'demo@ql-crm.com', NULL, NULL, '医生', '口腔科', NULL, NULL, 6, '2017-08-23 10:25:56', 6, 0, 0, '94'),
	(27, 94, '蔡东春', 1, '88888888', '13666668888', '66666666', 1, NULL, 'demo@ql-crm.com', NULL, NULL, '医生', '口腔科', NULL, NULL, 6, '2017-08-23 10:25:56', 6, 0, 0, '95'),
	(28, 95, '李光源', 1, '88888888', '13666668888', '66666666', 1, NULL, 'demo@ql-crm.com', NULL, NULL, '医生', '口腔科', NULL, NULL, 6, '2017-08-23 10:25:56', 6, 0, 0, '96'),
	(29, 96, '季雪峰', 1, '88888888', '13666668888', '66666666', 1, NULL, 'demo@ql-crm.com', NULL, NULL, '医生', '口腔科', NULL, NULL, 6, '2017-08-23 10:25:56', 6, 0, 0, '97'),
	(30, 110, '王大培', 1, '88888888', '13666668888', '66666666', 1, NULL, 'demo@ql-crm.com', NULL, NULL, '医生', '口腔科', NULL, NULL, 6, '2017-08-23 10:25:56', 6, 0, 0, '122'),
	(31, 111, '邓亮', 1, '88888888', '13666668888', '66666666', 1, NULL, 'demo@ql-crm.com', NULL, NULL, '医生', '口腔科', NULL, NULL, 6, '2017-08-23 10:25:56', 6, 0, 0, '123'),
	(32, 112, '毛瑜', 1, '88888888', '13666668888', '66666666', 1, NULL, 'demo@ql-crm.com', NULL, NULL, '医生', '口腔科', NULL, NULL, 6, '2017-08-23 10:25:56', 6, 0, 0, '124'),
	(33, 113, '梁源', 1, '88888888', '13666668888', '66666666', 1, NULL, 'demo@ql-crm.com', NULL, NULL, '医生', '口腔科', NULL, NULL, 6, '2017-08-23 10:25:56', 6, 0, 0, '125'),
	(34, 114, '严栋梁', 1, '88888888', '13666668888', '66666666', 1, NULL, 'demo@ql-crm.com', NULL, NULL, '医生', '口腔科', NULL, NULL, 6, '2017-08-23 10:25:56', 6, 0, 0, '126'),
	(35, 115, '庄国卫', 1, '88888888', '13666668888', '66666666', 1, NULL, 'demo@ql-crm.com', NULL, NULL, '医生', '口腔科', NULL, NULL, 6, '2017-08-23 10:25:56', 6, 0, 0, '127'),
	(36, 116, '夏斯洋', 1, '88888888', '13666668888', '66666666', 1, NULL, 'demo@ql-crm.com', NULL, NULL, '医生', '口腔科', NULL, NULL, 6, '2017-08-23 10:25:56', 6, 0, 0, '128'),
	(37, 117, '丁新胜', 1, '88888888', '13666668888', '66666666', 1, NULL, 'demo@ql-crm.com', NULL, NULL, '医生', '口腔科', NULL, NULL, 6, '2017-08-23 10:25:56', 6, 0, 0, '129'),
	(38, 118, '张巍', 1, '88888888', '13666668888', '66666666', 1, NULL, 'demo@ql-crm.com', NULL, NULL, '医生', '口腔科', NULL, NULL, 6, '2017-08-23 10:25:56', 6, 0, 0, '130'),
	(39, 119, '侯丽敏', 1, '88888888', '13666668888', '66666666', 1, NULL, 'demo@ql-crm.com', NULL, NULL, '医生', '口腔科', NULL, NULL, 6, '2017-08-23 10:25:56', 6, 0, 0, '131'),
	(40, 120, '郑圣平', 1, '88888888', '13666668888', '66666666', 1, NULL, 'demo@ql-crm.com', NULL, NULL, '医生', '口腔科', NULL, NULL, 6, '2017-08-23 10:25:56', 6, 0, 0, '133'),
	(41, 19, '苏海宁', 1, '88888888', '13666668888', '66666666', 1, NULL, 'demo@ql-crm.com', NULL, NULL, '医生', '口腔科', NULL, NULL, 5, '2017-08-23 10:25:56', 5, 0, 0, '19'),
	(42, 20, '孙林涛', 1, '88888888', '13666668888', '66666666', 1, NULL, 'demo@ql-crm.com', NULL, NULL, '医生', '口腔科', NULL, NULL, 5, '2017-08-23 10:25:56', 5, 0, 0, '20'),
	(43, 21, '江卫东', 1, '88888888', '13666668888', '66666666', 1, NULL, 'demo@ql-crm.com', NULL, NULL, '医生', '口腔科', NULL, NULL, 5, '2017-08-23 10:25:56', 5, 0, 0, '21'),
	(44, 22, '汪世航', 1, '88888888', '13666668888', '66666666', 1, NULL, 'demo@ql-crm.com', NULL, NULL, '医生', '口腔科', NULL, NULL, 5, '2017-08-23 10:25:56', 5, 0, 0, '22'),
	(45, 23, '田树宏', 1, '88888888', '13666668888', '66666666', 1, NULL, 'demo@ql-crm.com', NULL, NULL, '医生', '口腔科', NULL, NULL, 5, '2017-08-23 10:25:56', 5, 0, 0, '23'),
	(46, 24, '饶波', 1, '88888888', '13666668888', '66666666', 1, NULL, 'demo@ql-crm.com', NULL, NULL, '医生', '口腔科', NULL, NULL, 5, '2017-08-23 10:25:56', 5, 0, 0, '24'),
	(47, 25, '陈则劭', 1, '88888888', '13666668888', '66666666', 1, NULL, 'demo@ql-crm.com', NULL, NULL, '医生', '口腔科', NULL, NULL, 5, '2017-08-23 10:25:56', 5, 0, 0, '25'),
	(48, 26, '徐振华', 0, '88888888', '13666668888', '66666666', 1, NULL, 'demo@ql-crm.com', NULL, NULL, '医生', '口腔科', NULL, NULL, 5, '2017-08-23 10:25:56', 5, 0, 0, '26'),
	(49, 27, '李光源', 1, '88888888', '13666668888', '66666666', 1, NULL, 'demo@ql-crm.com', NULL, NULL, '医生', '口腔科', NULL, NULL, 5, '2017-08-23 10:25:56', 5, 0, 0, '27'),
	(50, 28, '季雪峰', 1, '88888888', '13666668888', '66666666', 1, NULL, 'demo@ql-crm.com', NULL, NULL, '医生', '口腔科', NULL, NULL, 5, '2017-08-23 10:25:56', 5, 0, 0, '28'),
	(51, 29, '童希明', 1, '88888888', '13666668888', '66666666', 1, NULL, 'demo@ql-crm.com', NULL, NULL, '医生', '口腔科', NULL, NULL, 5, '2017-08-23 10:25:56', 5, 0, 0, '29'),
	(52, 30, '韩国富', 1, '88888888', '13666668888', '66666666', 1, NULL, 'demo@ql-crm.com', NULL, NULL, '医生', '口腔科', NULL, NULL, 5, '2017-08-23 10:25:56', 5, 0, 0, '30'),
	(53, 31, '范琳辉', 1, '88888888', '13666668888', '66666666', 1, NULL, 'demo@ql-crm.com', NULL, NULL, '医生', '口腔科', NULL, NULL, 5, '2017-08-23 10:25:56', 5, 0, 0, '31'),
	(54, 32, '王建剑', 1, '88888888', '13666668888', '66666666', 1, NULL, 'demo@ql-crm.com', NULL, NULL, '医生', '口腔科', NULL, NULL, 5, '2017-08-23 10:25:56', 5, 0, 0, '32'),
	(55, 33, '王文俊', 1, '88888888', '13666668888', '66666666', 1, NULL, 'demo@ql-crm.com', NULL, NULL, '医生', '口腔科', NULL, NULL, 5, '2017-08-23 10:25:56', 5, 0, 0, '33'),
	(56, 34, '柳振华', 1, '88888888', '13666668888', '66666666', 1, NULL, 'demo@ql-crm.com', NULL, NULL, '医生', '口腔科', NULL, NULL, 5, '2017-08-23 10:25:56', 5, 0, 0, '34'),
	(57, 35, '宋道鹏', 1, '88888888', '13666668888', '66666666', 1, NULL, 'demo@ql-crm.com', NULL, NULL, '医生', '口腔科', NULL, NULL, 5, '2017-08-23 10:25:56', 5, 0, 0, '35'),
	(58, 44, '蔡红亮', 1, '88888888', '13666668888', '66666666', 1, NULL, 'demo@ql-crm.com', NULL, NULL, '医生', '口腔科', NULL, NULL, 5, '2017-08-23 10:25:56', 5, 0, 0, '44'),
	(59, 45, '蔡伟峰', 1, '88888888', '13666668888', '66666666', 1, NULL, 'demo@ql-crm.com', NULL, NULL, '医生', '口腔科', NULL, NULL, 5, '2017-08-23 10:25:56', 5, 0, 0, '45'),
	(60, 46, '郑晓亮', 1, '88888888', '13666668888', '66666666', 1, NULL, 'demo@ql-crm.com', NULL, NULL, '医生', '口腔科', NULL, NULL, 5, '2017-08-23 10:25:56', 5, 0, 0, '46'),
	(61, 47, '张金强', 1, '88888888', '13666668888', '66666666', 1, NULL, 'demo@ql-crm.com', NULL, NULL, '医生', '口腔科', NULL, NULL, 5, '2017-08-23 10:25:56', 5, 0, 0, '47'),
	(62, 48, '方冠飞', 1, '88888888', '13666668888', '66666666', 1, NULL, 'demo@ql-crm.com', NULL, NULL, '医生', '口腔科', NULL, NULL, 5, '2017-08-23 10:25:56', 5, 0, 0, '48'),
	(63, 49, '王晓峰', 1, '88888888', '13666668888', '66666666', 1, NULL, 'demo@ql-crm.com', NULL, NULL, '医生', '口腔科', NULL, NULL, 5, '2017-08-23 10:25:56', 5, 0, 0, '49'),
	(64, 50, '王春燕', 0, '88888888', '13666668888', '66666666', 1, NULL, 'demo@ql-crm.com', NULL, NULL, '医生', '口腔科', NULL, NULL, 5, '2017-08-23 10:25:56', 5, 0, 0, '50'),
	(65, 51, '张晏', 1, '88888888', '13666668888', '66666666', 1, NULL, 'demo@ql-crm.com', NULL, NULL, '医生', '口腔科', NULL, NULL, 5, '2017-08-23 10:25:56', 5, 0, 0, '51'),
	(66, 52, '赵儒勇', 1, '88888888', '13666668888', '66666666', 1, NULL, 'demo@ql-crm.com', NULL, NULL, '医生', '口腔科', NULL, NULL, 5, '2017-08-23 10:25:56', 5, 0, 0, '52'),
	(67, 53, '陈言惠', 1, '88888888', '13666668888', '66666666', 1, NULL, 'demo@ql-crm.com', NULL, NULL, '医生', '口腔科', NULL, NULL, 5, '2017-08-23 10:25:56', 5, 0, 0, '53'),
	(68, 97, '童希明', 1, '88888888', '13666668888', '66666666', 1, NULL, 'demo@ql-crm.com', NULL, NULL, '医生', '口腔科', NULL, NULL, 5, '2017-08-23 10:25:56', 5, 0, 0, '98'),
	(69, 98, '韩国富', 1, '88888888', '13666668888', '66666666', 1, NULL, 'demo@ql-crm.com', NULL, NULL, '医生', '口腔科', NULL, NULL, 5, '2017-08-23 10:25:56', 5, 0, 0, '99'),
	(70, 99, '范琳辉', 1, '88888888', '13666668888', '66666666', 1, NULL, 'demo@ql-crm.com', NULL, NULL, '医生', '口腔科', NULL, NULL, 5, '2017-08-23 10:25:56', 5, 0, 0, '100'),
	(71, 100, '王建剑', 1, '88888888', '13666668888', '66666666', 1, NULL, 'demo@ql-crm.com', NULL, NULL, '医生', '口腔科', NULL, NULL, 5, '2017-08-23 10:25:56', 5, 0, 0, '101'),
	(72, 101, '王文俊', 1, '88888888', '13666668888', '66666666', 1, NULL, 'demo@ql-crm.com', NULL, NULL, '医生', '口腔科', NULL, NULL, 5, '2017-08-23 10:25:56', 5, 0, 0, '102'),
	(73, 102, '柳振华', 1, '88888888', '13666668888', '66666666', 1, NULL, 'demo@ql-crm.com', NULL, NULL, '医生', '口腔科', NULL, NULL, 5, '2017-08-23 10:25:56', 5, 0, 0, '103'),
	(74, 103, '宋道鹏', 1, '88888888', '13666668888', '66666666', 1, NULL, 'demo@ql-crm.com', NULL, NULL, '医生', '口腔科', NULL, NULL, 5, '2017-08-23 10:25:56', 5, 0, 0, '104'),
	(75, 104, '钱考锦', 1, '88888888', '13666668888', '66666666', 1, NULL, 'demo@ql-crm.com', NULL, NULL, '医生', '口腔科', NULL, NULL, 5, '2017-08-23 10:25:56', 5, 0, 0, '105'),
	(76, 105, '梁源', 1, '88888888', '13666668888', '66666666', 1, NULL, 'demo@ql-crm.com', NULL, NULL, '医生', '口腔科', NULL, NULL, 5, '2017-08-23 10:25:56', 5, 0, 0, '106'),
	(77, 106, '叶海荣', 1, '88888888', '13666668888', '66666666', 1, NULL, 'demo@ql-crm.com', NULL, NULL, '医生', '口腔科', NULL, NULL, 5, '2017-08-23 10:25:56', 5, 0, 0, '107'),
	(78, 107, '阮仁权', 1, '88888888', '13666668888', '66666666', 1, NULL, 'demo@ql-crm.com', NULL, NULL, '医生', '口腔科', NULL, NULL, 5, '2017-08-23 10:25:56', 5, 0, 0, '108'),
	(79, 108, '蔡红亮', 1, '88888888', '13666668888', '66666666', 1, NULL, 'demo@ql-crm.com', NULL, NULL, '医生', '口腔科', NULL, NULL, 5, '2017-08-23 10:25:56', 5, 0, 0, '109'),
	(80, 109, '蔡伟峰', 1, '88888888', '13666668888', '66666666', 1, NULL, 'demo@ql-crm.com', NULL, NULL, '医生', '口腔科', NULL, NULL, 5, '2017-08-23 10:25:56', 5, 0, 0, '110'),
	(81, 36, '钱考锦', 1, '88888888', '13666668888', '66666666', 1, NULL, 'demo@ql-crm.com', NULL, NULL, '医生', '口腔科', NULL, NULL, 3, '2017-08-23 10:25:56', 3, 0, 0, '36'),
	(82, 37, '梁源', 1, '88888888', '13666668888', '66666666', 1, NULL, 'demo@ql-crm.com', NULL, NULL, '医生', '口腔科', NULL, NULL, 3, '2017-08-23 10:25:56', 3, 0, 0, '37'),
	(83, 38, '任亮亮', 1, '88888888', '13666668888', '66666666', 1, NULL, 'demo@ql-crm.com', NULL, NULL, '医生', '口腔科', NULL, NULL, 3, '2017-08-23 10:25:56', 3, 0, 0, '38'),
	(84, 39, '顾利峰', 1, '88888888', '13666668888', '66666666', 1, NULL, 'demo@ql-crm.com', NULL, NULL, '医生', '口腔科', NULL, NULL, 3, '2017-08-23 10:25:56', 3, 0, 0, '39'),
	(85, 40, '高经理', 1, '88888888', '13666668888', '66666666', 1, NULL, 'demo@ql-crm.com', NULL, NULL, '医生', '口腔科', NULL, NULL, 3, '2017-08-23 10:25:56', 3, 0, 0, '40'),
	(86, 41, '金明星', 1, '88888888', '13666668888', '66666666', 1, NULL, 'demo@ql-crm.com', NULL, NULL, '医生', '口腔科', NULL, NULL, 3, '2017-08-23 10:25:56', 3, 0, 0, '41'),
	(87, 42, '叶海荣', 1, '88888888', '13666668888', '66666666', 1, NULL, 'demo@ql-crm.com', NULL, NULL, '医生', '口腔科', NULL, NULL, 3, '2017-08-23 10:25:56', 3, 0, 0, '42'),
	(88, 43, '阮仁权', 1, '88888888', '13666668888', '66666666', 1, NULL, 'demo@ql-crm.com', NULL, NULL, '医生', '口腔科', NULL, NULL, 3, '2017-08-23 10:25:56', 3, 0, 0, '43'),
	(89, 54, '曹太群', 1, '88888888', '13666668888', '66666666', 1, NULL, 'demo@ql-crm.com', NULL, NULL, '医生', '口腔科', NULL, NULL, 3, '2017-08-23 10:25:56', 3, 0, 0, '54'),
	(90, 55, '王彬', 1, '88888888', '13666668888', '66666666', 1, NULL, 'demo@ql-crm.com', NULL, NULL, '医生', '口腔科', NULL, NULL, 3, '2017-08-23 10:25:56', 3, 0, 0, '55'),
	(91, 56, '虞立顺', 1, '88888888', '13666668888', '66666666', 1, NULL, 'demo@ql-crm.com', NULL, NULL, '医生', '口腔科', NULL, NULL, 3, '2017-08-23 10:25:56', 3, 0, 0, '56'),
	(92, 57, '王大培', 1, '88888888', '13666668888', '66666666', 1, NULL, 'demo@ql-crm.com', NULL, NULL, '医生', '口腔科', NULL, NULL, 3, '2017-08-23 10:25:56', 3, 0, 0, '57'),
	(93, 58, '邓亮', 1, '88888888', '13666668888', '66666666', 1, NULL, 'demo@ql-crm.com', NULL, NULL, '医生', '口腔科', NULL, NULL, 3, '2017-08-23 10:25:56', 3, 0, 0, '58'),
	(94, 59, '毛瑜', 1, '88888888', '13666668888', '66666666', 1, NULL, 'demo@ql-crm.com', NULL, NULL, '医生', '口腔科', NULL, NULL, 3, '2017-08-23 10:25:56', 3, 0, 0, '59'),
	(95, 60, '梁源', 1, '88888888', '13666668888', '66666666', 1, NULL, 'demo@ql-crm.com', NULL, NULL, '医生', '口腔科', NULL, NULL, 3, '2017-08-23 10:25:56', 3, 0, 0, '60'),
	(96, 61, '严栋梁', 1, '88888888', '13666668888', '66666666', 1, NULL, 'demo@ql-crm.com', NULL, NULL, '医生', '口腔科', NULL, NULL, 3, '2017-08-23 10:25:56', 3, 0, 0, '61'),
	(97, 62, '庄国卫', 1, '88888888', '13666668888', '66666666', 1, NULL, 'demo@ql-crm.com', NULL, NULL, '医生', '口腔科', NULL, NULL, 3, '2017-08-23 10:25:56', 3, 0, 0, '62'),
	(98, 63, '夏斯洋', 1, '88888888', '13666668888', '66666666', 1, NULL, 'demo@ql-crm.com', NULL, NULL, '医生', '口腔科', NULL, NULL, 3, '2017-08-23 10:25:56', 3, 0, 0, '63'),
	(99, 64, '丁新胜', 1, '88888888', '13666668888', '66666666', 1, NULL, 'demo@ql-crm.com', NULL, NULL, '医生', '口腔科', NULL, NULL, 3, '2017-08-23 10:25:56', 3, 0, 0, '64'),
	(100, 65, '张巍', 1, '88888888', '13666668888', '66666666', 1, NULL, 'demo@ql-crm.com', NULL, NULL, '医生', '口腔科', NULL, NULL, 3, '2017-08-23 10:25:56', 3, 0, 0, '65'),
	(101, 66, '侯丽敏', 0, '88888888', '13666668888', '66666666', 1, NULL, 'demo@ql-crm.com', NULL, NULL, '医生', '口腔科', NULL, NULL, 3, '2017-08-23 10:25:56', 3, 0, 0, '66'),
	(102, 67, '林英辛', 0, '88888888', '13666668888', '66666666', 1, NULL, 'demo@ql-crm.com', NULL, NULL, '医生', '口腔科', NULL, NULL, 3, '2017-08-23 10:25:56', 3, 0, 0, '67'),
	(103, 68, '唐胜健', 1, '88888888', '13666668888', '66666666', 1, NULL, 'demo@ql-crm.com', NULL, NULL, '医生', '口腔科', NULL, NULL, 3, '2017-08-23 10:25:56', 3, 0, 0, '68'),
	(104, 69, '张林冰', 1, '88888888', '13666668888', '66666666', 1, NULL, 'demo@ql-crm.com', NULL, NULL, '医生', '口腔科', NULL, NULL, 3, '2017-08-23 10:25:56', 3, 0, 0, '69'),
	(105, 70, '包学兵', 1, '88888888', '13666668888', '66666666', 1, NULL, 'demo@ql-crm.com', NULL, NULL, '医生', '口腔科', NULL, NULL, 3, '2017-08-23 10:25:56', 3, 0, 0, '70'),
	(106, 71, '江步凡', 1, '88888888', '13666668888', '66666666', 1, NULL, 'demo@ql-crm.com', NULL, NULL, '医生', '口腔科', NULL, NULL, 3, '2017-08-23 10:25:56', 3, 0, 0, '71'),
	(107, 72, '王先进', 1, '88888888', '13666668888', '66666666', 1, NULL, 'demo@ql-crm.com', NULL, NULL, '医生', '口腔科', NULL, NULL, 3, '2017-08-23 10:25:56', 3, 0, 0, '72'),
	(108, 73, '舒春燕', 0, '88888888', '13666668888', '66666666', 1, NULL, 'demo@ql-crm.com', NULL, NULL, '医生', '口腔科', NULL, NULL, 3, '2017-08-23 10:25:56', 3, 0, 0, '73'),
	(109, 74, '朱婷婷', 0, '88888888', '13666668888', '66666666', 1, NULL, 'demo@ql-crm.com', NULL, NULL, '医生', '口腔科', NULL, NULL, 3, '2017-08-23 10:25:56', 3, 0, 0, '74'),
	(110, 75, '姚松柏', 1, '88888888', '13666668888', '66666666', 1, NULL, 'demo@ql-crm.com', NULL, NULL, '医生', '口腔科', NULL, NULL, 3, '2017-08-23 10:25:56', 3, 0, 0, '75'),
	(111, 76, '王新', 1, '88888888', '13666668888', '66666666', 1, NULL, 'demo@ql-crm.com', NULL, NULL, '医生', '口腔科', NULL, NULL, 3, '2017-08-23 10:25:56', 3, 0, 0, '76'),
	(112, 77, '杨华山', 1, '88888888', '13666668888', '66666666', 1, NULL, 'demo@ql-crm.com', NULL, NULL, '医生', '口腔科', NULL, NULL, 3, '2017-08-23 10:25:56', 3, 0, 0, '77'),
	(113, 78, '江步凡', 1, '88888888', '13666668888', '66666666', 1, NULL, 'demo@ql-crm.com', NULL, NULL, '医生', '口腔科', NULL, NULL, 3, '2017-08-23 10:25:56', 3, 0, 0, '78'),
	(114, 79, '宋云龙', 1, '88888888', '13666668888', '66666666', 1, NULL, 'demo@ql-crm.com', NULL, NULL, '医生', '口腔科', NULL, NULL, 3, '2017-08-23 10:25:56', 3, 0, 0, '79'),
	(115, 80, '卢志学', 1, '88888888', '13666668888', '66666666', 1, NULL, 'demo@ql-crm.com', NULL, NULL, '医生', '口腔科', NULL, NULL, 3, '2017-08-23 10:25:56', 3, 0, 0, '80'),
	(116, 81, '李景荣', 1, '88888888', '13666668888', '66666666', 1, NULL, 'demo@ql-crm.com', NULL, NULL, '医生', '口腔科', NULL, NULL, 3, '2017-08-23 10:25:56', 3, 0, 0, '81'),
	(117, 82, '姚恒山', 1, '88888888', '13666668888', '66666666', 1, NULL, 'demo@ql-crm.com', NULL, NULL, '医生', '口腔科', NULL, NULL, 3, '2017-08-23 10:25:56', 3, 0, 0, '82'),
	(118, 83, '周维民', 1, '88888888', '13666668888', '66666666', 1, NULL, 'demo@ql-crm.com', NULL, NULL, '医生', '口腔科', NULL, NULL, 3, '2017-08-23 10:25:56', 3, 0, 0, '83'),
	(119, 84, '李海强', 1, '88888888', '13666668888', '66666666', 1, NULL, 'demo@ql-crm.com', NULL, NULL, '医生', '口腔科', NULL, NULL, 3, '2017-08-23 10:25:56', 3, 0, 0, '84'),
	(120, 85, '刘振宇', 1, '88888888', '13666668888', '66666666', 1, NULL, 'demo@ql-crm.com', NULL, NULL, '医生', '口腔科', NULL, NULL, 3, '2017-08-23 10:25:56', 3, 0, 0, '85'),
	(121, 19, '苏海宁', 1, '88888888', '13666668888', '66666666', NULL, NULL, 'demo@ql-crm.com', '', '', '医生', '口腔科', NULL, '', 5, '2017-09-11 17:09:36', 5, NULL, 0, NULL),
	(122, 11, '郑圣平', 1, '88888888', '13666668888', '66666666', NULL, NULL, 'demo@ql-crm.com', '', '', '医生', '口腔科', NULL, '', 5, '2017-09-11 17:23:48', 5, NULL, 0, NULL),
	(123, 11, '郑圣平', 1, '88888888', '13666668888', '66666666', NULL, NULL, 'demo@ql-crm.com', '', '', '医生', '口腔科', NULL, '', 5, '2017-09-11 17:23:49', 5, NULL, 0, NULL),
	(124, 12, '韩寅驰', 1, '88888888', '13666668888', '66666666', NULL, NULL, 'demo@ql-crm.com', '', '', '医生', '口腔科', NULL, '', 5, '2017-09-11 17:24:24', 5, NULL, 0, NULL),
	(125, 14, '吴金金', 0, '88888888', '13666668888', '66666666', NULL, NULL, 'demo@ql-crm.com', '', '', '医生', '口腔科', NULL, '', 5, '2017-09-11 17:25:58', 5, NULL, 0, NULL),
	(126, 11, '郑圣平', 1, '88888888', '13666668888', '66666666', NULL, NULL, 'demo@ql-crm.com', '', '', '医生', '口腔科', NULL, '', 5, '2017-09-11 20:38:46', 5, NULL, 0, NULL),
	(127, 13, '蔡东春', 1, '88888888', '13666668888', '66666666', NULL, NULL, 'demo@ql-crm.com', '', '', '医生', '口腔科', NULL, '', 5, '2017-09-11 21:14:43', 5, NULL, 0, NULL),
	(128, 14, '吴金金', 0, '88888888', '13666668888', '66666666', NULL, NULL, 'demo@ql-crm.com', '', '', '医生', '口腔科', NULL, '', 5, '2017-09-11 21:21:59', 5, NULL, 0, NULL),
	(129, 122, 'bbb', 1, 'bbb', '', 'bbb', 1, NULL, '', '', 'bbb', 'bbb', 'bbb', '', NULL, 1, '2017-09-25 23:30:50', 1, 0, 0, NULL),
	(130, 123, 'bbb', 1, 'bbb', '', 'bbb', 1, NULL, '', '', 'bbb', 'bbb', 'bbb', '', NULL, 1, '2017-09-25 23:29:33', 1, 0, 0, NULL);
/*!40000 ALTER TABLE `customercontact` ENABLE KEYS */;

-- 导出  表 vsms.customercontacttemp 结构
DROP TABLE IF EXISTS `customercontacttemp`;
CREATE TABLE IF NOT EXISTS `customercontacttemp` (
  `id` int(10) NOT NULL AUTO_INCREMENT COMMENT 'ID',
  `customerid` int(10) DEFAULT NULL COMMENT '客户id',
  `fullname` varchar(500) DEFAULT NULL COMMENT '姓名',
  `sex` tinyint(1) DEFAULT NULL COMMENT '性别：0-女，1-男',
  `tel` varchar(500) DEFAULT NULL COMMENT '电话',
  `mobile` varchar(500) DEFAULT NULL COMMENT '手机',
  `fax` varchar(500) DEFAULT NULL COMMENT '传真',
  `birthdaytype` tinyint(1) DEFAULT NULL COMMENT '农历阳历：0-农历，1-阳历',
  `birthday` date DEFAULT NULL COMMENT '生日',
  `email` varchar(500) DEFAULT NULL COMMENT '邮箱',
  `qq` varchar(500) DEFAULT NULL COMMENT 'QQ号',
  `wechat` varchar(500) DEFAULT NULL COMMENT '微信号',
  `position` varchar(500) DEFAULT NULL COMMENT '职位',
  `depart` varchar(500) DEFAULT NULL COMMENT '部门',
  `addr` varchar(500) DEFAULT NULL COMMENT '地址',
  `remark` text COMMENT '备注',
  `createrid` int(10) DEFAULT NULL COMMENT '创建人id',
  `createdatetime` datetime DEFAULT NULL COMMENT '创建时间',
  `ownerid` int(10) DEFAULT NULL COMMENT '所属人id',
  `isdimission` tinyint(1) DEFAULT NULL COMMENT '是否离职：0-否，1-是',
  `isdelete` tinyint(1) DEFAULT NULL COMMENT '是否删除：0-否，1-是',
  PRIMARY KEY (`id`)
) ENGINE=InnoDB DEFAULT CHARSET=utf8 COMMENT='临时客户联系人表';

-- 正在导出表  vsms.customercontacttemp 的数据：~0 rows (大约)
/*!40000 ALTER TABLE `customercontacttemp` DISABLE KEYS */;
INSERT INTO `customercontacttemp` (`id`, `customerid`, `fullname`, `sex`, `tel`, `mobile`, `fax`, `birthdaytype`, `birthday`, `email`, `qq`, `wechat`, `position`, `depart`, `addr`, `remark`, `createrid`, `createdatetime`, `ownerid`, `isdimission`, `isdelete`) VALUES
	(1, 3, 'bbb', 1, 'bbb', '', 'bbb', 1, NULL, '', '', 'bbb', 'bbb', 'bbb', '', NULL, 1, '2017-09-25 23:29:33', 1, 0, 0);
/*!40000 ALTER TABLE `customercontacttemp` ENABLE KEYS */;

-- 导出  表 vsms.customertemp 结构
DROP TABLE IF EXISTS `customertemp`;
CREATE TABLE IF NOT EXISTS `customertemp` (
  `id` int(10) NOT NULL AUTO_INCREMENT COMMENT 'ID',
  `countryid` int(10) DEFAULT NULL COMMENT '国家id',
  `regionid` int(10) DEFAULT NULL COMMENT '地域id',
  `provinceid` int(10) DEFAULT NULL COMMENT '省份id',
  `cityid` int(10) DEFAULT NULL COMMENT '城市id',
  `townid` int(10) DEFAULT NULL COMMENT '辖区id',
  `pieceareaid` int(10) DEFAULT NULL COMMENT '片区id',
  `industryid` int(10) DEFAULT NULL COMMENT '行业id',
  `industrysubid` int(10) DEFAULT NULL COMMENT '子行业id',
  `customerno` varchar(500) DEFAULT NULL COMMENT '客户编号',
  `customername` varchar(500) DEFAULT NULL COMMENT '客户名称',
  `customerattribute1` varchar(500) DEFAULT NULL COMMENT '客户属性1',
  `customerattribute2` varchar(500) DEFAULT NULL COMMENT '客户属性2',
  `customerattribute3` varchar(500) DEFAULT NULL COMMENT '客户属性3',
  `customerattribute4` varchar(500) DEFAULT NULL COMMENT '客户属性4',
  `addr` varchar(500) DEFAULT NULL COMMENT '地址',
  `isdelete` tinyint(1) DEFAULT NULL COMMENT '是否删除：0-否，1-是',
  `status` tinyint(5) DEFAULT NULL COMMENT '状态：0-未审核，1-审核中',
  `ownerid` int(10) DEFAULT NULL COMMENT '所属人id',
  `createrid` int(10) DEFAULT NULL COMMENT '创建人id',
  `createdatetime` datetime DEFAULT NULL COMMENT '创建时间',
  `remark` text COMMENT '备注',
  PRIMARY KEY (`id`)
) ENGINE=InnoDB DEFAULT CHARSET=utf8 COMMENT='临时客户表';

-- 正在导出表  vsms.customertemp 的数据：~3 rows (大约)
/*!40000 ALTER TABLE `customertemp` DISABLE KEYS */;
INSERT INTO `customertemp` (`id`, `countryid`, `regionid`, `provinceid`, `cityid`, `townid`, `pieceareaid`, `industryid`, `industrysubid`, `customerno`, `customername`, `customerattribute1`, `customerattribute2`, `customerattribute3`, `customerattribute4`, `addr`, `isdelete`, `status`, `ownerid`, `createrid`, `createdatetime`, `remark`) VALUES
	(1, 1, 1, 1, NULL, NULL, NULL, 1, NULL, 'TCUS170429', '湖北十堰郧西县人民医院111', '', '', '', '', '12', 1, 1, 1, 1, '2017-09-25 22:16:43', ''),
	(2, 1, 1, 1, NULL, NULL, NULL, 1, NULL, 'TCUS307814', 'aaa', '', '', '', '', 'aa', 1, 1, 8, 8, '2017-09-25 23:01:02', ''),
	(3, 1, 1, 1, NULL, NULL, NULL, 1, NULL, 'TCUS681177', 'bbb', '', '', '', '', 'bbb', 1, 1, 1, 1, '2017-09-25 23:29:13', '');
/*!40000 ALTER TABLE `customertemp` ENABLE KEYS */;

-- 导出  表 vsms.customtime 结构
DROP TABLE IF EXISTS `customtime`;
CREATE TABLE IF NOT EXISTS `customtime` (
  `id` int(1) NOT NULL AUTO_INCREMENT,
  `last1MStart` varchar(10) DEFAULT NULL COMMENT '前1个月',
  `q1Start` varchar(10) DEFAULT NULL COMMENT '第一季度',
  `currentYStart` varchar(10) DEFAULT NULL COMMENT '今年',
  `last1YStart` varchar(10) DEFAULT NULL COMMENT '去年',
  `last2YStart` varchar(10) DEFAULT NULL COMMENT '前年',
  PRIMARY KEY (`id`)
) ENGINE=InnoDB DEFAULT CHARSET=utf8 COMMENT='自定义日期';

-- 正在导出表  vsms.customtime 的数据：~1 rows (大约)
/*!40000 ALTER TABLE `customtime` DISABLE KEYS */;
INSERT INTO `customtime` (`id`, `last1MStart`, `q1Start`, `currentYStart`, `last1YStart`, `last2YStart`) VALUES
	(1, NULL, NULL, NULL, NULL, NULL);
/*!40000 ALTER TABLE `customtime` ENABLE KEYS */;

-- 导出  表 vsms.customyear 结构
DROP TABLE IF EXISTS `customyear`;
CREATE TABLE IF NOT EXISTS `customyear` (
  `id` int(10) NOT NULL AUTO_INCREMENT COMMENT 'ID',
  `years` int(10) DEFAULT NULL COMMENT '年份',
  `startingmonth` int(10) DEFAULT NULL COMMENT '起始月',
  `startingday` int(10) DEFAULT NULL COMMENT '起始天',
  PRIMARY KEY (`id`)
) ENGINE=InnoDB DEFAULT CHARSET=utf8 COMMENT='自定义年月';

-- 正在导出表  vsms.customyear 的数据：~0 rows (大约)
/*!40000 ALTER TABLE `customyear` DISABLE KEYS */;
/*!40000 ALTER TABLE `customyear` ENABLE KEYS */;

-- 导出  表 vsms.debug 结构
DROP TABLE IF EXISTS `debug`;
CREATE TABLE IF NOT EXISTS `debug` (
  `id` int(11) NOT NULL AUTO_INCREMENT,
  `debug` longtext COLLATE utf8mb4_unicode_ci,
  PRIMARY KEY (`id`),
  UNIQUE KEY `id_UNIQUE` (`id`)
) ENGINE=InnoDB DEFAULT CHARSET=utf8mb4 COLLATE=utf8mb4_unicode_ci COMMENT='程序调试表';

-- 正在导出表  vsms.debug 的数据：~0 rows (大约)
/*!40000 ALTER TABLE `debug` DISABLE KEYS */;
/*!40000 ALTER TABLE `debug` ENABLE KEYS */;

-- 导出  表 vsms.departprofit 结构
DROP TABLE IF EXISTS `departprofit`;
CREATE TABLE IF NOT EXISTS `departprofit` (
  `id` int(10) NOT NULL AUTO_INCREMENT COMMENT 'ID',
  `departid` int(10) DEFAULT NULL COMMENT '子部门id',
  `profitpercent` decimal(3,2) DEFAULT NULL COMMENT '利润达标百分比',
  PRIMARY KEY (`id`)
) ENGINE=InnoDB DEFAULT CHARSET=utf8 COMMENT='部门-利润百分比对照表';

-- 正在导出表  vsms.departprofit 的数据：~0 rows (大约)
/*!40000 ALTER TABLE `departprofit` DISABLE KEYS */;
/*!40000 ALTER TABLE `departprofit` ENABLE KEYS */;

-- 导出  表 vsms.empdepart 结构
DROP TABLE IF EXISTS `empdepart`;
CREATE TABLE IF NOT EXISTS `empdepart` (
  `id` int(10) NOT NULL AUTO_INCREMENT COMMENT 'ID',
  `depart` varchar(500) DEFAULT NULL COMMENT '部门名称',
  `sdepartid` int(10) DEFAULT NULL COMMENT '上级部门id',
  `level` int(10) DEFAULT NULL COMMENT '层级',
  `sort` int(10) DEFAULT NULL COMMENT '排序',
  `departen` varchar(500) DEFAULT NULL COMMENT '部门名 --英文对照',
  `isdelete` tinyint(1) DEFAULT NULL COMMENT '是否删除：0-否，1-是',
  `bigoptprice` decimal(14,2) DEFAULT NULL COMMENT '大项目金额',
  `bigoptpriceminor` decimal(14,2) DEFAULT NULL COMMENT '大项目金额/辅货币',
  `importreferid` varchar(200) DEFAULT NULL COMMENT '导入引用id',
  PRIMARY KEY (`id`),
  UNIQUE KEY `importreferid` (`importreferid`)
) ENGINE=InnoDB DEFAULT CHARSET=utf8 COMMENT='员工部门表';

-- 正在导出表  vsms.empdepart 的数据：~7 rows (大约)
/*!40000 ALTER TABLE `empdepart` DISABLE KEYS */;
INSERT INTO `empdepart` (`id`, `depart`, `sdepartid`, `level`, `sort`, `departen`, `isdelete`, `bigoptprice`, `bigoptpriceminor`, `importreferid`) VALUES
	(1, '总经办', 0, 1, NULL, 'GM Office', 0, 100.00, 20.00, '1'),
	(2, '销售部', 1, 2, NULL, 'Sales', 0, 100.00, 20.00, '2'),
	(3, '南区', 2, 3, NULL, 'South Group', 0, 100.00, 20.00, '3'),
	(4, '北区', 2, 3, NULL, 'North Group', 0, 100.00, 20.00, '4'),
	(5, '产品部', 1, 2, NULL, 'Product', 0, 100.00, 20.00, '5'),
	(6, '财务部', 1, 2, NULL, 'Finacial', 0, 100.00, 20.00, '6'),
	(7, '市场部', 1, 2, NULL, 'Marketing', 0, 100.00, 20.00, '7');
/*!40000 ALTER TABLE `empdepart` ENABLE KEYS */;

-- 导出  表 vsms.empemployeedepart 结构
DROP TABLE IF EXISTS `empemployeedepart`;
CREATE TABLE IF NOT EXISTS `empemployeedepart` (
  `id` int(10) NOT NULL AUTO_INCREMENT COMMENT 'ID',
  `employeeid` int(10) DEFAULT NULL COMMENT '员工id',
  `departid` int(10) DEFAULT NULL COMMENT '部门id',
  `importreferid` varchar(200) DEFAULT NULL COMMENT '导入引用id',
  PRIMARY KEY (`id`),
  UNIQUE KEY `importreferid` (`importreferid`)
) ENGINE=InnoDB DEFAULT CHARSET=utf8 COMMENT='员工-可查看部门对应表';

-- 正在导出表  vsms.empemployeedepart 的数据：~3 rows (大约)
/*!40000 ALTER TABLE `empemployeedepart` DISABLE KEYS */;
INSERT INTO `empemployeedepart` (`id`, `employeeid`, `departid`, `importreferid`) VALUES
	(1, 1, 1, '1'),
	(2, 3, 3, '2'),
	(3, 4, 4, '3');
/*!40000 ALTER TABLE `empemployeedepart` ENABLE KEYS */;

-- 导出  表 vsms.empemployeepermission 结构
DROP TABLE IF EXISTS `empemployeepermission`;
CREATE TABLE IF NOT EXISTS `empemployeepermission` (
  `id` int(10) NOT NULL AUTO_INCREMENT COMMENT 'ID',
  `employeeid` int(10) DEFAULT NULL COMMENT '员工id',
  `permissionid` int(10) DEFAULT NULL COMMENT '权限id',
  PRIMARY KEY (`id`)
) ENGINE=InnoDB DEFAULT CHARSET=utf8 COMMENT='员工-权限对应表';

-- 正在导出表  vsms.empemployeepermission 的数据：~0 rows (大约)
/*!40000 ALTER TABLE `empemployeepermission` DISABLE KEYS */;
/*!40000 ALTER TABLE `empemployeepermission` ENABLE KEYS */;

-- 导出  表 vsms.empemployeerole 结构
DROP TABLE IF EXISTS `empemployeerole`;
CREATE TABLE IF NOT EXISTS `empemployeerole` (
  `id` int(10) NOT NULL AUTO_INCREMENT COMMENT 'ID',
  `employeeid` int(10) DEFAULT NULL COMMENT '员工id',
  `roleid` int(10) DEFAULT NULL COMMENT '角色id',
  `importreferid` varchar(200) DEFAULT NULL COMMENT '导入引用id',
  PRIMARY KEY (`id`),
  UNIQUE KEY `importreferid` (`importreferid`)
) ENGINE=InnoDB DEFAULT CHARSET=utf8 COMMENT='员工-角色对应表';

-- 正在导出表  vsms.empemployeerole 的数据：~14 rows (大约)
/*!40000 ALTER TABLE `empemployeerole` DISABLE KEYS */;
INSERT INTO `empemployeerole` (`id`, `employeeid`, `roleid`, `importreferid`) VALUES
	(1, 1, 1, '1'),
	(2, 2, 2, '2'),
	(3, 2, 4, '3'),
	(4, 2, 6, '4'),
	(5, 2, 3, '5'),
	(6, 2, 5, '6'),
	(7, 3, 2, '7'),
	(8, 4, 2, '8'),
	(9, 5, 2, '9'),
	(10, 6, 2, '10'),
	(11, 7, 3, '11'),
	(12, 8, 4, '12'),
	(13, 9, 6, '13'),
	(14, 10, 5, '14');
/*!40000 ALTER TABLE `empemployeerole` ENABLE KEYS */;

-- 导出  表 vsms.empemployeeviewuser 结构
DROP TABLE IF EXISTS `empemployeeviewuser`;
CREATE TABLE IF NOT EXISTS `empemployeeviewuser` (
  `id` int(10) NOT NULL AUTO_INCREMENT COMMENT 'ID',
  `employeeid` int(10) DEFAULT NULL COMMENT '员工id',
  `viewuserid` int(10) DEFAULT NULL COMMENT '用户id',
  `importreferid` varchar(200) DEFAULT NULL COMMENT '导入引用id',
  PRIMARY KEY (`id`),
  UNIQUE KEY `importreferid` (`importreferid`)
) ENGINE=InnoDB DEFAULT CHARSET=utf8 COMMENT='员工-可查看用户对应表';

-- 正在导出表  vsms.empemployeeviewuser 的数据：~6 rows (大约)
/*!40000 ALTER TABLE `empemployeeviewuser` DISABLE KEYS */;
INSERT INTO `empemployeeviewuser` (`id`, `employeeid`, `viewuserid`, `importreferid`) VALUES
	(1, 2, 3, '1'),
	(2, 2, 5, '2'),
	(3, 2, 4, '3'),
	(4, 2, 6, '4'),
	(5, 3, 5, '5'),
	(6, 4, 6, '6');
/*!40000 ALTER TABLE `empemployeeviewuser` ENABLE KEYS */;

-- 导出  表 vsms.employee 结构
DROP TABLE IF EXISTS `employee`;
CREATE TABLE IF NOT EXISTS `employee` (
  `id` int(10) NOT NULL AUTO_INCREMENT COMMENT 'ID',
  `empno` varchar(500) DEFAULT NULL COMMENT '员工编号',
  `depid` int(10) DEFAULT NULL COMMENT '部门id',
  `positionid` int(10) DEFAULT NULL COMMENT '职位id',
  `fullname` varchar(500) DEFAULT NULL COMMENT '姓名',
  `username` varchar(500) DEFAULT NULL COMMENT '用户名',
  `pwd` varchar(500) DEFAULT NULL COMMENT '密码：md5加密',
  `email` varchar(500) DEFAULT NULL COMMENT '邮箱',
  `gender` tinyint(1) DEFAULT NULL COMMENT '性别：0-女，1-男',
  `birthdaytype` tinyint(1) DEFAULT NULL COMMENT '生日类型：0-农历，1-阳历',
  `birthday` date DEFAULT NULL COMMENT '出生日期',
  `fax` varchar(500) DEFAULT NULL COMMENT '传真',
  `tel` varchar(500) DEFAULT NULL COMMENT '电话',
  `mobile` varchar(500) DEFAULT NULL COMMENT '手机',
  `officeaddr` varchar(500) DEFAULT NULL COMMENT '办公地址',
  `status` tinyint(1) DEFAULT NULL COMMENT '状态：0-正常，1-锁定',
  `superiorid` int(10) DEFAULT NULL COMMENT '直接上级id',
  `emailcode` varchar(500) DEFAULT NULL COMMENT '邮件确认码',
  `entrydate` datetime DEFAULT NULL COMMENT '入职日期',
  `extensionnum` varchar(500) DEFAULT NULL COMMENT '分机号',
  `wechatopenid` varchar(500) DEFAULT NULL COMMENT '微信openid',
  `uuid` varchar(500) DEFAULT NULL COMMENT '唯一请求标识',
  `importreferid` varchar(200) DEFAULT NULL COMMENT '导入引用id',
  PRIMARY KEY (`id`),
  UNIQUE KEY `importreferid` (`importreferid`)
) ENGINE=InnoDB DEFAULT CHARSET=utf8 COMMENT='员工表';

-- 正在导出表  vsms.employee 的数据：~10 rows (大约)
/*!40000 ALTER TABLE `employee` DISABLE KEYS */;
INSERT INTO `employee` (`id`, `empno`, `depid`, `positionid`, `fullname`, `username`, `pwd`, `email`, `gender`, `birthdaytype`, `birthday`, `fax`, `tel`, `mobile`, `officeaddr`, `status`, `superiorid`, `emailcode`, `entrydate`, `extensionnum`, `wechatopenid`, `uuid`, `importreferid`) VALUES
	(1, 'S00001', 1, 9, '管理员', 'admin', '8f1af05474e9f9a0e9b0c85a3e553ce0', 'wenbo.yu@ql-crm.com', 1, 1, '2016-11-11', '66666666', '88888888', '13888888888', '北京市淇霖营销管理有限责任公司', 0, NULL, 'cc038af5db0a4533ac724e15ff41a112', '2016-11-11 00:00:00', NULL, NULL, '2340', '1'),
	(2, 'S00002', 2, 2, '吴国平', 'guoping.wu', '81dc9bdb52d04dc20036dbd8313ed055', 'wenbo.yu@ql-crm.com', 1, 1, '2016-11-11', '66666666', '88888888', '13888888888', '北京市淇霖营销管理有限责任公司', 0, NULL, NULL, '2016-11-11 00:00:00', '', NULL, '4793', '2'),
	(3, 'S00003', 3, 3, '周庆春', 'qingchun.zhou', '81dc9bdb52d04dc20036dbd8313ed055', 'wenbo.yu@ql-crm.com', 1, 1, '2016-11-11', '66666666', '88888888', '13888888888', '北京市淇霖营销管理有限责任公司', 0, NULL, NULL, '2016-11-11 00:00:00', '', NULL, '6945', '3'),
	(4, 'S00004', 4, 3, '曾德孝', 'dexiao.zeng', '81dc9bdb52d04dc20036dbd8313ed055', 'wenbo.yu@ql-crm.com', 1, 1, '2016-11-11', '66666666', '88888888', '13888888888', '北京市淇霖营销管理有限责任公司', 0, NULL, NULL, '2016-11-11 00:00:00', NULL, NULL, '346', '4'),
	(5, 'S00005', 3, 5, '刘允儿', 'yuner.liu', '81dc9bdb52d04dc20036dbd8313ed055', 'wenbo.yu@ql-crm.com', 0, 1, '2016-11-11', '66666666', '88888888', '13888888888', '北京市淇霖营销管理有限责任公司', 0, NULL, 'c98fd5872b684d3d9df56f4b9b78f88b', '2016-11-11 00:00:00', NULL, NULL, '897', '5'),
	(6, 'S00006', 4, 5, '李小楠', 'xiaonan.li', '81dc9bdb52d04dc20036dbd8313ed055', 'wenbo.yu@ql-crm.com', 1, 1, '2016-11-11', '66666666', '88888888', '13888888888', '北京市淇霖营销管理有限责任公司', 0, NULL, NULL, '2016-11-11 00:00:00', NULL, NULL, '3445', '6'),
	(7, 'S00007', 5, 17, '王晟', 'sheng.wang', '81dc9bdb52d04dc20036dbd8313ed055', 'wenbo.yu@ql-crm.com', 1, 1, '2016-11-11', '66666666', '88888888', '13888888888', '北京市淇霖营销管理有限责任公司', 0, NULL, NULL, '2016-11-11 00:00:00', NULL, NULL, '4533', '7'),
	(8, 'S00008', 7, 9, '王家驹', 'jiaju.wang', '81dc9bdb52d04dc20036dbd8313ed055', 'wenbo.yu@ql-crm.com', 1, 1, '2016-11-11', '66666666', '88888888', '13888888888', '北京市淇霖营销管理有限责任公司', 0, NULL, NULL, '2016-11-11 00:00:00', NULL, NULL, '2334', '8'),
	(9, 'S00009', 7, 9, '张艳', 'yan.zhang', '81dc9bdb52d04dc20036dbd8313ed055', 'wenbo.yu@ql-crm.com', 0, 1, '2016-11-11', '66666666', '88888888', '13888888888', '北京市淇霖营销管理有限责任公司', 0, NULL, NULL, '2016-11-11 00:00:00', NULL, NULL, '8072', '9'),
	(10, 'S00010', 6, 16, '杨幸淇', 'xingqi.yang', '81dc9bdb52d04dc20036dbd8313ed055', 'wenbo.yu@ql-crm.com', 0, 1, '2016-11-11', '66666666', '88888888', '13888888888', '北京市淇霖营销管理有限责任公司', 0, NULL, NULL, '2016-11-11 00:00:00', NULL, NULL, '3356', '10');
/*!40000 ALTER TABLE `employee` ENABLE KEYS */;

-- 导出  表 vsms.emppermission 结构
DROP TABLE IF EXISTS `emppermission`;
CREATE TABLE IF NOT EXISTS `emppermission` (
  `id` int(10) NOT NULL AUTO_INCREMENT COMMENT 'ID',
  `permission` varchar(500) DEFAULT NULL COMMENT '权限名称',
  `permissiondiscribe` text COMMENT '权限描述',
  `url` varchar(500) DEFAULT NULL COMMENT 'URL',
  `permissiondiscribeen` text COMMENT '描述 --英文对照',
  PRIMARY KEY (`id`)
) ENGINE=InnoDB DEFAULT CHARSET=utf8 COMMENT='权限表';

-- 正在导出表  vsms.emppermission 的数据：~35 rows (大约)
/*!40000 ALTER TABLE `emppermission` DISABLE KEYS */;
INSERT INTO `emppermission` (`id`, `permission`, `permissiondiscribe`, `url`, `permissiondiscribeen`) VALUES
	(1, 'product_list', '产品列表（查看所有－导出）', NULL, '产品列表（查看所有－导出）'),
	(2, 'product_redact', '产品编辑（新增、修改、删除）', NULL, '产品编辑（新增、修改、删除）'),
	(3, 'employe_app', '员工应用', NULL, '员工应用'),
	(4, 'employee_list', '员工列表（查看所有）', NULL, '员工列表（查看所有）'),
	(5, 'employee_redact', '员工编辑（新增、修改、删除、锁定）', NULL, '员工编辑（新增、修改、删除、锁定）'),
	(6, 'customer_app', '客户应用', NULL, '客户应用'),
	(7, 'customer_list', '客户列表（所有－－正式＋所有临时）', NULL, '客户列表（所有－－正式＋所有临时）'),
	(8, 'customer_view_list', '客户列表（所有－－正式＋可查看临时）', NULL, '客户列表（所有－－正式＋可查看临时）'),
	(9, 'customer_official_list', '客户列表（所有－－正式）', NULL, '客户列表（所有－－正式）'),
	(10, 'customer_redact', '客户编辑（临时客户新增、临时客户修改、临时客户删除、申请审核）', NULL, '客户编辑（临时客户新增、临时客户修改、临时客户删除、申请审核）'),
	(11, 'customer_official_redact', '客户编辑（正式客户修改、审批审核、重新关联、退回）', NULL, '客户编辑（正式客户修改、审批审核、重新关联、退回）'),
	(12, 'customer_official_isblack', '客户编辑（黑名单）', NULL, '客户编辑（黑名单）'),
	(13, 'customer_official_level', '客户编辑（等级、信用）', NULL, '客户编辑（等级、信用）'),
	(14, 'lead_app', '线索应用', NULL, '线索应用'),
	(15, 'lead_list', '线索列表（所有）', NULL, '线索列表（所有）'),
	(16, 'lead_view_list', '线索列表（可查看）', NULL, '线索列表（可查看）'),
	(17, 'lead_sale_redact', '线索编辑（新增－－投放、删除）修改只限于销售反馈', NULL, '线索编辑（新增－－投放、删除）修改只限于销售反馈'),
	(18, 'lead_opt_redact', '线索编辑（抢夺、退回、转机会）', NULL, '线索编辑（抢夺、退回、转机会）'),
	(19, 'target_app', '销售任务应用', NULL, '销售任务应用'),
	(20, 'target_list', '任务列表（所有）', NULL, '任务列表（所有）'),
	(21, 'target_view_list', '任务列表（可查看）', NULL, '任务列表（可查看）'),
	(22, 'target_all_redact', '任务编辑（所有人定任务，新增、编辑、删除）', NULL, '任务编辑（所有人定任务，新增、编辑、删除）'),
	(23, 'target_view_redact', '任务编辑（可查看人定任务，新增、编辑、删除）', NULL, '任务编辑（可查看人定任务，新增、编辑、删除）'),
	(24, 'workplan_app', '工作计划应用', NULL, '工作计划应用'),
	(25, 'workplan_list', '工作计划列表（所有）', NULL, '工作计划列表（所有）'),
	(26, 'workplan_view_list', '工作计划列表（可查看）', NULL, '工作计划列表（可查看）'),
	(27, 'workplan_redact', '工作计划编辑（新增、编辑、删除）', NULL, '工作计划编辑（新增、编辑、删除）'),
	(28, 'opt_app', '机会应用', NULL, '机会应用'),
	(29, 'opt_list', '机会列表（所有）', NULL, '机会列表（所有）'),
	(30, 'opt_view_list', '机会列表（可查看）', NULL, '机会列表（可查看）'),
	(31, 'opt_redact', '机会编辑（新增、编辑、删除）', NULL, '机会编辑（新增、编辑、删除）'),
	(32, 'product_app', '产品应用', NULL, '产品应用'),
	(33, 'customer_official_app', '客户审核应用', NULL, '客户审核应用'),
	(34, 'systemconfig_app', '系统应用', NULL, '系统应用'),
	(35, 'financialdata_app', '财务数据维护应用', NULL, '财务数据维护应用');
/*!40000 ALTER TABLE `emppermission` ENABLE KEYS */;

-- 导出  表 vsms.empposition 结构
DROP TABLE IF EXISTS `empposition`;
CREATE TABLE IF NOT EXISTS `empposition` (
  `id` int(10) NOT NULL AUTO_INCREMENT COMMENT 'ID',
  `position` varchar(500) DEFAULT NULL COMMENT '职位名称',
  `positionen` varchar(500) DEFAULT NULL COMMENT '职位名 --英文对照',
  `isdelete` tinyint(1) DEFAULT NULL COMMENT '是否删除：0-否，1-是',
  `importreferid` varchar(200) DEFAULT NULL COMMENT '导入引用id',
  `sort` int(10) DEFAULT NULL COMMENT '排序',
  PRIMARY KEY (`id`),
  UNIQUE KEY `importreferid` (`importreferid`)
) ENGINE=InnoDB DEFAULT CHARSET=utf8 COMMENT='员工职位表';

-- 正在导出表  vsms.empposition 的数据：~17 rows (大约)
/*!40000 ALTER TABLE `empposition` DISABLE KEYS */;
INSERT INTO `empposition` (`id`, `position`, `positionen`, `isdelete`, `importreferid`, `sort`) VALUES
	(1, '总经理', 'Gernal Manager', 0, '1', NULL),
	(2, '销售总监', 'Sales Director', 0, '2', NULL),
	(3, '销售经理', 'Sales Manager', 0, '3', NULL),
	(4, '销售主管', 'Sales Supervisor', 0, '4', NULL),
	(5, '销售工程师', 'Sales Engineer', 0, '5', NULL),
	(6, '市场总监', 'Marketing Director', 0, '6', NULL),
	(7, '市场经理', 'Marketing Manager', 0, '7', NULL),
	(8, '市场主管', 'Marketing Supervisor', 0, '8', NULL),
	(9, '市场专员', 'Marketing Specialist', 0, '9', NULL),
	(10, '市场助理', 'Marketing Assistant', 0, '10', NULL),
	(11, '行政经理', 'Administration Manager', 0, '11', NULL),
	(12, '行政专员', 'Administration Supervisor', 0, '12', NULL),
	(13, '行政助理', 'Administration Assistant', 0, '13', NULL),
	(14, '财务经理', 'Finance Manager', 0, '14', NULL),
	(15, '财务主管', 'Finance Supervisor', 0, '15', NULL),
	(16, '财务专员', 'Finance Specialist', 0, '16', NULL),
	(17, '产品经理', 'Product Manager', 0, '17', NULL);
/*!40000 ALTER TABLE `empposition` ENABLE KEYS */;

-- 导出  表 vsms.emprole 结构
DROP TABLE IF EXISTS `emprole`;
CREATE TABLE IF NOT EXISTS `emprole` (
  `id` int(10) NOT NULL AUTO_INCREMENT COMMENT 'ID',
  `role` varchar(500) DEFAULT NULL COMMENT '角色名称',
  `rolediscribe` text COMMENT '角色描述',
  `roleen` varchar(500) DEFAULT NULL COMMENT '角色名 --英文对照',
  `rolediscribeen` text COMMENT '角色描述 --英文对照',
  `isdelete` tinyint(1) DEFAULT NULL COMMENT '是否删除：0-否，1-是',
  `importreferid` varchar(200) DEFAULT NULL COMMENT '导入引用id',
  PRIMARY KEY (`id`),
  UNIQUE KEY `importreferid` (`importreferid`)
) ENGINE=InnoDB DEFAULT CHARSET=utf8 COMMENT='角色表';

-- 正在导出表  vsms.emprole 的数据：~6 rows (大约)
/*!40000 ALTER TABLE `emprole` DISABLE KEYS */;
INSERT INTO `emprole` (`id`, `role`, `rolediscribe`, `roleen`, `rolediscribeen`, `isdelete`, `importreferid`) VALUES
	(1, '管理员', '系统管理员', 'Administrator', 'System administrator', 0, '1'),
	(2, '销售', '销售人员和销售管理人员', 'Sales', 'Sales and sales manager', 0, '2'),
	(3, '产品', '产品经理，负责相关产品线维护', 'Product', 'Product maintenance', 0, '3'),
	(4, '市场', '市场专员，负责销售线索管理', 'Marketing', 'Manage sales leads', 0, '4'),
	(5, '财务', '财力审核人，负责维护和审核客户黑白名单', 'Finance', 'manage  financial datas', 0, '5'),
	(6, '客户', '客户专员，负责公司正式客户的管理和临时客户转正审核', 'Customer', 'manage customer verification', 0, '6');
/*!40000 ALTER TABLE `emprole` ENABLE KEYS */;

-- 导出  表 vsms.emprolepermission 结构
DROP TABLE IF EXISTS `emprolepermission`;
CREATE TABLE IF NOT EXISTS `emprolepermission` (
  `id` int(10) NOT NULL AUTO_INCREMENT COMMENT 'ID',
  `roleid` int(10) DEFAULT NULL COMMENT '角色id',
  `permissionid` int(10) DEFAULT NULL COMMENT '权限id',
  PRIMARY KEY (`id`)
) ENGINE=InnoDB DEFAULT CHARSET=utf8 COMMENT='角色-权限对应表';

-- 正在导出表  vsms.emprolepermission 的数据：~47 rows (大约)
/*!40000 ALTER TABLE `emprolepermission` DISABLE KEYS */;
INSERT INTO `emprolepermission` (`id`, `roleid`, `permissionid`) VALUES
	(18, 3, 32),
	(19, 3, 1),
	(20, 3, 2),
	(23, 3, 24),
	(24, 3, 27),
	(25, 3, 26),
	(36, 5, 6),
	(37, 5, 9),
	(38, 5, 13),
	(39, 5, 12),
	(40, 5, 24),
	(41, 5, 25),
	(42, 6, 6),
	(43, 6, 7),
	(44, 6, 33),
	(45, 6, 11),
	(46, 6, 24),
	(47, 6, 27),
	(48, 6, 26),
	(54, 2, 6),
	(55, 2, 10),
	(56, 2, 8),
	(57, 2, 14),
	(58, 2, 18),
	(59, 2, 16),
	(60, 2, 28),
	(61, 2, 31),
	(62, 2, 30),
	(63, 2, 32),
	(64, 2, 1),
	(65, 2, 19),
	(66, 2, 21),
	(67, 2, 23),
	(68, 2, 24),
	(69, 2, 27),
	(70, 2, 26),
	(71, 4, 6),
	(72, 4, 7),
	(74, 4, 14),
	(75, 4, 15),
	(76, 4, 17),
	(77, 4, 24),
	(78, 4, 27),
	(79, 4, 26),
	(81, 4, 10),
	(89, 5, 35),
	(90, 4, 33);
/*!40000 ALTER TABLE `emprolepermission` ENABLE KEYS */;

-- 导出  表 vsms.emptarget 结构
DROP TABLE IF EXISTS `emptarget`;
CREATE TABLE IF NOT EXISTS `emptarget` (
  `id` int(10) NOT NULL AUTO_INCREMENT COMMENT 'ID',
  `employeeid` int(10) DEFAULT NULL COMMENT '员工id',
  `years` smallint(5) DEFAULT NULL COMMENT '年份',
  `months` smallint(5) DEFAULT NULL COMMENT '月份',
  `targetmoney` decimal(14,2) DEFAULT NULL COMMENT '任务金额',
  `targetmoneyminor` decimal(14,2) DEFAULT NULL COMMENT '辅货币任务金额',
  `importreferid` varchar(200) DEFAULT NULL COMMENT '导入引用id',
  `depid` int(10) DEFAULT NULL COMMENT '部门id',
  `orderreceiverate` decimal(3,2) DEFAULT NULL COMMENT '接单率',
  `newcustomernum` int(10) DEFAULT NULL COMMENT '新增客户数',
  `customervisit` int(10) DEFAULT NULL COMMENT '客户拜访数',
  `newoptmoney` decimal(14,2) DEFAULT NULL COMMENT '新增机会金额',
  `newoptmoneyminor` decimal(14,2) DEFAULT NULL COMMENT '新增机会金额辅货币',
  `newoptnum` int(10) DEFAULT NULL COMMENT '新增机会数量',
  `grossmarginratio` decimal(3,2) DEFAULT NULL COMMENT '目标毛利率',
  `returnedmoneyperiod` int(10) DEFAULT NULL COMMENT '标准回款周期',
  `expensedisburse` decimal(14,2) DEFAULT NULL COMMENT '费用支出',
  `expensedisburseminor` decimal(14,2) DEFAULT NULL COMMENT '费用支出辅货币',
  `weightpredictedmoney` decimal(3,2) DEFAULT NULL COMMENT '项目预测金额 权重',
  `weightorderreceiverate` decimal(3,2) DEFAULT NULL COMMENT '接单率 权重',
  `weightnewcustomernum` decimal(3,2) DEFAULT NULL COMMENT '新增客户 权重',
  `weightcustomervisit` decimal(3,2) DEFAULT NULL COMMENT '客户拜访 权重',
  `weightnewoptnum` decimal(3,2) DEFAULT NULL COMMENT '新机会数量 权重',
  `weightnewoptmoney` decimal(3,2) DEFAULT NULL COMMENT '新机会金额 权重',
  `weightorder` decimal(3,2) DEFAULT NULL COMMENT '合同金额 权重',
  `weightshipments` decimal(3,2) DEFAULT NULL COMMENT '发货 权重',
  `weightgrossmarginratio` decimal(3,2) DEFAULT NULL COMMENT '毛利率 权重',
  `weightreturnedmoney` decimal(3,2) DEFAULT NULL COMMENT '应收款 权重',
  `weightexpensedisburse` decimal(3,2) DEFAULT NULL COMMENT '销售费用 权重',
  PRIMARY KEY (`id`),
  UNIQUE KEY `importreferid` (`importreferid`)
) ENGINE=InnoDB DEFAULT CHARSET=utf8 COMMENT='销售任务表';

-- 正在导出表  vsms.emptarget 的数据：~36 rows (大约)
/*!40000 ALTER TABLE `emptarget` DISABLE KEYS */;
INSERT INTO `emptarget` (`id`, `employeeid`, `years`, `months`, `targetmoney`, `targetmoneyminor`, `importreferid`, `depid`, `orderreceiverate`, `newcustomernum`, `customervisit`, `newoptmoney`, `newoptmoneyminor`, `newoptnum`, `grossmarginratio`, `returnedmoneyperiod`, `expensedisburse`, `expensedisburseminor`, `weightpredictedmoney`, `weightorderreceiverate`, `weightnewcustomernum`, `weightcustomervisit`, `weightnewoptnum`, `weightnewoptmoney`, `weightorder`, `weightshipments`, `weightgrossmarginratio`, `weightreturnedmoney`, `weightexpensedisburse`) VALUES
	(1, 5, 2017, 1, 200.00, 29.08, '1', NULL, NULL, NULL, NULL, NULL, NULL, NULL, NULL, NULL, NULL, NULL, NULL, NULL, NULL, NULL, NULL, NULL, NULL, NULL, NULL, NULL, NULL),
	(2, 5, 2017, 2, 200.00, 29.08, '2', NULL, NULL, NULL, NULL, NULL, NULL, NULL, NULL, NULL, NULL, NULL, NULL, NULL, NULL, NULL, NULL, NULL, NULL, NULL, NULL, NULL, NULL),
	(3, 5, 2017, 3, 200.00, 29.08, '3', NULL, NULL, NULL, NULL, NULL, NULL, NULL, NULL, NULL, NULL, NULL, NULL, NULL, NULL, NULL, NULL, NULL, NULL, NULL, NULL, NULL, NULL),
	(4, 5, 2017, 4, 200.00, 29.08, '4', NULL, NULL, NULL, NULL, NULL, NULL, NULL, NULL, NULL, NULL, NULL, NULL, NULL, NULL, NULL, NULL, NULL, NULL, NULL, NULL, NULL, NULL),
	(5, 5, 2017, 5, 200.00, 29.08, '5', NULL, NULL, NULL, NULL, NULL, NULL, NULL, NULL, NULL, NULL, NULL, NULL, NULL, NULL, NULL, NULL, NULL, NULL, NULL, NULL, NULL, NULL),
	(6, 5, 2017, 6, 200.00, 29.08, '6', NULL, NULL, NULL, NULL, NULL, NULL, NULL, NULL, NULL, NULL, NULL, NULL, NULL, NULL, NULL, NULL, NULL, NULL, NULL, NULL, NULL, NULL),
	(7, 5, 2017, 7, 200.00, 29.08, '7', NULL, NULL, NULL, NULL, NULL, NULL, NULL, NULL, NULL, NULL, NULL, NULL, NULL, NULL, NULL, NULL, NULL, NULL, NULL, NULL, NULL, NULL),
	(8, 5, 2017, 8, 200.00, 29.08, '8', NULL, NULL, NULL, NULL, NULL, NULL, NULL, NULL, NULL, NULL, NULL, NULL, NULL, NULL, NULL, NULL, NULL, NULL, NULL, NULL, NULL, NULL),
	(9, 5, 2017, 9, 200.00, 29.08, '9', NULL, NULL, NULL, NULL, NULL, NULL, NULL, NULL, NULL, NULL, NULL, NULL, NULL, NULL, NULL, NULL, NULL, NULL, NULL, NULL, NULL, NULL),
	(10, 5, 2017, 10, 200.00, 29.08, '10', NULL, NULL, NULL, NULL, NULL, NULL, NULL, NULL, NULL, NULL, NULL, NULL, NULL, NULL, NULL, NULL, NULL, NULL, NULL, NULL, NULL, NULL),
	(11, 5, 2017, 11, 200.00, 29.08, '11', NULL, NULL, NULL, NULL, NULL, NULL, NULL, NULL, NULL, NULL, NULL, NULL, NULL, NULL, NULL, NULL, NULL, NULL, NULL, NULL, NULL, NULL),
	(12, 5, 2017, 12, 200.00, 29.08, '12', NULL, NULL, NULL, NULL, NULL, NULL, NULL, NULL, NULL, NULL, NULL, NULL, NULL, NULL, NULL, NULL, NULL, NULL, NULL, NULL, NULL, NULL),
	(13, 3, 2017, 1, 150.00, 21.75, '13', NULL, NULL, NULL, NULL, NULL, NULL, NULL, NULL, NULL, NULL, NULL, NULL, NULL, NULL, NULL, NULL, NULL, NULL, NULL, NULL, NULL, NULL),
	(14, 3, 2017, 2, 150.00, 21.75, '14', NULL, NULL, NULL, NULL, NULL, NULL, NULL, NULL, NULL, NULL, NULL, NULL, NULL, NULL, NULL, NULL, NULL, NULL, NULL, NULL, NULL, NULL),
	(15, 3, 2017, 3, 150.00, 21.75, '15', NULL, NULL, NULL, NULL, NULL, NULL, NULL, NULL, NULL, NULL, NULL, NULL, NULL, NULL, NULL, NULL, NULL, NULL, NULL, NULL, NULL, NULL),
	(16, 3, 2017, 4, 150.00, 21.75, '16', NULL, NULL, NULL, NULL, NULL, NULL, NULL, NULL, NULL, NULL, NULL, NULL, NULL, NULL, NULL, NULL, NULL, NULL, NULL, NULL, NULL, NULL),
	(17, 3, 2017, 5, 150.00, 21.75, '17', NULL, NULL, NULL, NULL, NULL, NULL, NULL, NULL, NULL, NULL, NULL, NULL, NULL, NULL, NULL, NULL, NULL, NULL, NULL, NULL, NULL, NULL),
	(18, 3, 2017, 6, 150.00, 21.75, '18', NULL, NULL, NULL, NULL, NULL, NULL, NULL, NULL, NULL, NULL, NULL, NULL, NULL, NULL, NULL, NULL, NULL, NULL, NULL, NULL, NULL, NULL),
	(19, 3, 2017, 7, 150.00, 21.75, '19', NULL, NULL, NULL, NULL, NULL, NULL, NULL, NULL, NULL, NULL, NULL, NULL, NULL, NULL, NULL, NULL, NULL, NULL, NULL, NULL, NULL, NULL),
	(20, 3, 2017, 8, 150.00, 21.75, '20', NULL, NULL, NULL, NULL, NULL, NULL, NULL, NULL, NULL, NULL, NULL, NULL, NULL, NULL, NULL, NULL, NULL, NULL, NULL, NULL, NULL, NULL),
	(21, 3, 2017, 9, 150.00, 21.75, '21', NULL, NULL, NULL, NULL, NULL, NULL, NULL, NULL, NULL, NULL, NULL, NULL, NULL, NULL, NULL, NULL, NULL, NULL, NULL, NULL, NULL, NULL),
	(22, 3, 2017, 10, 150.00, 21.75, '22', NULL, NULL, NULL, NULL, NULL, NULL, NULL, NULL, NULL, NULL, NULL, NULL, NULL, NULL, NULL, NULL, NULL, NULL, NULL, NULL, NULL, NULL),
	(23, 3, 2017, 11, 150.00, 21.75, '23', NULL, NULL, NULL, NULL, NULL, NULL, NULL, NULL, NULL, NULL, NULL, NULL, NULL, NULL, NULL, NULL, NULL, NULL, NULL, NULL, NULL, NULL),
	(24, 3, 2017, 12, 150.00, 21.75, '24', NULL, NULL, NULL, NULL, NULL, NULL, NULL, NULL, NULL, NULL, NULL, NULL, NULL, NULL, NULL, NULL, NULL, NULL, NULL, NULL, NULL, NULL),
	(25, 6, 2017, 1, 150.00, 21.75, '25', NULL, NULL, NULL, NULL, NULL, NULL, NULL, NULL, NULL, NULL, NULL, NULL, NULL, NULL, NULL, NULL, NULL, NULL, NULL, NULL, NULL, NULL),
	(26, 6, 2017, 2, 150.00, 21.75, '26', NULL, NULL, NULL, NULL, NULL, NULL, NULL, NULL, NULL, NULL, NULL, NULL, NULL, NULL, NULL, NULL, NULL, NULL, NULL, NULL, NULL, NULL),
	(27, 6, 2017, 3, 150.00, 21.75, '27', NULL, NULL, NULL, NULL, NULL, NULL, NULL, NULL, NULL, NULL, NULL, NULL, NULL, NULL, NULL, NULL, NULL, NULL, NULL, NULL, NULL, NULL),
	(28, 6, 2017, 4, 150.00, 21.75, '28', NULL, NULL, NULL, NULL, NULL, NULL, NULL, NULL, NULL, NULL, NULL, NULL, NULL, NULL, NULL, NULL, NULL, NULL, NULL, NULL, NULL, NULL),
	(29, 6, 2017, 5, 150.00, 21.75, '29', NULL, NULL, NULL, NULL, NULL, NULL, NULL, NULL, NULL, NULL, NULL, NULL, NULL, NULL, NULL, NULL, NULL, NULL, NULL, NULL, NULL, NULL),
	(30, 6, 2017, 6, 150.00, 21.75, '30', NULL, NULL, NULL, NULL, NULL, NULL, NULL, NULL, NULL, NULL, NULL, NULL, NULL, NULL, NULL, NULL, NULL, NULL, NULL, NULL, NULL, NULL),
	(31, 6, 2017, 7, 150.00, 21.75, '31', NULL, NULL, NULL, NULL, NULL, NULL, NULL, NULL, NULL, NULL, NULL, NULL, NULL, NULL, NULL, NULL, NULL, NULL, NULL, NULL, NULL, NULL),
	(32, 6, 2017, 8, 150.00, 21.75, '32', NULL, NULL, NULL, NULL, NULL, NULL, NULL, NULL, NULL, NULL, NULL, NULL, NULL, NULL, NULL, NULL, NULL, NULL, NULL, NULL, NULL, NULL),
	(33, 6, 2017, 9, 150.00, 21.75, '33', NULL, NULL, NULL, NULL, NULL, NULL, NULL, NULL, NULL, NULL, NULL, NULL, NULL, NULL, NULL, NULL, NULL, NULL, NULL, NULL, NULL, NULL),
	(34, 6, 2017, 10, 150.00, 21.75, '34', NULL, NULL, NULL, NULL, NULL, NULL, NULL, NULL, NULL, NULL, NULL, NULL, NULL, NULL, NULL, NULL, NULL, NULL, NULL, NULL, NULL, NULL),
	(35, 6, 2017, 11, 150.00, 21.75, '35', NULL, NULL, NULL, NULL, NULL, NULL, NULL, NULL, NULL, NULL, NULL, NULL, NULL, NULL, NULL, NULL, NULL, NULL, NULL, NULL, NULL, NULL),
	(36, 6, 2017, 12, 150.00, 21.75, '36', NULL, NULL, NULL, NULL, NULL, NULL, NULL, NULL, NULL, NULL, NULL, NULL, NULL, NULL, NULL, NULL, NULL, NULL, NULL, NULL, NULL, NULL);
/*!40000 ALTER TABLE `emptarget` ENABLE KEYS */;

-- 导出  表 vsms.emptargetdef 结构
DROP TABLE IF EXISTS `emptargetdef`;
CREATE TABLE IF NOT EXISTS `emptargetdef` (
  `id` int(10) NOT NULL AUTO_INCREMENT COMMENT 'ID',
  `targetname` varchar(50) DEFAULT NULL COMMENT '名称',
  `targetnameen` varchar(50) DEFAULT NULL COMMENT '英文名称',
  `iseditor` tinyint(1) DEFAULT NULL COMMENT '是否可编辑 0-否、1-是',
  PRIMARY KEY (`id`)
) ENGINE=InnoDB DEFAULT CHARSET=utf8 COMMENT='员工指标中英文名称配置';

-- 正在导出表  vsms.emptargetdef 的数据：~12 rows (大约)
/*!40000 ALTER TABLE `emptargetdef` DISABLE KEYS */;
INSERT INTO `emptargetdef` (`id`, `targetname`, `targetnameen`, `iseditor`) VALUES
	(1, '任务金额', 'Task amount', 0),
	(2, '预测金额', 'Forecast amount', 0),
	(3, '接单率', 'Order rate', 0),
	(4, '新增客户', 'New customer', 0),
	(5, '客户拜访', 'Customer call', 0),
	(6, '新增机会(数量)', 'New opportunities (quantity)', 0),
	(7, '新增机会(金额)', 'New opportunities (amount)', 0),
	(8, '合同金额', 'Contract value', 0),
	(9, '发货金额', 'Shipments value', 0),
	(10, '毛利率', 'Profit rate', 0),
	(11, '应收款', 'Account receivable', 1),
	(12, '销售费用', 'Sales cost', 1);
/*!40000 ALTER TABLE `emptargetdef` ENABLE KEYS */;

-- 导出  表 vsms.expensetype 结构
DROP TABLE IF EXISTS `expensetype`;
CREATE TABLE IF NOT EXISTS `expensetype` (
  `id` int(10) NOT NULL AUTO_INCREMENT COMMENT 'ID',
  `expensetype` varchar(500) DEFAULT NULL COMMENT '活动费用类别',
  `expensetypeen` varchar(500) DEFAULT NULL COMMENT '活动费用类别名 --英文对照',
  `isdelete` tinyint(1) DEFAULT NULL,
  `sort` int(10) DEFAULT NULL COMMENT '排序',
  `importreferid` varchar(200) DEFAULT NULL COMMENT '导入引用id',
  PRIMARY KEY (`id`),
  UNIQUE KEY `importreferid` (`importreferid`)
) ENGINE=InnoDB DEFAULT CHARSET=utf8 COMMENT='活动费用类别';

-- 正在导出表  vsms.expensetype 的数据：~3 rows (大约)
/*!40000 ALTER TABLE `expensetype` DISABLE KEYS */;
INSERT INTO `expensetype` (`id`, `expensetype`, `expensetypeen`, `isdelete`, `sort`, `importreferid`) VALUES
	(1, '交通费', 'jiaotong', 0, 3, NULL),
	(2, '住宿费', 'zhusu', 0, 2, NULL),
	(3, '招待费', 'zhaodai', 0, 1, NULL);
/*!40000 ALTER TABLE `expensetype` ENABLE KEYS */;

-- 导出  表 vsms.faranchise 结构
DROP TABLE IF EXISTS `faranchise`;
CREATE TABLE IF NOT EXISTS `faranchise` (
  `id` int(11) NOT NULL AUTO_INCREMENT,
  `faranchisename` varchar(500) DEFAULT NULL COMMENT '代理商名称',
  `faranchisevalue` decimal(14,2) DEFAULT NULL COMMENT '代理商任务金额',
  `faranchiseminor` decimal(14,2) DEFAULT NULL COMMENT '代理商任务,辅货币',
  `faranchisenameen` varchar(500) DEFAULT NULL COMMENT '代理商名 --英文对照',
  `isdelete` tinyint(1) DEFAULT NULL COMMENT '是否删除：0-否，1-是',
  `importreferid` varchar(200) DEFAULT NULL COMMENT '导入引用id',
  `sort` int(10) DEFAULT NULL COMMENT '排序',
  PRIMARY KEY (`id`),
  UNIQUE KEY `importreferid` (`importreferid`)
) ENGINE=InnoDB DEFAULT CHARSET=utf8 COMMENT='代理商表';

-- 正在导出表  vsms.faranchise 的数据：~2 rows (大约)
/*!40000 ALTER TABLE `faranchise` DISABLE KEYS */;
INSERT INTO `faranchise` (`id`, `faranchisename`, `faranchisevalue`, `faranchiseminor`, `faranchisenameen`, `isdelete`, `importreferid`, `sort`) VALUES
	(1, '北京金盛牙科设备有限公司', 5000000.00, 750000.00, 'BeiJing KingSheng Dental Equipment Co., Ltd.', 0, '1', NULL),
	(2, '广东科华牙科设备有限公司', 10000000.00, 1450000.00, 'GuangDong KeHua Dental Equipment Co., Ltd.', 0, '2', NULL);
/*!40000 ALTER TABLE `faranchise` ENABLE KEYS */;

-- 导出  表 vsms.financialdata 结构
DROP TABLE IF EXISTS `financialdata`;
CREATE TABLE IF NOT EXISTS `financialdata` (
  `id` int(10) NOT NULL AUTO_INCREMENT,
  `employeeid` int(10) DEFAULT NULL COMMENT '员工id',
  `ordermoney` decimal(14,2) DEFAULT NULL COMMENT '合同金额',
  `ordermoneyminor` decimal(14,2) DEFAULT NULL COMMENT '合同金额辅货币',
  `shipmentsmoney` decimal(14,2) DEFAULT NULL COMMENT '发货金额',
  `shipmentsmoneyminor` decimal(14,2) DEFAULT NULL COMMENT '发货金额辅货币',
  `expensedisburse` decimal(14,2) DEFAULT NULL COMMENT '费用支出',
  `expensedisburseminor` decimal(14,2) DEFAULT NULL COMMENT '费用支出辅货币',
  `grossmarginratio` decimal(14,2) DEFAULT NULL COMMENT '毛利率',
  `returnedmoneyperiod` decimal(14,2) DEFAULT NULL COMMENT '回款周期',
  `createdatetime` varchar(200) DEFAULT NULL COMMENT '创建时间',
  PRIMARY KEY (`id`)
) ENGINE=InnoDB DEFAULT CHARSET=utf8 COMMENT='财务数据';

-- 正在导出表  vsms.financialdata 的数据：~0 rows (大约)
/*!40000 ALTER TABLE `financialdata` DISABLE KEYS */;
/*!40000 ALTER TABLE `financialdata` ENABLE KEYS */;

-- 导出  表 vsms.industry 结构
DROP TABLE IF EXISTS `industry`;
CREATE TABLE IF NOT EXISTS `industry` (
  `id` int(10) NOT NULL AUTO_INCREMENT COMMENT 'ID',
  `industry` varchar(500) DEFAULT NULL COMMENT '名称',
  `industryen` varchar(500) DEFAULT NULL COMMENT '行业名 --英文对照',
  `isdelete` tinyint(1) DEFAULT NULL COMMENT '是否删除：0-否，1-是',
  `importreferid` varchar(200) DEFAULT NULL COMMENT '导入引用id',
  `sort` int(10) DEFAULT NULL COMMENT '排序',
  PRIMARY KEY (`id`),
  UNIQUE KEY `importreferid` (`importreferid`)
) ENGINE=InnoDB DEFAULT CHARSET=utf8 COMMENT='行业表';

-- 正在导出表  vsms.industry 的数据：~8 rows (大约)
/*!40000 ALTER TABLE `industry` DISABLE KEYS */;
INSERT INTO `industry` (`id`, `industry`, `industryen`, `isdelete`, `importreferid`, `sort`) VALUES
	(1, '三级甲等', '3A Hospital', 0, '1', NULL),
	(2, '三级乙等', '3B Hospital', 0, '2', NULL),
	(3, '二级甲等', '2A Hospital', 0, '3', NULL),
	(4, '二乙以下', '2B Hospital', 0, '4', NULL),
	(5, '军队医院', 'Military Hospital', 0, '5', NULL),
	(6, '民营医院', 'Private Hospital', 0, '6', NULL),
	(7, '口腔诊所', 'Dental Clinic', 0, '7', NULL),
	(8, '其他', 'Others', 0, '8', NULL);
/*!40000 ALTER TABLE `industry` ENABLE KEYS */;

-- 导出  表 vsms.industrysub 结构
DROP TABLE IF EXISTS `industrysub`;
CREATE TABLE IF NOT EXISTS `industrysub` (
  `id` int(10) NOT NULL AUTO_INCREMENT COMMENT 'ID',
  `industryid` int(10) DEFAULT NULL COMMENT '行业id',
  `industrysub` varchar(500) DEFAULT NULL COMMENT '名称',
  `industrysuben` varchar(500) DEFAULT NULL COMMENT '子行业名 --英文对照',
  `isdelete` tinyint(1) DEFAULT NULL COMMENT '是否删除：0-否，1-是',
  `importreferid` varchar(200) DEFAULT NULL COMMENT '导入引用id',
  `sort` int(10) DEFAULT NULL COMMENT '排序',
  PRIMARY KEY (`id`),
  UNIQUE KEY `importreferid` (`importreferid`)
) ENGINE=InnoDB DEFAULT CHARSET=utf8 COMMENT='子行业表';

-- 正在导出表  vsms.industrysub 的数据：~0 rows (大约)
/*!40000 ALTER TABLE `industrysub` DISABLE KEYS */;
/*!40000 ALTER TABLE `industrysub` ENABLE KEYS */;

-- 导出  表 vsms.lead 结构
DROP TABLE IF EXISTS `lead`;
CREATE TABLE IF NOT EXISTS `lead` (
  `id` int(10) NOT NULL AUTO_INCREMENT COMMENT 'ID',
  `leadno` varchar(500) DEFAULT NULL COMMENT '线索编号',
  `customertype` tinyint(1) DEFAULT NULL COMMENT '客户类型 0：临时 1：正式',
  `customerid` int(10) DEFAULT NULL COMMENT '客户id',
  `sourceid` int(11) DEFAULT NULL COMMENT '来源id',
  `isoptdatetime` datetime DEFAULT NULL COMMENT '成为机会时间',
  `backdatetime` datetime DEFAULT NULL COMMENT '退回时间',
  `talkresult` text COMMENT '沟通结果',
  `leadscope` text COMMENT '线索范围',
  `isdelete` tinyint(1) DEFAULT NULL COMMENT '是否删除：0-否，1-是',
  `owndatetime` datetime DEFAULT NULL COMMENT '归属时间',
  `ownerid` int(10) DEFAULT NULL COMMENT '所属人id',
  `createrid` int(10) DEFAULT NULL COMMENT '创建人id',
  `createdatetime` datetime DEFAULT NULL COMMENT '创建时间',
  `remark` text COMMENT '备注',
  `status` smallint(6) DEFAULT NULL COMMENT '线索状态 1-跟进中，2-退回，3-转机会 ',
  `isupdate` int(10) DEFAULT NULL COMMENT '是否更新,1更新 0不更新',
  PRIMARY KEY (`id`),
  KEY `index_customerid` (`customerid`)
) ENGINE=InnoDB DEFAULT CHARSET=utf8 COMMENT='销售线索表';

-- 正在导出表  vsms.lead 的数据：~360 rows (大约)
/*!40000 ALTER TABLE `lead` DISABLE KEYS */;
INSERT INTO `lead` (`id`, `leadno`, `customertype`, `customerid`, `sourceid`, `isoptdatetime`, `backdatetime`, `talkresult`, `leadscope`, `isdelete`, `owndatetime`, `ownerid`, `createrid`, `createdatetime`, `remark`, `status`, `isupdate`) VALUES
	(1, 'LD927001', 1, 1, 3, NULL, NULL, '客户对我公司的手机产品感兴趣', NULL, 0, NULL, 3, 1, '2017-01-01 00:00:00', '', 1, NULL),
	(2, 'LD927002', 1, 2, 2, NULL, NULL, '客户对我公司的手机产品感兴趣', NULL, 0, NULL, 3, 1, '2017-01-01 00:00:00', '', 1, NULL),
	(3, 'LD927003', 1, 3, 2, NULL, NULL, '客户对我公司的手机产品感兴趣', NULL, 0, NULL, 3, 1, '2017-01-01 00:00:00', '', 1, NULL),
	(4, 'LD927004', 1, 4, 6, NULL, '2017-01-28 00:00:00', '客户对我公司的手机产品感兴趣', NULL, 0, NULL, 3, 1, '2017-01-01 00:00:00', '退回市场', 2, NULL),
	(5, 'LD927005', 1, 5, 3, NULL, '2017-01-28 00:00:00', '客户对我公司的手机产品感兴趣', NULL, 0, NULL, 3, 1, '2017-01-01 00:00:00', '退回市场', 2, NULL),
	(6, 'LD927006', 1, 6, 4, '2017-01-28 00:00:00', NULL, '客户对我公司的手机产品感兴趣', NULL, 0, NULL, 3, 1, '2017-01-01 00:00:00', '转销售机会', 3, NULL),
	(7, 'LD927007', 1, 7, 2, '2017-01-28 00:00:00', NULL, '客户对我公司的手机产品感兴趣', NULL, 0, NULL, 3, 1, '2017-01-01 00:00:00', '转销售机会', 3, NULL),
	(8, 'LD927008', 1, 8, 4, '2017-01-28 00:00:00', NULL, '客户对我公司的手机产品感兴趣', NULL, 0, NULL, 3, 1, '2017-01-01 00:00:00', '转销售机会', 3, NULL),
	(9, 'LD927009', 1, 9, 6, '2017-01-28 00:00:00', NULL, '客户对我公司的手机产品感兴趣', NULL, 0, NULL, 3, 1, '2017-01-01 00:00:00', '转销售机会', 3, NULL),
	(10, 'LD927010', 1, 10, 6, '2017-01-28 00:00:00', NULL, '客户对我公司的手机产品感兴趣', NULL, 0, NULL, 3, 1, '2017-01-01 00:00:00', '转销售机会', 3, NULL),
	(11, 'LD927011', 1, 11, 3, NULL, NULL, '客户对我公司的手机产品感兴趣', NULL, 0, NULL, 5, 1, '2017-01-01 00:00:00', '', 1, NULL),
	(12, 'LD927012', 1, 12, 2, NULL, NULL, '客户对我公司的手机产品感兴趣', NULL, 0, NULL, 5, 1, '2017-01-01 00:00:00', '', 1, NULL),
	(13, 'LD927013', 1, 13, 2, NULL, NULL, '客户对我公司的手机产品感兴趣', NULL, 0, NULL, 5, 1, '2017-01-01 00:00:00', '', 1, NULL),
	(14, 'LD927014', 1, 14, 2, NULL, NULL, '客户对我公司的手机产品感兴趣', NULL, 0, NULL, 5, 1, '2017-01-01 00:00:00', '', 1, NULL),
	(15, 'LD927015', 1, 15, 6, NULL, '2017-01-28 00:00:00', '客户对我公司的手机产品感兴趣', NULL, 0, NULL, 5, 1, '2017-01-01 00:00:00', '退回市场', 2, NULL),
	(16, 'LD927016', 1, 16, 4, NULL, '2017-01-28 00:00:00', '客户对我公司的手机产品感兴趣', NULL, 0, NULL, 5, 1, '2017-01-01 00:00:00', '退回市场', 2, NULL),
	(17, 'LD927017', 1, 17, 3, NULL, '2017-01-28 00:00:00', '客户对我公司的手机产品感兴趣', NULL, 0, NULL, 5, 1, '2017-01-01 00:00:00', '退回市场', 2, NULL),
	(18, 'LD927018', 1, 18, 6, '2017-01-28 00:00:00', NULL, '客户对我公司的手机产品感兴趣', NULL, 0, NULL, 5, 1, '2017-01-01 00:00:00', '转销售机会', 3, NULL),
	(19, 'LD927019', 1, 19, 2, '2017-01-28 00:00:00', NULL, '客户对我公司的手机产品感兴趣', NULL, 0, NULL, 5, 1, '2017-01-01 00:00:00', '转销售机会', 3, NULL),
	(20, 'LD927020', 1, 20, 4, '2017-01-28 00:00:00', NULL, '客户对我公司的手机产品感兴趣', NULL, 0, NULL, 5, 1, '2017-01-01 00:00:00', '转销售机会', 3, NULL),
	(21, 'LD927021', 1, 21, 6, NULL, NULL, '客户对我公司的手机产品感兴趣', NULL, 0, NULL, 6, 1, '2017-01-01 00:00:00', '', 1, NULL),
	(22, 'LD927022', 1, 22, 2, NULL, NULL, '客户对我公司的手机产品感兴趣', NULL, 0, NULL, 6, 1, '2017-01-01 00:00:00', '', 1, NULL),
	(23, 'LD927023', 1, 23, 4, NULL, NULL, '客户对我公司的手机产品感兴趣', NULL, 0, NULL, 6, 1, '2017-01-01 00:00:00', '', 1, NULL),
	(24, 'LD927024', 1, 24, 2, NULL, NULL, '客户对我公司的手机产品感兴趣', NULL, 0, NULL, 6, 1, '2017-01-01 00:00:00', '', 1, NULL),
	(25, 'LD927025', 1, 25, 2, NULL, NULL, '客户对我公司的手机产品感兴趣', NULL, 0, NULL, 6, 1, '2017-01-01 00:00:00', '', 1, NULL),
	(26, 'LD927026', 1, 26, 6, NULL, '2017-01-28 00:00:00', '客户对我公司的手机产品感兴趣', NULL, 0, NULL, 6, 1, '2017-01-01 00:00:00', '退回市场', 2, NULL),
	(27, 'LD927027', 1, 27, 3, '2017-01-28 00:00:00', NULL, '客户对我公司的手机产品感兴趣', NULL, 0, NULL, 6, 1, '2017-01-01 00:00:00', '转销售机会', 3, NULL),
	(28, 'LD927028', 1, 28, 6, '2017-01-28 00:00:00', NULL, '客户对我公司的手机产品感兴趣', NULL, 0, NULL, 6, 1, '2017-01-01 00:00:00', '转销售机会', 3, NULL),
	(29, 'LD927029', 1, 29, 6, '2017-01-28 00:00:00', NULL, '客户对我公司的手机产品感兴趣', NULL, 0, NULL, 6, 1, '2017-01-01 00:00:00', '转销售机会', 3, NULL),
	(30, 'LD927030', 1, 30, 2, '2017-01-28 00:00:00', NULL, '客户对我公司的手机产品感兴趣', NULL, 0, NULL, 6, 1, '2017-01-01 00:00:00', '转销售机会', 3, NULL),
	(31, 'LD9270031', 1, 1, 3, NULL, NULL, '客户对我公司的手机产品感兴趣', NULL, 0, NULL, 3, 1, '2017-02-01 00:00:00', '', 1, NULL),
	(32, 'LD9270032', 1, 2, 2, NULL, NULL, '客户对我公司的手机产品感兴趣', NULL, 0, NULL, 3, 1, '2017-02-01 00:00:00', '', 1, NULL),
	(33, 'LD9270033', 1, 3, 2, NULL, NULL, '客户对我公司的手机产品感兴趣', NULL, 0, NULL, 3, 1, '2017-02-01 00:00:00', '', 1, NULL),
	(34, 'LD9270034', 1, 4, 6, NULL, '2017-02-28 00:00:00', '客户对我公司的手机产品感兴趣', NULL, 0, NULL, 3, 1, '2017-02-01 00:00:00', '退回市场', 2, NULL),
	(35, 'LD9270035', 1, 5, 3, NULL, '2017-02-28 00:00:00', '客户对我公司的手机产品感兴趣', NULL, 0, NULL, 3, 1, '2017-02-01 00:00:00', '退回市场', 2, NULL),
	(36, 'LD9270036', 1, 6, 4, '2017-02-28 00:00:00', NULL, '客户对我公司的手机产品感兴趣', NULL, 0, NULL, 3, 1, '2017-02-01 00:00:00', '转销售机会', 3, NULL),
	(37, 'LD9270037', 1, 7, 2, '2017-02-28 00:00:00', NULL, '客户对我公司的手机产品感兴趣', NULL, 0, NULL, 3, 1, '2017-02-01 00:00:00', '转销售机会', 3, NULL),
	(38, 'LD9270038', 1, 8, 4, '2017-02-28 00:00:00', NULL, '客户对我公司的手机产品感兴趣', NULL, 0, NULL, 3, 1, '2017-02-01 00:00:00', '转销售机会', 3, NULL),
	(39, 'LD9270039', 1, 9, 6, '2017-02-28 00:00:00', NULL, '客户对我公司的手机产品感兴趣', NULL, 0, NULL, 3, 1, '2017-02-01 00:00:00', '转销售机会', 3, NULL),
	(40, 'LD927040', 1, 10, 6, '2017-02-28 00:00:00', NULL, '客户对我公司的手机产品感兴趣', NULL, 0, NULL, 3, 1, '2017-02-01 00:00:00', '转销售机会', 3, NULL),
	(41, 'LD927041', 1, 11, 3, NULL, NULL, '客户对我公司的手机产品感兴趣', NULL, 0, NULL, 5, 1, '2017-02-01 00:00:00', '', 1, NULL),
	(42, 'LD927042', 1, 12, 2, NULL, NULL, '客户对我公司的手机产品感兴趣', NULL, 0, NULL, 5, 1, '2017-02-01 00:00:00', '', 1, NULL),
	(43, 'LD927043', 1, 13, 2, NULL, NULL, '客户对我公司的手机产品感兴趣', NULL, 0, NULL, 5, 1, '2017-02-01 00:00:00', '', 1, NULL),
	(44, 'LD927044', 1, 14, 2, NULL, NULL, '客户对我公司的手机产品感兴趣', NULL, 0, NULL, 5, 1, '2017-02-01 00:00:00', '', 1, NULL),
	(45, 'LD927045', 1, 15, 6, NULL, '2017-02-28 00:00:00', '客户对我公司的手机产品感兴趣', NULL, 0, NULL, 5, 1, '2017-02-01 00:00:00', '退回市场', 2, NULL),
	(46, 'LD927046', 1, 16, 4, NULL, '2017-02-28 00:00:00', '客户对我公司的手机产品感兴趣', NULL, 0, NULL, 5, 1, '2017-02-01 00:00:00', '退回市场', 2, NULL),
	(47, 'LD927047', 1, 17, 3, NULL, '2017-02-28 00:00:00', '客户对我公司的手机产品感兴趣', NULL, 0, NULL, 5, 1, '2017-02-01 00:00:00', '退回市场', 2, NULL),
	(48, 'LD927048', 1, 18, 6, '2017-02-28 00:00:00', NULL, '客户对我公司的手机产品感兴趣', NULL, 0, NULL, 5, 1, '2017-02-01 00:00:00', '转销售机会', 3, NULL),
	(49, 'LD927049', 1, 19, 2, '2017-02-28 00:00:00', NULL, '客户对我公司的手机产品感兴趣', NULL, 0, NULL, 5, 1, '2017-02-01 00:00:00', '转销售机会', 3, NULL),
	(50, 'LD927050', 1, 20, 4, '2017-02-28 00:00:00', NULL, '客户对我公司的手机产品感兴趣', NULL, 0, NULL, 5, 1, '2017-02-01 00:00:00', '转销售机会', 3, NULL),
	(51, 'LD927051', 1, 21, 6, NULL, NULL, '客户对我公司的手机产品感兴趣', NULL, 0, NULL, 6, 1, '2017-02-01 00:00:00', '', 1, NULL),
	(52, 'LD927052', 1, 22, 2, NULL, NULL, '客户对我公司的手机产品感兴趣', NULL, 0, NULL, 6, 1, '2017-02-01 00:00:00', '', 1, NULL),
	(53, 'LD927053', 1, 23, 4, NULL, NULL, '客户对我公司的手机产品感兴趣', NULL, 0, NULL, 6, 1, '2017-02-01 00:00:00', '', 1, NULL),
	(54, 'LD927054', 1, 24, 2, NULL, NULL, '客户对我公司的手机产品感兴趣', NULL, 0, NULL, 6, 1, '2017-02-01 00:00:00', '', 1, NULL),
	(55, 'LD927055', 1, 25, 2, NULL, NULL, '客户对我公司的手机产品感兴趣', NULL, 0, NULL, 6, 1, '2017-02-01 00:00:00', '', 1, NULL),
	(56, 'LD927056', 1, 26, 6, NULL, '2017-02-28 00:00:00', '客户对我公司的手机产品感兴趣', NULL, 0, NULL, 6, 1, '2017-02-01 00:00:00', '退回市场', 2, NULL),
	(57, 'LD927057', 1, 27, 3, '2017-02-28 00:00:00', NULL, '客户对我公司的手机产品感兴趣', NULL, 0, NULL, 6, 1, '2017-02-01 00:00:00', '转销售机会', 3, NULL),
	(58, 'LD927058', 1, 28, 6, '2017-02-28 00:00:00', NULL, '客户对我公司的手机产品感兴趣', NULL, 0, NULL, 6, 1, '2017-02-01 00:00:00', '转销售机会', 3, NULL),
	(59, 'LD927059', 1, 29, 6, '2017-02-28 00:00:00', NULL, '客户对我公司的手机产品感兴趣', NULL, 0, NULL, 6, 1, '2017-02-01 00:00:00', '转销售机会', 3, NULL),
	(60, 'LD927060', 1, 30, 2, '2017-02-28 00:00:00', NULL, '客户对我公司的手机产品感兴趣', NULL, 0, NULL, 6, 1, '2017-02-01 00:00:00', '转销售机会', 3, NULL),
	(61, 'LD9270061', 1, 1, 3, NULL, NULL, '客户对我公司的手机产品感兴趣', NULL, 0, NULL, 3, 1, '2017-03-01 00:00:00', '', 1, NULL),
	(62, 'LD9270062', 1, 2, 2, NULL, NULL, '客户对我公司的手机产品感兴趣', NULL, 0, NULL, 3, 1, '2017-03-01 00:00:00', '', 1, NULL),
	(63, 'LD9270063', 1, 3, 2, NULL, NULL, '客户对我公司的手机产品感兴趣', NULL, 0, NULL, 3, 1, '2017-03-01 00:00:00', '', 1, NULL),
	(64, 'LD9270064', 1, 4, 6, NULL, '2017-03-28 00:00:00', '客户对我公司的手机产品感兴趣', NULL, 0, NULL, 3, 1, '2017-03-01 00:00:00', '退回市场', 2, NULL),
	(65, 'LD9270065', 1, 5, 3, NULL, '2017-03-28 00:00:00', '客户对我公司的手机产品感兴趣', NULL, 0, NULL, 3, 1, '2017-03-01 00:00:00', '退回市场', 2, NULL),
	(66, 'LD9270066', 1, 6, 4, '2017-03-28 00:00:00', NULL, '客户对我公司的手机产品感兴趣', NULL, 0, NULL, 3, 1, '2017-03-01 00:00:00', '转销售机会', 3, NULL),
	(67, 'LD9270067', 1, 7, 2, '2017-03-28 00:00:00', NULL, '客户对我公司的手机产品感兴趣', NULL, 0, NULL, 3, 1, '2017-03-01 00:00:00', '转销售机会', 3, NULL),
	(68, 'LD9270068', 1, 8, 4, '2017-03-28 00:00:00', NULL, '客户对我公司的手机产品感兴趣', NULL, 0, NULL, 3, 1, '2017-03-01 00:00:00', '转销售机会', 3, NULL),
	(69, 'LD9270069', 1, 9, 6, '2017-03-28 00:00:00', NULL, '客户对我公司的手机产品感兴趣', NULL, 0, NULL, 3, 1, '2017-03-01 00:00:00', '转销售机会', 3, NULL),
	(70, 'LD927070', 1, 10, 6, '2017-03-28 00:00:00', NULL, '客户对我公司的手机产品感兴趣', NULL, 0, NULL, 3, 1, '2017-03-01 00:00:00', '转销售机会', 3, NULL),
	(71, 'LD927071', 1, 11, 3, NULL, NULL, '客户对我公司的手机产品感兴趣', NULL, 0, NULL, 5, 1, '2017-03-01 00:00:00', '', 1, NULL),
	(72, 'LD927072', 1, 12, 2, NULL, NULL, '客户对我公司的手机产品感兴趣', NULL, 0, NULL, 5, 1, '2017-03-01 00:00:00', '', 1, NULL),
	(73, 'LD927073', 1, 13, 2, NULL, NULL, '客户对我公司的手机产品感兴趣', NULL, 0, NULL, 5, 1, '2017-03-01 00:00:00', '', 1, NULL),
	(74, 'LD927074', 1, 14, 2, NULL, NULL, '客户对我公司的手机产品感兴趣', NULL, 0, NULL, 5, 1, '2017-03-01 00:00:00', '', 1, NULL),
	(75, 'LD927075', 1, 15, 6, NULL, '2017-03-28 00:00:00', '客户对我公司的手机产品感兴趣', NULL, 0, NULL, 5, 1, '2017-03-01 00:00:00', '退回市场', 2, NULL),
	(76, 'LD927076', 1, 16, 4, NULL, '2017-03-28 00:00:00', '客户对我公司的手机产品感兴趣', NULL, 0, NULL, 5, 1, '2017-03-01 00:00:00', '退回市场', 2, NULL),
	(77, 'LD927077', 1, 17, 3, NULL, '2017-03-28 00:00:00', '客户对我公司的手机产品感兴趣', NULL, 0, NULL, 5, 1, '2017-03-01 00:00:00', '退回市场', 2, NULL),
	(78, 'LD927078', 1, 18, 6, '2017-03-28 00:00:00', NULL, '客户对我公司的手机产品感兴趣', NULL, 0, NULL, 5, 1, '2017-03-01 00:00:00', '转销售机会', 3, NULL),
	(79, 'LD927079', 1, 19, 2, '2017-03-28 00:00:00', NULL, '客户对我公司的手机产品感兴趣', NULL, 0, NULL, 5, 1, '2017-03-01 00:00:00', '转销售机会', 3, NULL),
	(80, 'LD927080', 1, 20, 4, '2017-03-28 00:00:00', NULL, '客户对我公司的手机产品感兴趣', NULL, 0, NULL, 5, 1, '2017-03-01 00:00:00', '转销售机会', 3, NULL),
	(81, 'LD927081', 1, 21, 6, NULL, NULL, '客户对我公司的手机产品感兴趣', NULL, 0, NULL, 6, 1, '2017-03-01 00:00:00', '', 1, NULL),
	(82, 'LD927082', 1, 22, 2, NULL, NULL, '客户对我公司的手机产品感兴趣', NULL, 0, NULL, 6, 1, '2017-03-01 00:00:00', '', 1, NULL),
	(83, 'LD927083', 1, 23, 4, NULL, NULL, '客户对我公司的手机产品感兴趣', NULL, 0, NULL, 6, 1, '2017-03-01 00:00:00', '', 1, NULL),
	(84, 'LD927084', 1, 24, 2, NULL, NULL, '客户对我公司的手机产品感兴趣', NULL, 0, NULL, 6, 1, '2017-03-01 00:00:00', '', 1, NULL),
	(85, 'LD927085', 1, 25, 2, NULL, NULL, '客户对我公司的手机产品感兴趣', NULL, 0, NULL, 6, 1, '2017-03-01 00:00:00', '', 1, NULL),
	(86, 'LD927086', 1, 26, 6, NULL, '2017-03-28 00:00:00', '客户对我公司的手机产品感兴趣', NULL, 0, NULL, 6, 1, '2017-03-01 00:00:00', '退回市场', 2, NULL),
	(87, 'LD927087', 1, 27, 3, '2017-03-28 00:00:00', NULL, '客户对我公司的手机产品感兴趣', NULL, 0, NULL, 6, 1, '2017-03-01 00:00:00', '转销售机会', 3, NULL),
	(88, 'LD927088', 1, 28, 6, '2017-03-28 00:00:00', NULL, '客户对我公司的手机产品感兴趣', NULL, 0, NULL, 6, 1, '2017-03-01 00:00:00', '转销售机会', 3, NULL),
	(89, 'LD927089', 1, 29, 6, '2017-03-28 00:00:00', NULL, '客户对我公司的手机产品感兴趣', NULL, 0, NULL, 6, 1, '2017-03-01 00:00:00', '转销售机会', 3, NULL),
	(90, 'LD927090', 1, 30, 2, '2017-03-28 00:00:00', NULL, '客户对我公司的手机产品感兴趣', NULL, 0, NULL, 6, 1, '2017-03-01 00:00:00', '转销售机会', 3, NULL),
	(91, 'LD9270091', 1, 1, 3, NULL, NULL, '客户对我公司的手机产品感兴趣', NULL, 0, NULL, 3, 1, '2017-04-01 00:00:00', '', 1, NULL),
	(92, 'LD9270092', 1, 2, 2, NULL, NULL, '客户对我公司的手机产品感兴趣', NULL, 0, NULL, 3, 1, '2017-04-01 00:00:00', '', 1, NULL),
	(93, 'LD9270093', 1, 3, 2, NULL, NULL, '客户对我公司的手机产品感兴趣', NULL, 0, NULL, 3, 1, '2017-04-01 00:00:00', '', 1, NULL),
	(94, 'LD9270094', 1, 4, 6, NULL, '2017-04-28 00:00:00', '客户对我公司的手机产品感兴趣', NULL, 0, NULL, 3, 1, '2017-04-01 00:00:00', '退回市场', 2, NULL),
	(95, 'LD9270095', 1, 5, 3, NULL, '2017-04-28 00:00:00', '客户对我公司的手机产品感兴趣', NULL, 0, NULL, 3, 1, '2017-04-01 00:00:00', '退回市场', 2, NULL),
	(96, 'LD9270096', 1, 6, 4, '2017-04-28 00:00:00', NULL, '客户对我公司的手机产品感兴趣', NULL, 0, NULL, 3, 1, '2017-04-01 00:00:00', '转销售机会', 3, NULL),
	(97, 'LD9270097', 1, 7, 2, '2017-04-28 00:00:00', NULL, '客户对我公司的手机产品感兴趣', NULL, 0, NULL, 3, 1, '2017-04-01 00:00:00', '转销售机会', 3, NULL),
	(98, 'LD9270098', 1, 8, 4, '2017-04-28 00:00:00', NULL, '客户对我公司的手机产品感兴趣', NULL, 0, NULL, 3, 1, '2017-04-01 00:00:00', '转销售机会', 3, NULL),
	(99, 'LD9270099', 1, 9, 6, '2017-04-28 00:00:00', NULL, '客户对我公司的手机产品感兴趣', NULL, 0, NULL, 3, 1, '2017-04-01 00:00:00', '转销售机会', 3, NULL),
	(100, 'LD9270100', 1, 10, 6, '2017-04-28 00:00:00', NULL, '客户对我公司的手机产品感兴趣', NULL, 0, NULL, 3, 1, '2017-04-01 00:00:00', '转销售机会', 3, NULL),
	(101, 'LD9270101', 1, 11, 3, NULL, NULL, '客户对我公司的手机产品感兴趣', NULL, 0, NULL, 5, 1, '2017-04-01 00:00:00', '', 1, NULL),
	(102, 'LD9270102', 1, 12, 2, NULL, NULL, '客户对我公司的手机产品感兴趣', NULL, 0, NULL, 5, 1, '2017-04-01 00:00:00', '', 1, NULL),
	(103, 'LD9270103', 1, 13, 2, NULL, NULL, '客户对我公司的手机产品感兴趣', NULL, 0, NULL, 5, 1, '2017-04-01 00:00:00', '', 1, NULL),
	(104, 'LD9270104', 1, 14, 2, NULL, NULL, '客户对我公司的手机产品感兴趣', NULL, 0, NULL, 5, 1, '2017-04-01 00:00:00', '', 1, NULL),
	(105, 'LD9270105', 1, 15, 6, NULL, '2017-04-28 00:00:00', '客户对我公司的手机产品感兴趣', NULL, 0, NULL, 5, 1, '2017-04-01 00:00:00', '退回市场', 2, NULL),
	(106, 'LD9270106', 1, 16, 4, NULL, '2017-04-28 00:00:00', '客户对我公司的手机产品感兴趣', NULL, 0, NULL, 5, 1, '2017-04-01 00:00:00', '退回市场', 2, NULL),
	(107, 'LD9270107', 1, 17, 3, NULL, '2017-04-28 00:00:00', '客户对我公司的手机产品感兴趣', NULL, 0, NULL, 5, 1, '2017-04-01 00:00:00', '退回市场', 2, NULL),
	(108, 'LD9270108', 1, 18, 6, '2017-04-28 00:00:00', NULL, '客户对我公司的手机产品感兴趣', NULL, 0, NULL, 5, 1, '2017-04-01 00:00:00', '转销售机会', 3, NULL),
	(109, 'LD9270109', 1, 19, 2, '2017-04-28 00:00:00', NULL, '客户对我公司的手机产品感兴趣', NULL, 0, NULL, 5, 1, '2017-04-01 00:00:00', '转销售机会', 3, NULL),
	(110, 'LD9270110', 1, 20, 4, '2017-04-28 00:00:00', NULL, '客户对我公司的手机产品感兴趣', NULL, 0, NULL, 5, 1, '2017-04-01 00:00:00', '转销售机会', 3, NULL),
	(111, 'LD9270111', 1, 21, 6, NULL, NULL, '客户对我公司的手机产品感兴趣', NULL, 0, NULL, 6, 1, '2017-04-01 00:00:00', '', 1, NULL),
	(112, 'LD9270112', 1, 22, 2, NULL, NULL, '客户对我公司的手机产品感兴趣', NULL, 0, NULL, 6, 1, '2017-04-01 00:00:00', '', 1, NULL),
	(113, 'LD9270113', 1, 23, 4, NULL, NULL, '客户对我公司的手机产品感兴趣', NULL, 0, NULL, 6, 1, '2017-04-01 00:00:00', '', 1, NULL),
	(114, 'LD9270114', 1, 24, 2, NULL, NULL, '客户对我公司的手机产品感兴趣', NULL, 0, NULL, 6, 1, '2017-04-01 00:00:00', '', 1, NULL),
	(115, 'LD9270115', 1, 25, 2, NULL, NULL, '客户对我公司的手机产品感兴趣', NULL, 0, NULL, 6, 1, '2017-04-01 00:00:00', '', 1, NULL),
	(116, 'LD9270116', 1, 26, 6, NULL, '2017-04-28 00:00:00', '客户对我公司的手机产品感兴趣', NULL, 0, NULL, 6, 1, '2017-04-01 00:00:00', '退回市场', 2, NULL),
	(117, 'LD9270117', 1, 27, 3, '2017-04-28 00:00:00', NULL, '客户对我公司的手机产品感兴趣', NULL, 0, NULL, 6, 1, '2017-04-01 00:00:00', '转销售机会', 3, NULL),
	(118, 'LD9270118', 1, 28, 6, '2017-04-28 00:00:00', NULL, '客户对我公司的手机产品感兴趣', NULL, 0, NULL, 6, 1, '2017-04-01 00:00:00', '转销售机会', 3, NULL),
	(119, 'LD9270119', 1, 29, 6, '2017-04-28 00:00:00', NULL, '客户对我公司的手机产品感兴趣', NULL, 0, NULL, 6, 1, '2017-04-01 00:00:00', '转销售机会', 3, NULL),
	(120, 'LD9270120', 1, 30, 2, '2017-04-28 00:00:00', NULL, '客户对我公司的手机产品感兴趣', NULL, 0, NULL, 6, 1, '2017-04-01 00:00:00', '转销售机会', 3, NULL),
	(121, 'LD92700121', 1, 1, 3, NULL, NULL, '客户对我公司的手机产品感兴趣', NULL, 0, NULL, 3, 1, '2017-05-01 00:00:00', '', 1, NULL),
	(122, 'LD92700122', 1, 2, 2, NULL, NULL, '客户对我公司的手机产品感兴趣', NULL, 0, NULL, 3, 1, '2017-05-01 00:00:00', '', 1, NULL),
	(123, 'LD92700123', 1, 3, 2, NULL, NULL, '客户对我公司的手机产品感兴趣', NULL, 0, NULL, 3, 1, '2017-05-01 00:00:00', '', 1, NULL),
	(124, 'LD92700124', 1, 4, 6, NULL, '2017-05-28 00:00:00', '客户对我公司的手机产品感兴趣', NULL, 0, NULL, 3, 1, '2017-05-01 00:00:00', '退回市场', 2, NULL),
	(125, 'LD92700125', 1, 5, 3, NULL, '2017-05-28 00:00:00', '客户对我公司的手机产品感兴趣', NULL, 0, NULL, 3, 1, '2017-05-01 00:00:00', '退回市场', 2, NULL),
	(126, 'LD92700126', 1, 6, 4, '2017-05-28 00:00:00', NULL, '客户对我公司的手机产品感兴趣', NULL, 0, NULL, 3, 1, '2017-05-01 00:00:00', '转销售机会', 3, NULL),
	(127, 'LD92700127', 1, 7, 2, '2017-05-28 00:00:00', NULL, '客户对我公司的手机产品感兴趣', NULL, 0, NULL, 3, 1, '2017-05-01 00:00:00', '转销售机会', 3, NULL),
	(128, 'LD92700128', 1, 8, 4, '2017-05-28 00:00:00', NULL, '客户对我公司的手机产品感兴趣', NULL, 0, NULL, 3, 1, '2017-05-01 00:00:00', '转销售机会', 3, NULL),
	(129, 'LD92700129', 1, 9, 6, '2017-05-28 00:00:00', NULL, '客户对我公司的手机产品感兴趣', NULL, 0, NULL, 3, 1, '2017-05-01 00:00:00', '转销售机会', 3, NULL),
	(130, 'LD9270130', 1, 10, 6, '2017-05-28 00:00:00', NULL, '客户对我公司的手机产品感兴趣', NULL, 0, NULL, 3, 1, '2017-05-01 00:00:00', '转销售机会', 3, NULL),
	(131, 'LD9270131', 1, 11, 3, NULL, NULL, '客户对我公司的手机产品感兴趣', NULL, 0, NULL, 5, 1, '2017-05-01 00:00:00', '', 1, NULL),
	(132, 'LD9270132', 1, 12, 2, NULL, NULL, '客户对我公司的手机产品感兴趣', NULL, 0, NULL, 5, 1, '2017-05-01 00:00:00', '', 1, NULL),
	(133, 'LD9270133', 1, 13, 2, NULL, NULL, '客户对我公司的手机产品感兴趣', NULL, 0, NULL, 5, 1, '2017-05-01 00:00:00', '', 1, NULL),
	(134, 'LD9270134', 1, 14, 2, NULL, NULL, '客户对我公司的手机产品感兴趣', NULL, 0, NULL, 5, 1, '2017-05-01 00:00:00', '', 1, NULL),
	(135, 'LD9270135', 1, 15, 6, NULL, '2017-05-28 00:00:00', '客户对我公司的手机产品感兴趣', NULL, 0, NULL, 5, 1, '2017-05-01 00:00:00', '退回市场', 2, NULL),
	(136, 'LD9270136', 1, 16, 4, NULL, '2017-05-28 00:00:00', '客户对我公司的手机产品感兴趣', NULL, 0, NULL, 5, 1, '2017-05-01 00:00:00', '退回市场', 2, NULL),
	(137, 'LD9270137', 1, 17, 3, NULL, '2017-05-28 00:00:00', '客户对我公司的手机产品感兴趣', NULL, 0, NULL, 5, 1, '2017-05-01 00:00:00', '退回市场', 2, NULL),
	(138, 'LD9270138', 1, 18, 6, '2017-05-28 00:00:00', NULL, '客户对我公司的手机产品感兴趣', NULL, 0, NULL, 5, 1, '2017-05-01 00:00:00', '转销售机会', 3, NULL),
	(139, 'LD9270139', 1, 19, 2, '2017-05-28 00:00:00', NULL, '客户对我公司的手机产品感兴趣', NULL, 0, NULL, 5, 1, '2017-05-01 00:00:00', '转销售机会', 3, NULL),
	(140, 'LD9270140', 1, 20, 4, '2017-05-28 00:00:00', NULL, '客户对我公司的手机产品感兴趣', NULL, 0, NULL, 5, 1, '2017-05-01 00:00:00', '转销售机会', 3, NULL),
	(141, 'LD9270141', 1, 21, 6, NULL, NULL, '客户对我公司的手机产品感兴趣', NULL, 0, NULL, 6, 1, '2017-05-01 00:00:00', '', 1, NULL),
	(142, 'LD9270142', 1, 22, 2, NULL, NULL, '客户对我公司的手机产品感兴趣', NULL, 0, NULL, 6, 1, '2017-05-01 00:00:00', '', 1, NULL),
	(143, 'LD9270143', 1, 23, 4, NULL, NULL, '客户对我公司的手机产品感兴趣', NULL, 0, NULL, 6, 1, '2017-05-01 00:00:00', '', 1, NULL),
	(144, 'LD9270144', 1, 24, 2, NULL, NULL, '客户对我公司的手机产品感兴趣', NULL, 0, NULL, 6, 1, '2017-05-01 00:00:00', '', 1, NULL),
	(145, 'LD9270145', 1, 25, 2, NULL, NULL, '客户对我公司的手机产品感兴趣', NULL, 0, NULL, 6, 1, '2017-05-01 00:00:00', '', 1, NULL),
	(146, 'LD9270146', 1, 26, 6, NULL, '2017-05-28 00:00:00', '客户对我公司的手机产品感兴趣', NULL, 0, NULL, 6, 1, '2017-05-01 00:00:00', '退回市场', 2, NULL),
	(147, 'LD9270147', 1, 27, 3, '2017-05-28 00:00:00', NULL, '客户对我公司的手机产品感兴趣', NULL, 0, NULL, 6, 1, '2017-05-01 00:00:00', '转销售机会', 3, NULL),
	(148, 'LD9270148', 1, 28, 6, '2017-05-28 00:00:00', NULL, '客户对我公司的手机产品感兴趣', NULL, 0, NULL, 6, 1, '2017-05-01 00:00:00', '转销售机会', 3, NULL),
	(149, 'LD9270149', 1, 29, 6, '2017-05-28 00:00:00', NULL, '客户对我公司的手机产品感兴趣', NULL, 0, NULL, 6, 1, '2017-05-01 00:00:00', '转销售机会', 3, NULL),
	(150, 'LD9270150', 1, 30, 2, '2017-05-28 00:00:00', NULL, '客户对我公司的手机产品感兴趣', NULL, 0, NULL, 6, 1, '2017-05-01 00:00:00', '转销售机会', 3, NULL),
	(151, 'LD92700151', 1, 1, 3, NULL, NULL, '客户对我公司的手机产品感兴趣', NULL, 0, NULL, 3, 1, '2017-06-01 00:00:00', '', 1, NULL),
	(152, 'LD92700152', 1, 2, 2, NULL, NULL, '客户对我公司的手机产品感兴趣', NULL, 0, NULL, 3, 1, '2017-06-01 00:00:00', '', 1, NULL),
	(153, 'LD92700153', 1, 3, 2, NULL, NULL, '客户对我公司的手机产品感兴趣', NULL, 0, NULL, 3, 1, '2017-06-01 00:00:00', '', 1, NULL),
	(154, 'LD92700154', 1, 4, 6, NULL, '2017-06-28 00:00:00', '客户对我公司的手机产品感兴趣', NULL, 0, NULL, 3, 1, '2017-06-01 00:00:00', '退回市场', 2, NULL),
	(155, 'LD92700155', 1, 5, 3, NULL, '2017-06-28 00:00:00', '客户对我公司的手机产品感兴趣', NULL, 0, NULL, 3, 1, '2017-06-01 00:00:00', '退回市场', 2, NULL),
	(156, 'LD92700156', 1, 6, 4, '2017-06-28 00:00:00', NULL, '客户对我公司的手机产品感兴趣', NULL, 0, NULL, 3, 1, '2017-06-01 00:00:00', '转销售机会', 3, NULL),
	(157, 'LD92700157', 1, 7, 2, '2017-06-28 00:00:00', NULL, '客户对我公司的手机产品感兴趣', NULL, 0, NULL, 3, 1, '2017-06-01 00:00:00', '转销售机会', 3, NULL),
	(158, 'LD92700158', 1, 8, 4, '2017-06-28 00:00:00', NULL, '客户对我公司的手机产品感兴趣', NULL, 0, NULL, 3, 1, '2017-06-01 00:00:00', '转销售机会', 3, NULL),
	(159, 'LD92700159', 1, 9, 6, '2017-06-28 00:00:00', NULL, '客户对我公司的手机产品感兴趣', NULL, 0, NULL, 3, 1, '2017-06-01 00:00:00', '转销售机会', 3, NULL),
	(160, 'LD9270160', 1, 10, 6, '2017-06-28 00:00:00', NULL, '客户对我公司的手机产品感兴趣', NULL, 0, NULL, 3, 1, '2017-06-01 00:00:00', '转销售机会', 3, NULL),
	(161, 'LD9270161', 1, 11, 3, NULL, NULL, '客户对我公司的手机产品感兴趣', NULL, 0, NULL, 5, 1, '2017-06-01 00:00:00', '', 1, NULL),
	(162, 'LD9270162', 1, 12, 2, NULL, NULL, '客户对我公司的手机产品感兴趣', NULL, 0, NULL, 5, 1, '2017-06-01 00:00:00', '', 1, NULL),
	(163, 'LD9270163', 1, 13, 2, NULL, NULL, '客户对我公司的手机产品感兴趣', NULL, 0, NULL, 5, 1, '2017-06-01 00:00:00', '', 1, NULL),
	(164, 'LD9270164', 1, 14, 2, NULL, NULL, '客户对我公司的手机产品感兴趣', NULL, 0, NULL, 5, 1, '2017-06-01 00:00:00', '', 1, NULL),
	(165, 'LD9270165', 1, 15, 6, NULL, '2017-06-28 00:00:00', '客户对我公司的手机产品感兴趣', NULL, 0, NULL, 5, 1, '2017-06-01 00:00:00', '退回市场', 2, NULL),
	(166, 'LD9270166', 1, 16, 4, NULL, '2017-06-28 00:00:00', '客户对我公司的手机产品感兴趣', NULL, 0, NULL, 5, 1, '2017-06-01 00:00:00', '退回市场', 2, NULL),
	(167, 'LD9270167', 1, 17, 3, NULL, '2017-06-28 00:00:00', '客户对我公司的手机产品感兴趣', NULL, 0, NULL, 5, 1, '2017-06-01 00:00:00', '退回市场', 2, NULL),
	(168, 'LD9270168', 1, 18, 6, '2017-06-28 00:00:00', NULL, '客户对我公司的手机产品感兴趣', NULL, 0, NULL, 5, 1, '2017-06-01 00:00:00', '转销售机会', 3, NULL),
	(169, 'LD9270169', 1, 19, 2, '2017-06-28 00:00:00', NULL, '客户对我公司的手机产品感兴趣', NULL, 0, NULL, 5, 1, '2017-06-01 00:00:00', '转销售机会', 3, NULL),
	(170, 'LD9270170', 1, 20, 4, '2017-06-28 00:00:00', NULL, '客户对我公司的手机产品感兴趣', NULL, 0, NULL, 5, 1, '2017-06-01 00:00:00', '转销售机会', 3, NULL),
	(171, 'LD9270171', 1, 21, 6, NULL, NULL, '客户对我公司的手机产品感兴趣', NULL, 0, NULL, 6, 1, '2017-06-01 00:00:00', '', 1, NULL),
	(172, 'LD9270172', 1, 22, 2, NULL, NULL, '客户对我公司的手机产品感兴趣', NULL, 0, NULL, 6, 1, '2017-06-01 00:00:00', '', 1, NULL),
	(173, 'LD9270173', 1, 23, 4, NULL, NULL, '客户对我公司的手机产品感兴趣', NULL, 0, NULL, 6, 1, '2017-06-01 00:00:00', '', 1, NULL),
	(174, 'LD9270174', 1, 24, 2, NULL, NULL, '客户对我公司的手机产品感兴趣', NULL, 0, NULL, 6, 1, '2017-06-01 00:00:00', '', 1, NULL),
	(175, 'LD9270175', 1, 25, 2, NULL, NULL, '客户对我公司的手机产品感兴趣', NULL, 0, NULL, 6, 1, '2017-06-01 00:00:00', '', 1, NULL),
	(176, 'LD9270176', 1, 26, 6, NULL, '2017-06-28 00:00:00', '客户对我公司的手机产品感兴趣', NULL, 0, NULL, 6, 1, '2017-06-01 00:00:00', '退回市场', 2, NULL),
	(177, 'LD9270177', 1, 27, 3, '2017-06-28 00:00:00', NULL, '客户对我公司的手机产品感兴趣', NULL, 0, NULL, 6, 1, '2017-06-01 00:00:00', '转销售机会', 3, NULL),
	(178, 'LD9270178', 1, 28, 6, '2017-06-28 00:00:00', NULL, '客户对我公司的手机产品感兴趣', NULL, 0, NULL, 6, 1, '2017-06-01 00:00:00', '转销售机会', 3, NULL),
	(179, 'LD9270179', 1, 29, 6, '2017-06-28 00:00:00', NULL, '客户对我公司的手机产品感兴趣', NULL, 0, NULL, 6, 1, '2017-06-01 00:00:00', '转销售机会', 3, NULL),
	(180, 'LD9270180', 1, 30, 2, '2017-06-28 00:00:00', NULL, '客户对我公司的手机产品感兴趣', NULL, 0, NULL, 6, 1, '2017-06-01 00:00:00', '转销售机会', 3, NULL),
	(181, 'LD92700181', 1, 1, 3, NULL, NULL, '客户对我公司的手机产品感兴趣', NULL, 0, NULL, 3, 1, '2017-07-01 00:00:00', '', 1, NULL),
	(182, 'LD92700182', 1, 2, 2, NULL, NULL, '客户对我公司的手机产品感兴趣', NULL, 0, NULL, 3, 1, '2017-07-01 00:00:00', '', 1, NULL),
	(183, 'LD92700183', 1, 3, 2, NULL, NULL, '客户对我公司的手机产品感兴趣', NULL, 0, NULL, 3, 1, '2017-07-01 00:00:00', '', 1, NULL),
	(184, 'LD92700184', 1, 4, 6, NULL, '2017-07-28 00:00:00', '客户对我公司的手机产品感兴趣', NULL, 0, NULL, 3, 1, '2017-07-01 00:00:00', '退回市场', 2, NULL),
	(185, 'LD92700185', 1, 5, 3, NULL, '2017-07-28 00:00:00', '客户对我公司的手机产品感兴趣', NULL, 0, NULL, 3, 1, '2017-07-01 00:00:00', '退回市场', 2, NULL),
	(186, 'LD92700186', 1, 6, 4, '2017-07-28 00:00:00', NULL, '客户对我公司的手机产品感兴趣', NULL, 0, NULL, 3, 1, '2017-07-01 00:00:00', '转销售机会', 3, NULL),
	(187, 'LD92700187', 1, 7, 2, '2017-07-28 00:00:00', NULL, '客户对我公司的手机产品感兴趣', NULL, 0, NULL, 3, 1, '2017-07-01 00:00:00', '转销售机会', 3, NULL),
	(188, 'LD92700188', 1, 8, 4, '2017-07-28 00:00:00', NULL, '客户对我公司的手机产品感兴趣', NULL, 0, NULL, 3, 1, '2017-07-01 00:00:00', '转销售机会', 3, NULL),
	(189, 'LD92700189', 1, 9, 6, '2017-07-28 00:00:00', NULL, '客户对我公司的手机产品感兴趣', NULL, 0, NULL, 3, 1, '2017-07-01 00:00:00', '转销售机会', 3, NULL),
	(190, 'LD9270190', 1, 10, 6, '2017-07-28 00:00:00', NULL, '客户对我公司的手机产品感兴趣', NULL, 0, NULL, 3, 1, '2017-07-01 00:00:00', '转销售机会', 3, NULL),
	(191, 'LD9270191', 1, 11, 3, NULL, NULL, '客户对我公司的手机产品感兴趣', NULL, 0, NULL, 5, 1, '2017-07-01 00:00:00', '', 1, NULL),
	(192, 'LD9270192', 1, 12, 2, NULL, NULL, '客户对我公司的手机产品感兴趣', NULL, 0, NULL, 5, 1, '2017-07-01 00:00:00', '', 1, NULL),
	(193, 'LD9270193', 1, 13, 2, NULL, NULL, '客户对我公司的手机产品感兴趣', NULL, 0, NULL, 5, 1, '2017-07-01 00:00:00', '', 1, NULL),
	(194, 'LD9270194', 1, 14, 2, NULL, NULL, '客户对我公司的手机产品感兴趣', NULL, 0, NULL, 5, 1, '2017-07-01 00:00:00', '', 1, NULL),
	(195, 'LD9270195', 1, 15, 6, NULL, '2017-07-28 00:00:00', '客户对我公司的手机产品感兴趣', NULL, 0, NULL, 5, 1, '2017-07-01 00:00:00', '退回市场', 2, NULL),
	(196, 'LD9270196', 1, 16, 4, NULL, '2017-07-28 00:00:00', '客户对我公司的手机产品感兴趣', NULL, 0, NULL, 5, 1, '2017-07-01 00:00:00', '退回市场', 2, NULL),
	(197, 'LD9270197', 1, 17, 3, NULL, '2017-07-28 00:00:00', '客户对我公司的手机产品感兴趣', NULL, 0, NULL, 5, 1, '2017-07-01 00:00:00', '退回市场', 2, NULL),
	(198, 'LD9270198', 1, 18, 6, '2017-07-28 00:00:00', NULL, '客户对我公司的手机产品感兴趣', NULL, 0, NULL, 5, 1, '2017-07-01 00:00:00', '转销售机会', 3, NULL),
	(199, 'LD9270199', 1, 19, 2, '2017-07-28 00:00:00', NULL, '客户对我公司的手机产品感兴趣', NULL, 0, NULL, 5, 1, '2017-07-01 00:00:00', '转销售机会', 3, NULL),
	(200, 'LD9270200', 1, 20, 4, '2017-07-28 00:00:00', NULL, '客户对我公司的手机产品感兴趣', NULL, 0, NULL, 5, 1, '2017-07-01 00:00:00', '转销售机会', 3, NULL),
	(201, 'LD9270201', 1, 21, 6, NULL, NULL, '客户对我公司的手机产品感兴趣', NULL, 0, NULL, 6, 1, '2017-07-01 00:00:00', '', 1, NULL),
	(202, 'LD9270202', 1, 22, 2, NULL, NULL, '客户对我公司的手机产品感兴趣', NULL, 0, NULL, 6, 1, '2017-07-01 00:00:00', '', 1, NULL),
	(203, 'LD9270203', 1, 23, 4, NULL, NULL, '客户对我公司的手机产品感兴趣', NULL, 0, NULL, 6, 1, '2017-07-01 00:00:00', '', 1, NULL),
	(204, 'LD9270204', 1, 24, 2, NULL, NULL, '客户对我公司的手机产品感兴趣', NULL, 0, NULL, 6, 1, '2017-07-01 00:00:00', '', 1, NULL),
	(205, 'LD9270205', 1, 25, 2, NULL, NULL, '客户对我公司的手机产品感兴趣', NULL, 0, NULL, 6, 1, '2017-07-01 00:00:00', '', 1, NULL),
	(206, 'LD9270206', 1, 26, 6, NULL, '2017-07-28 00:00:00', '客户对我公司的手机产品感兴趣', NULL, 0, NULL, 6, 1, '2017-07-01 00:00:00', '退回市场', 2, NULL),
	(207, 'LD9270207', 1, 27, 3, '2017-07-28 00:00:00', NULL, '客户对我公司的手机产品感兴趣', NULL, 0, NULL, 6, 1, '2017-07-01 00:00:00', '转销售机会', 3, NULL),
	(208, 'LD9270208', 1, 28, 6, '2017-07-28 00:00:00', NULL, '客户对我公司的手机产品感兴趣', NULL, 0, NULL, 6, 1, '2017-07-01 00:00:00', '转销售机会', 3, NULL),
	(209, 'LD9270209', 1, 29, 6, '2017-07-28 00:00:00', NULL, '客户对我公司的手机产品感兴趣', NULL, 0, NULL, 6, 1, '2017-07-01 00:00:00', '转销售机会', 3, NULL),
	(210, 'LD9270210', 1, 30, 2, '2017-07-28 00:00:00', NULL, '客户对我公司的手机产品感兴趣', NULL, 0, NULL, 6, 1, '2017-07-01 00:00:00', '转销售机会', 3, NULL),
	(211, 'LD92700211', 1, 1, 3, NULL, NULL, '客户对我公司的手机产品感兴趣', NULL, 0, NULL, 3, 1, '2017-08-01 00:00:00', '', 1, NULL),
	(212, 'LD92700212', 1, 2, 2, NULL, NULL, '客户对我公司的手机产品感兴趣', NULL, 0, NULL, 3, 1, '2017-08-01 00:00:00', '', 1, NULL),
	(213, 'LD92700213', 1, 3, 2, NULL, NULL, '客户对我公司的手机产品感兴趣', NULL, 0, NULL, 3, 1, '2017-08-01 00:00:00', '', 1, NULL),
	(214, 'LD92700214', 1, 4, 6, NULL, '2017-08-28 00:00:00', '客户对我公司的手机产品感兴趣', NULL, 0, NULL, 3, 1, '2017-08-01 00:00:00', '退回市场', 2, NULL),
	(215, 'LD92700215', 1, 5, 3, NULL, '2017-08-28 00:00:00', '客户对我公司的手机产品感兴趣', NULL, 0, NULL, 3, 1, '2017-08-01 00:00:00', '退回市场', 2, NULL),
	(216, 'LD92700216', 1, 6, 4, '2017-08-28 00:00:00', NULL, '客户对我公司的手机产品感兴趣', NULL, 0, NULL, 3, 1, '2017-08-01 00:00:00', '转销售机会', 3, NULL),
	(217, 'LD92700217', 1, 7, 2, '2017-08-28 00:00:00', NULL, '客户对我公司的手机产品感兴趣', NULL, 0, NULL, 3, 1, '2017-08-01 00:00:00', '转销售机会', 3, NULL),
	(218, 'LD92700218', 1, 8, 4, '2017-08-28 00:00:00', NULL, '客户对我公司的手机产品感兴趣', NULL, 0, NULL, 3, 1, '2017-08-01 00:00:00', '转销售机会', 3, NULL),
	(219, 'LD92700219', 1, 9, 6, '2017-08-28 00:00:00', NULL, '客户对我公司的手机产品感兴趣', NULL, 0, NULL, 3, 1, '2017-08-01 00:00:00', '转销售机会', 3, NULL),
	(220, 'LD9270220', 1, 10, 6, '2017-08-28 00:00:00', NULL, '客户对我公司的手机产品感兴趣', NULL, 0, NULL, 3, 1, '2017-08-01 00:00:00', '转销售机会', 3, NULL),
	(221, 'LD9270221', 1, 11, 3, NULL, NULL, '客户对我公司的手机产品感兴趣', NULL, 0, NULL, 5, 1, '2017-08-01 00:00:00', '', 1, NULL),
	(222, 'LD9270222', 1, 12, 2, NULL, NULL, '客户对我公司的手机产品感兴趣', NULL, 0, NULL, 5, 1, '2017-08-01 00:00:00', '', 1, NULL),
	(223, 'LD9270223', 1, 13, 2, NULL, NULL, '客户对我公司的手机产品感兴趣', NULL, 0, NULL, 5, 1, '2017-08-01 00:00:00', '', 1, NULL),
	(224, 'LD9270224', 1, 14, 2, NULL, NULL, '客户对我公司的手机产品感兴趣', NULL, 0, NULL, 5, 1, '2017-08-01 00:00:00', '', 1, NULL),
	(225, 'LD9270225', 1, 15, 6, NULL, '2017-08-28 00:00:00', '客户对我公司的手机产品感兴趣', NULL, 0, NULL, 5, 1, '2017-08-01 00:00:00', '退回市场', 2, NULL),
	(226, 'LD9270226', 1, 16, 4, NULL, '2017-08-28 00:00:00', '客户对我公司的手机产品感兴趣', NULL, 0, NULL, 5, 1, '2017-08-01 00:00:00', '退回市场', 2, NULL),
	(227, 'LD9270227', 1, 17, 3, NULL, '2017-08-28 00:00:00', '客户对我公司的手机产品感兴趣', NULL, 0, NULL, 5, 1, '2017-08-01 00:00:00', '退回市场', 2, NULL),
	(228, 'LD9270228', 1, 18, 6, '2017-08-28 00:00:00', NULL, '客户对我公司的手机产品感兴趣', NULL, 0, NULL, 5, 1, '2017-08-01 00:00:00', '转销售机会', 3, NULL),
	(229, 'LD9270229', 1, 19, 2, '2017-08-28 00:00:00', NULL, '客户对我公司的手机产品感兴趣', NULL, 0, NULL, 5, 1, '2017-08-01 00:00:00', '转销售机会', 3, NULL),
	(230, 'LD9270230', 1, 20, 4, '2017-08-28 00:00:00', NULL, '客户对我公司的手机产品感兴趣', NULL, 0, NULL, 5, 1, '2017-08-01 00:00:00', '转销售机会', 3, NULL),
	(231, 'LD9270231', 1, 21, 6, NULL, NULL, '客户对我公司的手机产品感兴趣', NULL, 0, NULL, 6, 1, '2017-08-01 00:00:00', '', 1, NULL),
	(232, 'LD9270232', 1, 22, 2, NULL, NULL, '客户对我公司的手机产品感兴趣', NULL, 0, NULL, 6, 1, '2017-08-01 00:00:00', '', 1, NULL),
	(233, 'LD9270233', 1, 23, 4, NULL, NULL, '客户对我公司的手机产品感兴趣', NULL, 0, NULL, 6, 1, '2017-08-01 00:00:00', '', 1, NULL),
	(234, 'LD9270234', 1, 24, 2, NULL, NULL, '客户对我公司的手机产品感兴趣', NULL, 0, NULL, 6, 1, '2017-08-01 00:00:00', '', 1, NULL),
	(235, 'LD9270235', 1, 25, 2, NULL, NULL, '客户对我公司的手机产品感兴趣', NULL, 0, NULL, 6, 1, '2017-08-01 00:00:00', '', 1, NULL),
	(236, 'LD9270236', 1, 26, 6, NULL, '2017-08-28 00:00:00', '客户对我公司的手机产品感兴趣', NULL, 0, NULL, 6, 1, '2017-08-01 00:00:00', '退回市场', 2, NULL),
	(237, 'LD9270237', 1, 27, 3, '2017-08-28 00:00:00', NULL, '客户对我公司的手机产品感兴趣', NULL, 0, NULL, 6, 1, '2017-08-01 00:00:00', '转销售机会', 3, NULL),
	(238, 'LD9270238', 1, 28, 6, '2017-08-28 00:00:00', NULL, '客户对我公司的手机产品感兴趣', NULL, 0, NULL, 6, 1, '2017-08-01 00:00:00', '转销售机会', 3, NULL),
	(239, 'LD9270239', 1, 29, 6, '2017-08-28 00:00:00', NULL, '客户对我公司的手机产品感兴趣', NULL, 0, NULL, 6, 1, '2017-08-01 00:00:00', '转销售机会', 3, NULL),
	(240, 'LD9270240', 1, 30, 2, '2017-08-28 00:00:00', NULL, '客户对我公司的手机产品感兴趣', NULL, 0, NULL, 6, 1, '2017-08-01 00:00:00', '转销售机会', 3, NULL),
	(241, 'LD92700241', 1, 1, 3, NULL, NULL, '客户对我公司的手机产品感兴趣', NULL, 0, NULL, 3, 1, '2017-09-01 00:00:00', '', 1, NULL),
	(242, 'LD92700242', 1, 2, 2, NULL, NULL, '客户对我公司的手机产品感兴趣', NULL, 0, NULL, 3, 1, '2017-09-01 00:00:00', '', 1, NULL),
	(243, 'LD92700243', 1, 3, 2, NULL, NULL, '客户对我公司的手机产品感兴趣', NULL, 0, NULL, 3, 1, '2017-09-01 00:00:00', '', 1, NULL),
	(244, 'LD92700244', 1, 4, 6, NULL, '2017-09-28 00:00:00', '客户对我公司的手机产品感兴趣', NULL, 0, NULL, 3, 1, '2017-09-01 00:00:00', '退回市场', 2, NULL),
	(245, 'LD92700245', 1, 5, 3, NULL, '2017-09-28 00:00:00', '客户对我公司的手机产品感兴趣', NULL, 0, NULL, 3, 1, '2017-09-01 00:00:00', '退回市场', 2, NULL),
	(246, 'LD92700246', 1, 6, 4, '2017-09-28 00:00:00', NULL, '客户对我公司的手机产品感兴趣', NULL, 0, NULL, 3, 1, '2017-09-01 00:00:00', '转销售机会', 3, NULL),
	(247, 'LD92700247', 1, 7, 2, '2017-09-28 00:00:00', NULL, '客户对我公司的手机产品感兴趣', NULL, 0, NULL, 3, 1, '2017-09-01 00:00:00', '转销售机会', 3, NULL),
	(248, 'LD92700248', 1, 8, 4, '2017-09-28 00:00:00', NULL, '客户对我公司的手机产品感兴趣', NULL, 0, NULL, 3, 1, '2017-09-01 00:00:00', '转销售机会', 3, NULL),
	(249, 'LD92700249', 1, 9, 6, '2017-09-28 00:00:00', NULL, '客户对我公司的手机产品感兴趣', NULL, 0, NULL, 3, 1, '2017-09-01 00:00:00', '转销售机会', 3, NULL),
	(250, 'LD9270250', 1, 10, 6, '2017-09-28 00:00:00', NULL, '客户对我公司的手机产品感兴趣', NULL, 0, NULL, 3, 1, '2017-09-01 00:00:00', '转销售机会', 3, NULL),
	(251, 'LD9270251', 1, 11, 3, NULL, NULL, '客户对我公司的手机产品感兴趣', NULL, 0, NULL, 5, 1, '2017-09-01 00:00:00', '', 1, NULL),
	(252, 'LD9270252', 1, 12, 2, NULL, NULL, '客户对我公司的手机产品感兴趣', NULL, 0, NULL, 5, 1, '2017-09-01 00:00:00', '', 1, NULL),
	(253, 'LD9270253', 1, 13, 2, NULL, NULL, '客户对我公司的手机产品感兴趣', NULL, 0, NULL, 5, 1, '2017-09-01 00:00:00', '', 1, NULL),
	(254, 'LD9270254', 1, 14, 2, NULL, NULL, '客户对我公司的手机产品感兴趣', NULL, 0, NULL, 5, 1, '2017-09-01 00:00:00', '', 1, NULL),
	(255, 'LD9270255', 1, 15, 6, NULL, '2017-09-28 00:00:00', '客户对我公司的手机产品感兴趣', NULL, 0, NULL, 5, 1, '2017-09-01 00:00:00', '退回市场', 2, NULL),
	(256, 'LD9270256', 1, 16, 4, NULL, '2017-09-28 00:00:00', '客户对我公司的手机产品感兴趣', NULL, 0, NULL, 5, 1, '2017-09-01 00:00:00', '退回市场', 2, NULL),
	(257, 'LD9270257', 1, 17, 3, NULL, '2017-09-28 00:00:00', '客户对我公司的手机产品感兴趣', NULL, 0, NULL, 5, 1, '2017-09-01 00:00:00', '退回市场', 2, NULL),
	(258, 'LD9270258', 1, 18, 6, '2017-09-28 00:00:00', NULL, '客户对我公司的手机产品感兴趣', NULL, 0, NULL, 5, 1, '2017-09-01 00:00:00', '转销售机会', 3, NULL),
	(259, 'LD9270259', 1, 19, 2, '2017-09-28 00:00:00', NULL, '客户对我公司的手机产品感兴趣', NULL, 0, NULL, 5, 1, '2017-09-01 00:00:00', '转销售机会', 3, NULL),
	(260, 'LD9270260', 1, 20, 4, '2017-09-28 00:00:00', NULL, '客户对我公司的手机产品感兴趣', NULL, 0, NULL, 5, 1, '2017-09-01 00:00:00', '转销售机会', 3, NULL),
	(261, 'LD9270261', 1, 21, 6, NULL, NULL, '客户对我公司的手机产品感兴趣', NULL, 0, NULL, 6, 1, '2017-09-01 00:00:00', '', 1, NULL),
	(262, 'LD9270262', 1, 22, 2, NULL, NULL, '客户对我公司的手机产品感兴趣', NULL, 0, NULL, 6, 1, '2017-09-01 00:00:00', '', 1, NULL),
	(263, 'LD9270263', 1, 23, 4, NULL, NULL, '客户对我公司的手机产品感兴趣', NULL, 0, NULL, 6, 1, '2017-09-01 00:00:00', '', 1, NULL),
	(264, 'LD9270264', 1, 24, 2, NULL, NULL, '客户对我公司的手机产品感兴趣', NULL, 0, NULL, 6, 1, '2017-09-01 00:00:00', '', 1, NULL),
	(265, 'LD9270265', 1, 25, 2, NULL, NULL, '客户对我公司的手机产品感兴趣', NULL, 0, NULL, 6, 1, '2017-09-01 00:00:00', '', 1, NULL),
	(266, 'LD9270266', 1, 26, 6, NULL, '2017-09-28 00:00:00', '客户对我公司的手机产品感兴趣', NULL, 0, NULL, 6, 1, '2017-09-01 00:00:00', '退回市场', 2, NULL),
	(267, 'LD9270267', 1, 27, 3, '2017-09-28 00:00:00', NULL, '客户对我公司的手机产品感兴趣', NULL, 0, NULL, 6, 1, '2017-09-01 00:00:00', '转销售机会', 3, NULL),
	(268, 'LD9270268', 1, 28, 6, '2017-09-28 00:00:00', NULL, '客户对我公司的手机产品感兴趣', NULL, 0, NULL, 6, 1, '2017-09-01 00:00:00', '转销售机会', 3, NULL),
	(269, 'LD9270269', 1, 29, 6, '2017-09-28 00:00:00', NULL, '客户对我公司的手机产品感兴趣', NULL, 0, NULL, 6, 1, '2017-09-01 00:00:00', '转销售机会', 3, NULL),
	(270, 'LD9270270', 1, 30, 2, '2017-09-28 00:00:00', NULL, '客户对我公司的手机产品感兴趣', NULL, 0, NULL, 6, 1, '2017-09-01 00:00:00', '转销售机会', 3, NULL),
	(271, 'LD92700271', 1, 1, 3, NULL, NULL, '客户对我公司的手机产品感兴趣', NULL, 0, NULL, 3, 1, '2017-10-01 00:00:00', '', 1, NULL),
	(272, 'LD92700272', 1, 2, 2, NULL, NULL, '客户对我公司的手机产品感兴趣', NULL, 0, NULL, 3, 1, '2017-10-01 00:00:00', '', 1, NULL),
	(273, 'LD92700273', 1, 3, 2, NULL, NULL, '客户对我公司的手机产品感兴趣', NULL, 0, NULL, 3, 1, '2017-10-01 00:00:00', '', 1, NULL),
	(274, 'LD92700274', 1, 4, 6, NULL, '2017-10-28 00:00:00', '客户对我公司的手机产品感兴趣', NULL, 0, NULL, 3, 1, '2017-10-01 00:00:00', '退回市场', 2, NULL),
	(275, 'LD92700275', 1, 5, 3, NULL, '2017-10-28 00:00:00', '客户对我公司的手机产品感兴趣', NULL, 0, NULL, 3, 1, '2017-10-01 00:00:00', '退回市场', 2, NULL),
	(276, 'LD92700276', 1, 6, 4, '2017-10-28 00:00:00', NULL, '客户对我公司的手机产品感兴趣', NULL, 0, NULL, 3, 1, '2017-10-01 00:00:00', '转销售机会', 3, NULL),
	(277, 'LD92700277', 1, 7, 2, '2017-10-28 00:00:00', NULL, '客户对我公司的手机产品感兴趣', NULL, 0, NULL, 3, 1, '2017-10-01 00:00:00', '转销售机会', 3, NULL),
	(278, 'LD92700278', 1, 8, 4, '2017-10-28 00:00:00', NULL, '客户对我公司的手机产品感兴趣', NULL, 0, NULL, 3, 1, '2017-10-01 00:00:00', '转销售机会', 3, NULL),
	(279, 'LD92700279', 1, 9, 6, '2017-10-28 00:00:00', NULL, '客户对我公司的手机产品感兴趣', NULL, 0, NULL, 3, 1, '2017-10-01 00:00:00', '转销售机会', 3, NULL),
	(280, 'LD9270280', 1, 10, 6, '2017-10-28 00:00:00', NULL, '客户对我公司的手机产品感兴趣', NULL, 0, NULL, 3, 1, '2017-10-01 00:00:00', '转销售机会', 3, NULL),
	(281, 'LD9270281', 1, 11, 3, NULL, NULL, '客户对我公司的手机产品感兴趣', NULL, 0, NULL, 5, 1, '2017-10-01 00:00:00', '', 1, NULL),
	(282, 'LD9270282', 1, 12, 2, NULL, NULL, '客户对我公司的手机产品感兴趣', NULL, 0, NULL, 5, 1, '2017-10-01 00:00:00', '', 1, NULL),
	(283, 'LD9270283', 1, 13, 2, NULL, NULL, '客户对我公司的手机产品感兴趣', NULL, 0, NULL, 5, 1, '2017-10-01 00:00:00', '', 1, NULL),
	(284, 'LD9270284', 1, 14, 2, NULL, NULL, '客户对我公司的手机产品感兴趣', NULL, 0, NULL, 5, 1, '2017-10-01 00:00:00', '', 1, NULL),
	(285, 'LD9270285', 1, 15, 6, NULL, '2017-10-28 00:00:00', '客户对我公司的手机产品感兴趣', NULL, 0, NULL, 5, 1, '2017-10-01 00:00:00', '退回市场', 2, NULL),
	(286, 'LD9270286', 1, 16, 4, NULL, '2017-10-28 00:00:00', '客户对我公司的手机产品感兴趣', NULL, 0, NULL, 5, 1, '2017-10-01 00:00:00', '退回市场', 2, NULL),
	(287, 'LD9270287', 1, 17, 3, NULL, '2017-10-28 00:00:00', '客户对我公司的手机产品感兴趣', NULL, 0, NULL, 5, 1, '2017-10-01 00:00:00', '退回市场', 2, NULL),
	(288, 'LD9270288', 1, 18, 6, '2017-10-28 00:00:00', NULL, '客户对我公司的手机产品感兴趣', NULL, 0, NULL, 5, 1, '2017-10-01 00:00:00', '转销售机会', 3, NULL),
	(289, 'LD9270289', 1, 19, 2, '2017-10-28 00:00:00', NULL, '客户对我公司的手机产品感兴趣', NULL, 0, NULL, 5, 1, '2017-10-01 00:00:00', '转销售机会', 3, NULL),
	(290, 'LD9270290', 1, 20, 4, '2017-10-28 00:00:00', NULL, '客户对我公司的手机产品感兴趣', NULL, 0, NULL, 5, 1, '2017-10-01 00:00:00', '转销售机会', 3, NULL),
	(291, 'LD9270291', 1, 21, 6, NULL, NULL, '客户对我公司的手机产品感兴趣', NULL, 0, NULL, 6, 1, '2017-10-01 00:00:00', '', 1, NULL),
	(292, 'LD9270292', 1, 22, 2, NULL, NULL, '客户对我公司的手机产品感兴趣', NULL, 0, NULL, 6, 1, '2017-10-01 00:00:00', '', 1, NULL),
	(293, 'LD9270293', 1, 23, 4, NULL, NULL, '客户对我公司的手机产品感兴趣', NULL, 0, NULL, 6, 1, '2017-10-01 00:00:00', '', 1, NULL),
	(294, 'LD9270294', 1, 24, 2, NULL, NULL, '客户对我公司的手机产品感兴趣', NULL, 0, NULL, 6, 1, '2017-10-01 00:00:00', '', 1, NULL),
	(295, 'LD9270295', 1, 25, 2, NULL, NULL, '客户对我公司的手机产品感兴趣', NULL, 0, NULL, 6, 1, '2017-10-01 00:00:00', '', 1, NULL),
	(296, 'LD9270296', 1, 26, 6, NULL, '2017-10-28 00:00:00', '客户对我公司的手机产品感兴趣', NULL, 0, NULL, 6, 1, '2017-10-01 00:00:00', '退回市场', 2, NULL),
	(297, 'LD9270297', 1, 27, 3, '2017-10-28 00:00:00', NULL, '客户对我公司的手机产品感兴趣', NULL, 0, NULL, 6, 1, '2017-10-01 00:00:00', '转销售机会', 3, NULL),
	(298, 'LD9270298', 1, 28, 6, '2017-10-28 00:00:00', NULL, '客户对我公司的手机产品感兴趣', NULL, 0, NULL, 6, 1, '2017-10-01 00:00:00', '转销售机会', 3, NULL),
	(299, 'LD9270299', 1, 29, 6, '2017-10-28 00:00:00', NULL, '客户对我公司的手机产品感兴趣', NULL, 0, NULL, 6, 1, '2017-10-01 00:00:00', '转销售机会', 3, NULL),
	(300, 'LD9270300', 1, 30, 2, '2017-10-28 00:00:00', NULL, '客户对我公司的手机产品感兴趣', NULL, 0, NULL, 6, 1, '2017-10-01 00:00:00', '转销售机会', 3, NULL),
	(301, 'LD92700301', 1, 1, 3, NULL, NULL, '客户对我公司的手机产品感兴趣', NULL, 0, NULL, 3, 1, '2017-11-01 00:00:00', '', 1, NULL),
	(302, 'LD92700302', 1, 2, 2, NULL, NULL, '客户对我公司的手机产品感兴趣', NULL, 0, NULL, 3, 1, '2017-11-01 00:00:00', '', 1, NULL),
	(303, 'LD92700303', 1, 3, 2, NULL, NULL, '客户对我公司的手机产品感兴趣', NULL, 0, NULL, 3, 1, '2017-11-01 00:00:00', '', 1, NULL),
	(304, 'LD92700304', 1, 4, 6, NULL, '2017-11-28 00:00:00', '客户对我公司的手机产品感兴趣', NULL, 0, NULL, 3, 1, '2017-11-01 00:00:00', '退回市场', 2, NULL),
	(305, 'LD92700305', 1, 5, 3, NULL, '2017-11-28 00:00:00', '客户对我公司的手机产品感兴趣', NULL, 0, NULL, 3, 1, '2017-11-01 00:00:00', '退回市场', 2, NULL),
	(306, 'LD92700306', 1, 6, 4, '2017-11-28 00:00:00', NULL, '客户对我公司的手机产品感兴趣', NULL, 0, NULL, 3, 1, '2017-11-01 00:00:00', '转销售机会', 3, NULL),
	(307, 'LD92700307', 1, 7, 2, '2017-11-28 00:00:00', NULL, '客户对我公司的手机产品感兴趣', NULL, 0, NULL, 3, 1, '2017-11-01 00:00:00', '转销售机会', 3, NULL),
	(308, 'LD92700308', 1, 8, 4, '2017-11-28 00:00:00', NULL, '客户对我公司的手机产品感兴趣', NULL, 0, NULL, 3, 1, '2017-11-01 00:00:00', '转销售机会', 3, NULL),
	(309, 'LD92700309', 1, 9, 6, '2017-11-28 00:00:00', NULL, '客户对我公司的手机产品感兴趣', NULL, 0, NULL, 3, 1, '2017-11-01 00:00:00', '转销售机会', 3, NULL),
	(310, 'LD9270310', 1, 10, 6, '2017-11-28 00:00:00', NULL, '客户对我公司的手机产品感兴趣', NULL, 0, NULL, 3, 1, '2017-11-01 00:00:00', '转销售机会', 3, NULL),
	(311, 'LD9270311', 1, 11, 3, NULL, NULL, '客户对我公司的手机产品感兴趣', NULL, 0, NULL, 5, 1, '2017-11-01 00:00:00', '', 1, NULL),
	(312, 'LD9270312', 1, 12, 2, NULL, NULL, '客户对我公司的手机产品感兴趣', NULL, 0, NULL, 5, 1, '2017-11-01 00:00:00', '', 1, NULL),
	(313, 'LD9270313', 1, 13, 2, NULL, NULL, '客户对我公司的手机产品感兴趣', NULL, 0, NULL, 5, 1, '2017-11-01 00:00:00', '', 1, NULL),
	(314, 'LD9270314', 1, 14, 2, NULL, NULL, '客户对我公司的手机产品感兴趣', NULL, 0, NULL, 5, 1, '2017-11-01 00:00:00', '', 1, NULL),
	(315, 'LD9270315', 1, 15, 6, NULL, '2017-11-28 00:00:00', '客户对我公司的手机产品感兴趣', NULL, 0, NULL, 5, 1, '2017-11-01 00:00:00', '退回市场', 2, NULL),
	(316, 'LD9270316', 1, 16, 4, NULL, '2017-11-28 00:00:00', '客户对我公司的手机产品感兴趣', NULL, 0, NULL, 5, 1, '2017-11-01 00:00:00', '退回市场', 2, NULL),
	(317, 'LD9270317', 1, 17, 3, NULL, '2017-11-28 00:00:00', '客户对我公司的手机产品感兴趣', NULL, 0, NULL, 5, 1, '2017-11-01 00:00:00', '退回市场', 2, NULL),
	(318, 'LD9270318', 1, 18, 6, '2017-11-28 00:00:00', NULL, '客户对我公司的手机产品感兴趣', NULL, 0, NULL, 5, 1, '2017-11-01 00:00:00', '转销售机会', 3, NULL),
	(319, 'LD9270319', 1, 19, 2, '2017-11-28 00:00:00', NULL, '客户对我公司的手机产品感兴趣', NULL, 0, NULL, 5, 1, '2017-11-01 00:00:00', '转销售机会', 3, NULL),
	(320, 'LD9270320', 1, 20, 4, '2017-11-28 00:00:00', NULL, '客户对我公司的手机产品感兴趣', NULL, 0, NULL, 5, 1, '2017-11-01 00:00:00', '转销售机会', 3, NULL),
	(321, 'LD9270321', 1, 21, 6, NULL, NULL, '客户对我公司的手机产品感兴趣', NULL, 0, NULL, 6, 1, '2017-11-01 00:00:00', '', 1, NULL),
	(322, 'LD9270322', 1, 22, 2, NULL, NULL, '客户对我公司的手机产品感兴趣', NULL, 0, NULL, 6, 1, '2017-11-01 00:00:00', '', 1, NULL),
	(323, 'LD9270323', 1, 23, 4, NULL, NULL, '客户对我公司的手机产品感兴趣', NULL, 0, NULL, 6, 1, '2017-11-01 00:00:00', '', 1, NULL),
	(324, 'LD9270324', 1, 24, 2, NULL, NULL, '客户对我公司的手机产品感兴趣', NULL, 0, NULL, 6, 1, '2017-11-01 00:00:00', '', 1, NULL),
	(325, 'LD9270325', 1, 25, 2, NULL, NULL, '客户对我公司的手机产品感兴趣', NULL, 0, NULL, 6, 1, '2017-11-01 00:00:00', '', 1, NULL),
	(326, 'LD9270326', 1, 26, 6, NULL, '2017-11-28 00:00:00', '客户对我公司的手机产品感兴趣', NULL, 0, NULL, 6, 1, '2017-11-01 00:00:00', '退回市场', 2, NULL),
	(327, 'LD9270327', 1, 27, 3, '2017-11-28 00:00:00', NULL, '客户对我公司的手机产品感兴趣', NULL, 0, NULL, 6, 1, '2017-11-01 00:00:00', '转销售机会', 3, NULL),
	(328, 'LD9270328', 1, 28, 6, '2017-11-28 00:00:00', NULL, '客户对我公司的手机产品感兴趣', NULL, 0, NULL, 6, 1, '2017-11-01 00:00:00', '转销售机会', 3, NULL),
	(329, 'LD9270329', 1, 29, 6, '2017-11-28 00:00:00', NULL, '客户对我公司的手机产品感兴趣', NULL, 0, NULL, 6, 1, '2017-11-01 00:00:00', '转销售机会', 3, NULL),
	(330, 'LD9270330', 1, 30, 2, '2017-11-28 00:00:00', NULL, '客户对我公司的手机产品感兴趣', NULL, 0, NULL, 6, 1, '2017-11-01 00:00:00', '转销售机会', 3, NULL),
	(331, 'LD92700331', 1, 1, 3, NULL, NULL, '客户对我公司的手机产品感兴趣', NULL, 0, NULL, 3, 1, '2017-12-01 00:00:00', '', 1, NULL),
	(332, 'LD92700332', 1, 2, 2, NULL, NULL, '客户对我公司的手机产品感兴趣', NULL, 0, NULL, 3, 1, '2017-12-01 00:00:00', '', 1, NULL),
	(333, 'LD92700333', 1, 3, 2, NULL, NULL, '客户对我公司的手机产品感兴趣', NULL, 0, NULL, 3, 1, '2017-12-01 00:00:00', '', 1, NULL),
	(334, 'LD92700334', 1, 4, 6, NULL, '2017-12-28 00:00:00', '客户对我公司的手机产品感兴趣', NULL, 0, NULL, 3, 1, '2017-12-01 00:00:00', '退回市场', 2, NULL),
	(335, 'LD92700335', 1, 5, 3, NULL, '2017-12-28 00:00:00', '客户对我公司的手机产品感兴趣', NULL, 0, NULL, 3, 1, '2017-12-01 00:00:00', '退回市场', 2, NULL),
	(336, 'LD92700336', 1, 6, 4, '2017-12-28 00:00:00', NULL, '客户对我公司的手机产品感兴趣', NULL, 0, NULL, 3, 1, '2017-12-01 00:00:00', '转销售机会', 3, NULL),
	(337, 'LD92700337', 1, 7, 2, '2017-12-28 00:00:00', NULL, '客户对我公司的手机产品感兴趣', NULL, 0, NULL, 3, 1, '2017-12-01 00:00:00', '转销售机会', 3, NULL),
	(338, 'LD92700338', 1, 8, 4, '2017-12-28 00:00:00', NULL, '客户对我公司的手机产品感兴趣', NULL, 0, NULL, 3, 1, '2017-12-01 00:00:00', '转销售机会', 3, NULL),
	(339, 'LD92700339', 1, 9, 6, '2017-12-28 00:00:00', NULL, '客户对我公司的手机产品感兴趣', NULL, 0, NULL, 3, 1, '2017-12-01 00:00:00', '转销售机会', 3, NULL),
	(340, 'LD9270340', 1, 10, 6, '2017-12-28 00:00:00', NULL, '客户对我公司的手机产品感兴趣', NULL, 0, NULL, 3, 1, '2017-12-01 00:00:00', '转销售机会', 3, NULL),
	(341, 'LD9270341', 1, 11, 3, NULL, NULL, '客户对我公司的手机产品感兴趣', NULL, 0, NULL, 5, 1, '2017-12-01 00:00:00', '', 1, NULL),
	(342, 'LD9270342', 1, 12, 2, NULL, NULL, '客户对我公司的手机产品感兴趣', NULL, 0, NULL, 5, 1, '2017-12-01 00:00:00', '', 1, NULL),
	(343, 'LD9270343', 1, 13, 2, NULL, NULL, '客户对我公司的手机产品感兴趣', NULL, 0, NULL, 5, 1, '2017-12-01 00:00:00', '', 1, NULL),
	(344, 'LD9270344', 1, 14, 2, NULL, NULL, '客户对我公司的手机产品感兴趣', NULL, 0, NULL, 5, 1, '2017-12-01 00:00:00', '', 1, NULL),
	(345, 'LD9270345', 1, 15, 6, NULL, '2017-12-28 00:00:00', '客户对我公司的手机产品感兴趣', NULL, 0, NULL, 5, 1, '2017-12-01 00:00:00', '退回市场', 2, NULL),
	(346, 'LD9270346', 1, 16, 4, NULL, '2017-12-28 00:00:00', '客户对我公司的手机产品感兴趣', NULL, 0, NULL, 5, 1, '2017-12-01 00:00:00', '退回市场', 2, NULL),
	(347, 'LD9270347', 1, 17, 3, NULL, '2017-12-28 00:00:00', '客户对我公司的手机产品感兴趣', NULL, 0, NULL, 5, 1, '2017-12-01 00:00:00', '退回市场', 2, NULL),
	(348, 'LD9270348', 1, 18, 6, '2017-12-28 00:00:00', NULL, '客户对我公司的手机产品感兴趣', NULL, 0, NULL, 5, 1, '2017-12-01 00:00:00', '转销售机会', 3, NULL),
	(349, 'LD9270349', 1, 19, 2, '2017-12-28 00:00:00', NULL, '客户对我公司的手机产品感兴趣', NULL, 0, NULL, 5, 1, '2017-12-01 00:00:00', '转销售机会', 3, NULL),
	(350, 'LD9270350', 1, 20, 4, '2017-12-28 00:00:00', NULL, '客户对我公司的手机产品感兴趣', NULL, 0, NULL, 5, 1, '2017-12-01 00:00:00', '转销售机会', 3, NULL),
	(351, 'LD9270351', 1, 21, 6, NULL, NULL, '客户对我公司的手机产品感兴趣', NULL, 0, NULL, 6, 1, '2017-12-01 00:00:00', '', 1, NULL),
	(352, 'LD9270352', 1, 22, 2, NULL, NULL, '客户对我公司的手机产品感兴趣', NULL, 0, NULL, 6, 1, '2017-12-01 00:00:00', '', 1, NULL),
	(353, 'LD9270353', 1, 23, 4, NULL, NULL, '客户对我公司的手机产品感兴趣', NULL, 0, NULL, 6, 1, '2017-12-01 00:00:00', '', 1, NULL),
	(354, 'LD9270354', 1, 24, 2, NULL, NULL, '客户对我公司的手机产品感兴趣', NULL, 0, NULL, 6, 1, '2017-12-01 00:00:00', '', 1, NULL),
	(355, 'LD9270355', 1, 25, 2, NULL, NULL, '客户对我公司的手机产品感兴趣', NULL, 0, NULL, 6, 1, '2017-12-01 00:00:00', '', 1, NULL),
	(356, 'LD9270356', 1, 26, 6, NULL, '2017-12-28 00:00:00', '客户对我公司的手机产品感兴趣', NULL, 0, NULL, 6, 1, '2017-12-01 00:00:00', '退回市场', 2, NULL),
	(357, 'LD9270357', 1, 27, 3, '2017-12-28 00:00:00', NULL, '客户对我公司的手机产品感兴趣', NULL, 0, NULL, 6, 1, '2017-12-01 00:00:00', '转销售机会', 3, NULL),
	(358, 'LD9270358', 1, 28, 6, '2017-12-28 00:00:00', NULL, '客户对我公司的手机产品感兴趣', NULL, 0, NULL, 6, 1, '2017-12-01 00:00:00', '转销售机会', 3, NULL),
	(359, 'LD9270359', 1, 29, 6, '2017-12-28 00:00:00', NULL, '客户对我公司的手机产品感兴趣', NULL, 0, NULL, 6, 1, '2017-12-01 00:00:00', '转销售机会', 3, NULL),
	(360, 'LD9270360', 1, 30, 2, '2017-12-28 00:00:00', NULL, '客户对我公司的手机产品感兴趣', NULL, 0, NULL, 6, 1, '2017-12-01 00:00:00', '转销售机会', 3, NULL);
/*!40000 ALTER TABLE `lead` ENABLE KEYS */;

-- 导出  表 vsms.leadcontact 结构
DROP TABLE IF EXISTS `leadcontact`;
CREATE TABLE IF NOT EXISTS `leadcontact` (
  `id` int(10) NOT NULL AUTO_INCREMENT COMMENT 'ID',
  `leadid` int(10) DEFAULT NULL COMMENT '线索id',
  `depart` varchar(500) DEFAULT NULL COMMENT '部门',
  `fullname` varchar(500) DEFAULT NULL COMMENT '姓名',
  `sex` tinyint(1) DEFAULT NULL COMMENT '性别：0-女，1-男',
  `tel` varchar(500) DEFAULT NULL COMMENT '电话',
  `mobile` varchar(500) DEFAULT NULL COMMENT '手机',
  `fax` varchar(500) DEFAULT NULL COMMENT '传真',
  `email` varchar(500) DEFAULT NULL COMMENT '邮箱',
  `qq` varchar(500) DEFAULT NULL COMMENT 'QQ号',
  `wechat` varchar(500) DEFAULT NULL COMMENT '微信号',
  `remark` text COMMENT '备注',
  `role` varchar(500) DEFAULT NULL COMMENT '角色',
  `ownerid` int(10) DEFAULT NULL COMMENT '所属人id',
  `createrid` int(10) DEFAULT NULL COMMENT '创建人id',
  `createdatetime` datetime DEFAULT NULL COMMENT '创建时间',
  `isdelete` tinyint(1) DEFAULT NULL COMMENT '是否删除：0-否，1-是',
  `position` varchar(500) DEFAULT NULL COMMENT '职位',
  PRIMARY KEY (`id`)
) ENGINE=InnoDB DEFAULT CHARSET=utf8 COMMENT='线索联系人表';

-- 正在导出表  vsms.leadcontact 的数据：~360 rows (大约)
/*!40000 ALTER TABLE `leadcontact` DISABLE KEYS */;
INSERT INTO `leadcontact` (`id`, `leadid`, `depart`, `fullname`, `sex`, `tel`, `mobile`, `fax`, `email`, `qq`, `wechat`, `remark`, `role`, `ownerid`, `createrid`, `createdatetime`, `isdelete`, `position`) VALUES
	(1, 1, '口腔科', '肖道春', 1, '88888888', '13666668888', '66666666', 'demo@ql-crm.com', '', '', '', NULL, 6, 1, '2017-12-22 12:54:46', 0, '医生'),
	(2, 2, '口腔科', '姚雷雷', 0, '88888888', '13666668888', '66666666', 'demo@ql-crm.com', '', '', '', NULL, 6, 1, '2017-12-22 12:54:46', 0, '医生'),
	(3, 3, '口腔科', '田树宏', 1, '88888888', '13666668888', '66666666', 'demo@ql-crm.com', '', '', '', NULL, 6, 1, '2017-12-22 12:54:46', 0, '医生'),
	(4, 4, '口腔科', '杨海华', 0, '88888888', '13666668888', '66666666', 'demo@ql-crm.com', '', '', '', NULL, 6, 1, '2017-12-22 12:54:46', 0, '医生'),
	(5, 5, '口腔科', '水新荣', 1, '88888888', '13666668888', '66666666', 'demo@ql-crm.com', '', '', '', NULL, 6, 1, '2017-12-22 12:54:46', 0, '医生'),
	(6, 6, '口腔科', '许春敏', 1, '88888888', '13666668888', '66666666', 'demo@ql-crm.com', '', '', '', NULL, 6, 1, '2017-12-22 12:54:46', 0, '医生'),
	(7, 7, '口腔科', '倪春飞', 1, '88888888', '13666668888', '66666666', 'demo@ql-crm.com', '', '', '', NULL, 6, 1, '2017-12-22 12:54:46', 0, '医生'),
	(8, 8, '口腔科', '殷博', 1, '88888888', '13666668888', '66666666', 'demo@ql-crm.com', '', '', '', NULL, 6, 1, '2017-12-22 12:54:46', 0, '医生'),
	(9, 9, '口腔科', '李从全', 1, '88888888', '13666668888', '66666666', 'demo@ql-crm.com', '', '', '', NULL, 6, 1, '2017-12-22 12:54:46', 0, '医生'),
	(10, 10, '口腔科', '严茂军', 1, '88888888', '13666668888', '66666666', 'demo@ql-crm.com', '', '', '', NULL, 6, 1, '2017-12-22 12:54:46', 0, '医生'),
	(11, 11, '口腔科', '郑圣平', 1, '88888888', '13666668888', '66666666', 'demo@ql-crm.com', '', '', '', NULL, 6, 1, '2017-12-22 12:54:46', 0, '医生'),
	(12, 12, '口腔科', '韩寅驰', 1, '88888888', '13666668888', '66666666', 'demo@ql-crm.com', '', '', '', NULL, 6, 1, '2017-12-22 12:54:46', 0, '医生'),
	(13, 13, '口腔科', '蔡东春', 1, '88888888', '13666668888', '66666666', 'demo@ql-crm.com', '', '', '', NULL, 6, 1, '2017-12-22 12:54:46', 0, '医生'),
	(14, 14, '口腔科', '吴金金', 0, '88888888', '13666668888', '66666666', 'demo@ql-crm.com', '', '', '', NULL, 6, 1, '2017-12-22 12:54:46', 0, '医生'),
	(15, 15, '口腔科', '杨勇', 1, '88888888', '13666668888', '66666666', 'demo@ql-crm.com', '', '', '', NULL, 6, 1, '2017-12-22 12:54:46', 0, '医生'),
	(16, 16, '口腔科', '詹初盛', 1, '88888888', '13666668888', '66666666', 'demo@ql-crm.com', '', '', '', NULL, 6, 1, '2017-12-22 12:54:46', 0, '医生'),
	(17, 17, '口腔科', '何恒亮', 1, '88888888', '13666668888', '66666666', 'demo@ql-crm.com', '', '', '', NULL, 6, 1, '2017-12-22 12:54:46', 0, '医生'),
	(18, 18, '口腔科', '夏仕培', 1, '88888888', '13666668888', '66666666', 'demo@ql-crm.com', '', '', '', NULL, 6, 1, '2017-12-22 12:54:46', 0, '医生'),
	(19, 19, '口腔科', '苏海宁', 1, '88888888', '13666668888', '66666666', 'demo@ql-crm.com', '', '', '', NULL, 5, 1, '2017-12-22 12:54:46', 0, '医生'),
	(20, 20, '口腔科', '孙林涛', 1, '88888888', '13666668888', '66666666', 'demo@ql-crm.com', '', '', '', NULL, 5, 1, '2017-12-22 12:54:46', 0, '医生'),
	(21, 21, '口腔科', '江卫东', 1, '88888888', '13666668888', '66666666', 'demo@ql-crm.com', '', '', '', NULL, 5, 1, '2017-12-22 12:54:46', 0, '医生'),
	(22, 22, '口腔科', '汪世航', 1, '88888888', '13666668888', '66666666', 'demo@ql-crm.com', '', '', '', NULL, 5, 1, '2017-12-22 12:54:46', 0, '医生'),
	(23, 23, '口腔科', '田树宏', 1, '88888888', '13666668888', '66666666', 'demo@ql-crm.com', '', '', '', NULL, 5, 1, '2017-12-22 12:54:46', 0, '医生'),
	(24, 24, '口腔科', '饶波', 1, '88888888', '13666668888', '66666666', 'demo@ql-crm.com', '', '', '', NULL, 5, 1, '2017-12-22 12:54:46', 0, '医生'),
	(25, 25, '口腔科', '陈则劭', 1, '88888888', '13666668888', '66666666', 'demo@ql-crm.com', '', '', '', NULL, 5, 1, '2017-12-22 12:54:46', 0, '医生'),
	(26, 26, '口腔科', '徐振华', 0, '88888888', '13666668888', '66666666', 'demo@ql-crm.com', '', '', '', NULL, 5, 1, '2017-12-22 12:54:46', 0, '医生'),
	(27, 27, '口腔科', '李光源', 1, '88888888', '13666668888', '66666666', 'demo@ql-crm.com', '', '', '', NULL, 5, 1, '2017-12-22 12:54:46', 0, '医生'),
	(28, 28, '口腔科', '季雪峰', 1, '88888888', '13666668888', '66666666', 'demo@ql-crm.com', '', '', '', NULL, 5, 1, '2017-12-22 12:54:46', 0, '医生'),
	(29, 29, '口腔科', '童希明', 1, '88888888', '13666668888', '66666666', 'demo@ql-crm.com', '', '', '', NULL, 5, 1, '2017-12-22 12:54:46', 0, '医生'),
	(30, 30, '口腔科', '韩国富', 1, '88888888', '13666668888', '66666666', 'demo@ql-crm.com', '', '', '', NULL, 5, 1, '2017-12-22 12:54:46', 0, '医生'),
	(31, 31, '口腔科', '肖道春', 1, '88888888', '13666668888', '66666666', 'demo@ql-crm.com', '', '', '', NULL, 6, 1, '2017-12-22 12:54:46', 0, '医生'),
	(32, 32, '口腔科', '姚雷雷', 0, '88888888', '13666668888', '66666666', 'demo@ql-crm.com', '', '', '', NULL, 6, 1, '2017-12-22 12:54:46', 0, '医生'),
	(33, 33, '口腔科', '田树宏', 1, '88888888', '13666668888', '66666666', 'demo@ql-crm.com', '', '', '', NULL, 6, 1, '2017-12-22 12:54:46', 0, '医生'),
	(34, 34, '口腔科', '杨海华', 0, '88888888', '13666668888', '66666666', 'demo@ql-crm.com', '', '', '', NULL, 6, 1, '2017-12-22 12:54:46', 0, '医生'),
	(35, 35, '口腔科', '水新荣', 1, '88888888', '13666668888', '66666666', 'demo@ql-crm.com', '', '', '', NULL, 6, 1, '2017-12-22 12:54:46', 0, '医生'),
	(36, 36, '口腔科', '许春敏', 1, '88888888', '13666668888', '66666666', 'demo@ql-crm.com', '', '', '', NULL, 6, 1, '2017-12-22 12:54:46', 0, '医生'),
	(37, 37, '口腔科', '倪春飞', 1, '88888888', '13666668888', '66666666', 'demo@ql-crm.com', '', '', '', NULL, 6, 1, '2017-12-22 12:54:46', 0, '医生'),
	(38, 38, '口腔科', '殷博', 1, '88888888', '13666668888', '66666666', 'demo@ql-crm.com', '', '', '', NULL, 6, 1, '2017-12-22 12:54:46', 0, '医生'),
	(39, 39, '口腔科', '李从全', 1, '88888888', '13666668888', '66666666', 'demo@ql-crm.com', '', '', '', NULL, 6, 1, '2017-12-22 12:54:46', 0, '医生'),
	(40, 40, '口腔科', '严茂军', 1, '88888888', '13666668888', '66666666', 'demo@ql-crm.com', '', '', '', NULL, 6, 1, '2017-12-22 12:54:46', 0, '医生'),
	(41, 41, '口腔科', '郑圣平', 1, '88888888', '13666668888', '66666666', 'demo@ql-crm.com', '', '', '', NULL, 6, 1, '2017-12-22 12:54:46', 0, '医生'),
	(42, 42, '口腔科', '韩寅驰', 1, '88888888', '13666668888', '66666666', 'demo@ql-crm.com', '', '', '', NULL, 6, 1, '2017-12-22 12:54:46', 0, '医生'),
	(43, 43, '口腔科', '蔡东春', 1, '88888888', '13666668888', '66666666', 'demo@ql-crm.com', '', '', '', NULL, 6, 1, '2017-12-22 12:54:46', 0, '医生'),
	(44, 44, '口腔科', '吴金金', 0, '88888888', '13666668888', '66666666', 'demo@ql-crm.com', '', '', '', NULL, 6, 1, '2017-12-22 12:54:46', 0, '医生'),
	(45, 45, '口腔科', '杨勇', 1, '88888888', '13666668888', '66666666', 'demo@ql-crm.com', '', '', '', NULL, 6, 1, '2017-12-22 12:54:46', 0, '医生'),
	(46, 46, '口腔科', '詹初盛', 1, '88888888', '13666668888', '66666666', 'demo@ql-crm.com', '', '', '', NULL, 6, 1, '2017-12-22 12:54:46', 0, '医生'),
	(47, 47, '口腔科', '何恒亮', 1, '88888888', '13666668888', '66666666', 'demo@ql-crm.com', '', '', '', NULL, 6, 1, '2017-12-22 12:54:46', 0, '医生'),
	(48, 48, '口腔科', '夏仕培', 1, '88888888', '13666668888', '66666666', 'demo@ql-crm.com', '', '', '', NULL, 6, 1, '2017-12-22 12:54:46', 0, '医生'),
	(49, 49, '口腔科', '苏海宁', 1, '88888888', '13666668888', '66666666', 'demo@ql-crm.com', '', '', '', NULL, 5, 1, '2017-12-22 12:54:46', 0, '医生'),
	(50, 50, '口腔科', '孙林涛', 1, '88888888', '13666668888', '66666666', 'demo@ql-crm.com', '', '', '', NULL, 5, 1, '2017-12-22 12:54:46', 0, '医生'),
	(51, 51, '口腔科', '江卫东', 1, '88888888', '13666668888', '66666666', 'demo@ql-crm.com', '', '', '', NULL, 5, 1, '2017-12-22 12:54:46', 0, '医生'),
	(52, 52, '口腔科', '汪世航', 1, '88888888', '13666668888', '66666666', 'demo@ql-crm.com', '', '', '', NULL, 5, 1, '2017-12-22 12:54:46', 0, '医生'),
	(53, 53, '口腔科', '田树宏', 1, '88888888', '13666668888', '66666666', 'demo@ql-crm.com', '', '', '', NULL, 5, 1, '2017-12-22 12:54:46', 0, '医生'),
	(54, 54, '口腔科', '饶波', 1, '88888888', '13666668888', '66666666', 'demo@ql-crm.com', '', '', '', NULL, 5, 1, '2017-12-22 12:54:46', 0, '医生'),
	(55, 55, '口腔科', '陈则劭', 1, '88888888', '13666668888', '66666666', 'demo@ql-crm.com', '', '', '', NULL, 5, 1, '2017-12-22 12:54:46', 0, '医生'),
	(56, 56, '口腔科', '徐振华', 0, '88888888', '13666668888', '66666666', 'demo@ql-crm.com', '', '', '', NULL, 5, 1, '2017-12-22 12:54:46', 0, '医生'),
	(57, 57, '口腔科', '李光源', 1, '88888888', '13666668888', '66666666', 'demo@ql-crm.com', '', '', '', NULL, 5, 1, '2017-12-22 12:54:46', 0, '医生'),
	(58, 58, '口腔科', '季雪峰', 1, '88888888', '13666668888', '66666666', 'demo@ql-crm.com', '', '', '', NULL, 5, 1, '2017-12-22 12:54:46', 0, '医生'),
	(59, 59, '口腔科', '童希明', 1, '88888888', '13666668888', '66666666', 'demo@ql-crm.com', '', '', '', NULL, 5, 1, '2017-12-22 12:54:46', 0, '医生'),
	(60, 60, '口腔科', '韩国富', 1, '88888888', '13666668888', '66666666', 'demo@ql-crm.com', '', '', '', NULL, 5, 1, '2017-12-22 12:54:46', 0, '医生'),
	(61, 61, '口腔科', '肖道春', 1, '88888888', '13666668888', '66666666', 'demo@ql-crm.com', '', '', '', NULL, 6, 1, '2017-12-22 12:54:46', 0, '医生'),
	(62, 62, '口腔科', '姚雷雷', 0, '88888888', '13666668888', '66666666', 'demo@ql-crm.com', '', '', '', NULL, 6, 1, '2017-12-22 12:54:46', 0, '医生'),
	(63, 63, '口腔科', '田树宏', 1, '88888888', '13666668888', '66666666', 'demo@ql-crm.com', '', '', '', NULL, 6, 1, '2017-12-22 12:54:46', 0, '医生'),
	(64, 64, '口腔科', '杨海华', 0, '88888888', '13666668888', '66666666', 'demo@ql-crm.com', '', '', '', NULL, 6, 1, '2017-12-22 12:54:46', 0, '医生'),
	(65, 65, '口腔科', '水新荣', 1, '88888888', '13666668888', '66666666', 'demo@ql-crm.com', '', '', '', NULL, 6, 1, '2017-12-22 12:54:46', 0, '医生'),
	(66, 66, '口腔科', '许春敏', 1, '88888888', '13666668888', '66666666', 'demo@ql-crm.com', '', '', '', NULL, 6, 1, '2017-12-22 12:54:46', 0, '医生'),
	(67, 67, '口腔科', '倪春飞', 1, '88888888', '13666668888', '66666666', 'demo@ql-crm.com', '', '', '', NULL, 6, 1, '2017-12-22 12:54:46', 0, '医生'),
	(68, 68, '口腔科', '殷博', 1, '88888888', '13666668888', '66666666', 'demo@ql-crm.com', '', '', '', NULL, 6, 1, '2017-12-22 12:54:46', 0, '医生'),
	(69, 69, '口腔科', '李从全', 1, '88888888', '13666668888', '66666666', 'demo@ql-crm.com', '', '', '', NULL, 6, 1, '2017-12-22 12:54:46', 0, '医生'),
	(70, 70, '口腔科', '严茂军', 1, '88888888', '13666668888', '66666666', 'demo@ql-crm.com', '', '', '', NULL, 6, 1, '2017-12-22 12:54:46', 0, '医生'),
	(71, 71, '口腔科', '郑圣平', 1, '88888888', '13666668888', '66666666', 'demo@ql-crm.com', '', '', '', NULL, 6, 1, '2017-12-22 12:54:46', 0, '医生'),
	(72, 72, '口腔科', '韩寅驰', 1, '88888888', '13666668888', '66666666', 'demo@ql-crm.com', '', '', '', NULL, 6, 1, '2017-12-22 12:54:46', 0, '医生'),
	(73, 73, '口腔科', '蔡东春', 1, '88888888', '13666668888', '66666666', 'demo@ql-crm.com', '', '', '', NULL, 6, 1, '2017-12-22 12:54:46', 0, '医生'),
	(74, 74, '口腔科', '吴金金', 0, '88888888', '13666668888', '66666666', 'demo@ql-crm.com', '', '', '', NULL, 6, 1, '2017-12-22 12:54:46', 0, '医生'),
	(75, 75, '口腔科', '杨勇', 1, '88888888', '13666668888', '66666666', 'demo@ql-crm.com', '', '', '', NULL, 6, 1, '2017-12-22 12:54:46', 0, '医生'),
	(76, 76, '口腔科', '詹初盛', 1, '88888888', '13666668888', '66666666', 'demo@ql-crm.com', '', '', '', NULL, 6, 1, '2017-12-22 12:54:46', 0, '医生'),
	(77, 77, '口腔科', '何恒亮', 1, '88888888', '13666668888', '66666666', 'demo@ql-crm.com', '', '', '', NULL, 6, 1, '2017-12-22 12:54:46', 0, '医生'),
	(78, 78, '口腔科', '夏仕培', 1, '88888888', '13666668888', '66666666', 'demo@ql-crm.com', '', '', '', NULL, 6, 1, '2017-12-22 12:54:46', 0, '医生'),
	(79, 79, '口腔科', '苏海宁', 1, '88888888', '13666668888', '66666666', 'demo@ql-crm.com', '', '', '', NULL, 5, 1, '2017-12-22 12:54:46', 0, '医生'),
	(80, 80, '口腔科', '孙林涛', 1, '88888888', '13666668888', '66666666', 'demo@ql-crm.com', '', '', '', NULL, 5, 1, '2017-12-22 12:54:46', 0, '医生'),
	(81, 81, '口腔科', '江卫东', 1, '88888888', '13666668888', '66666666', 'demo@ql-crm.com', '', '', '', NULL, 5, 1, '2017-12-22 12:54:46', 0, '医生'),
	(82, 82, '口腔科', '汪世航', 1, '88888888', '13666668888', '66666666', 'demo@ql-crm.com', '', '', '', NULL, 5, 1, '2017-12-22 12:54:46', 0, '医生'),
	(83, 83, '口腔科', '田树宏', 1, '88888888', '13666668888', '66666666', 'demo@ql-crm.com', '', '', '', NULL, 5, 1, '2017-12-22 12:54:46', 0, '医生'),
	(84, 84, '口腔科', '饶波', 1, '88888888', '13666668888', '66666666', 'demo@ql-crm.com', '', '', '', NULL, 5, 1, '2017-12-22 12:54:46', 0, '医生'),
	(85, 85, '口腔科', '陈则劭', 1, '88888888', '13666668888', '66666666', 'demo@ql-crm.com', '', '', '', NULL, 5, 1, '2017-12-22 12:54:46', 0, '医生'),
	(86, 86, '口腔科', '徐振华', 0, '88888888', '13666668888', '66666666', 'demo@ql-crm.com', '', '', '', NULL, 5, 1, '2017-12-22 12:54:46', 0, '医生'),
	(87, 87, '口腔科', '李光源', 1, '88888888', '13666668888', '66666666', 'demo@ql-crm.com', '', '', '', NULL, 5, 1, '2017-12-22 12:54:46', 0, '医生'),
	(88, 88, '口腔科', '季雪峰', 1, '88888888', '13666668888', '66666666', 'demo@ql-crm.com', '', '', '', NULL, 5, 1, '2017-12-22 12:54:46', 0, '医生'),
	(89, 89, '口腔科', '童希明', 1, '88888888', '13666668888', '66666666', 'demo@ql-crm.com', '', '', '', NULL, 5, 1, '2017-12-22 12:54:46', 0, '医生'),
	(90, 90, '口腔科', '韩国富', 1, '88888888', '13666668888', '66666666', 'demo@ql-crm.com', '', '', '', NULL, 5, 1, '2017-12-22 12:54:46', 0, '医生'),
	(91, 91, '口腔科', '肖道春', 1, '88888888', '13666668888', '66666666', 'demo@ql-crm.com', '', '', '', NULL, 6, 1, '2017-12-22 12:54:46', 0, '医生'),
	(92, 92, '口腔科', '姚雷雷', 0, '88888888', '13666668888', '66666666', 'demo@ql-crm.com', '', '', '', NULL, 6, 1, '2017-12-22 12:54:46', 0, '医生'),
	(93, 93, '口腔科', '田树宏', 1, '88888888', '13666668888', '66666666', 'demo@ql-crm.com', '', '', '', NULL, 6, 1, '2017-12-22 12:54:46', 0, '医生'),
	(94, 94, '口腔科', '杨海华', 0, '88888888', '13666668888', '66666666', 'demo@ql-crm.com', '', '', '', NULL, 6, 1, '2017-12-22 12:54:46', 0, '医生'),
	(95, 95, '口腔科', '水新荣', 1, '88888888', '13666668888', '66666666', 'demo@ql-crm.com', '', '', '', NULL, 6, 1, '2017-12-22 12:54:46', 0, '医生'),
	(96, 96, '口腔科', '许春敏', 1, '88888888', '13666668888', '66666666', 'demo@ql-crm.com', '', '', '', NULL, 6, 1, '2017-12-22 12:54:46', 0, '医生'),
	(97, 97, '口腔科', '倪春飞', 1, '88888888', '13666668888', '66666666', 'demo@ql-crm.com', '', '', '', NULL, 6, 1, '2017-12-22 12:54:46', 0, '医生'),
	(98, 98, '口腔科', '殷博', 1, '88888888', '13666668888', '66666666', 'demo@ql-crm.com', '', '', '', NULL, 6, 1, '2017-12-22 12:54:46', 0, '医生'),
	(99, 99, '口腔科', '李从全', 1, '88888888', '13666668888', '66666666', 'demo@ql-crm.com', '', '', '', NULL, 6, 1, '2017-12-22 12:54:46', 0, '医生'),
	(100, 100, '口腔科', '严茂军', 1, '88888888', '13666668888', '66666666', 'demo@ql-crm.com', '', '', '', NULL, 6, 1, '2017-12-22 12:54:46', 0, '医生'),
	(101, 101, '口腔科', '郑圣平', 1, '88888888', '13666668888', '66666666', 'demo@ql-crm.com', '', '', '', NULL, 6, 1, '2017-12-22 12:54:46', 0, '医生'),
	(102, 102, '口腔科', '韩寅驰', 1, '88888888', '13666668888', '66666666', 'demo@ql-crm.com', '', '', '', NULL, 6, 1, '2017-12-22 12:54:46', 0, '医生'),
	(103, 103, '口腔科', '蔡东春', 1, '88888888', '13666668888', '66666666', 'demo@ql-crm.com', '', '', '', NULL, 6, 1, '2017-12-22 12:54:46', 0, '医生'),
	(104, 104, '口腔科', '吴金金', 0, '88888888', '13666668888', '66666666', 'demo@ql-crm.com', '', '', '', NULL, 6, 1, '2017-12-22 12:54:46', 0, '医生'),
	(105, 105, '口腔科', '杨勇', 1, '88888888', '13666668888', '66666666', 'demo@ql-crm.com', '', '', '', NULL, 6, 1, '2017-12-22 12:54:46', 0, '医生'),
	(106, 106, '口腔科', '詹初盛', 1, '88888888', '13666668888', '66666666', 'demo@ql-crm.com', '', '', '', NULL, 6, 1, '2017-12-22 12:54:46', 0, '医生'),
	(107, 107, '口腔科', '何恒亮', 1, '88888888', '13666668888', '66666666', 'demo@ql-crm.com', '', '', '', NULL, 6, 1, '2017-12-22 12:54:46', 0, '医生'),
	(108, 108, '口腔科', '夏仕培', 1, '88888888', '13666668888', '66666666', 'demo@ql-crm.com', '', '', '', NULL, 6, 1, '2017-12-22 12:54:46', 0, '医生'),
	(109, 109, '口腔科', '苏海宁', 1, '88888888', '13666668888', '66666666', 'demo@ql-crm.com', '', '', '', NULL, 5, 1, '2017-12-22 12:54:46', 0, '医生'),
	(110, 110, '口腔科', '孙林涛', 1, '88888888', '13666668888', '66666666', 'demo@ql-crm.com', '', '', '', NULL, 5, 1, '2017-12-22 12:54:46', 0, '医生'),
	(111, 111, '口腔科', '江卫东', 1, '88888888', '13666668888', '66666666', 'demo@ql-crm.com', '', '', '', NULL, 5, 1, '2017-12-22 12:54:46', 0, '医生'),
	(112, 112, '口腔科', '汪世航', 1, '88888888', '13666668888', '66666666', 'demo@ql-crm.com', '', '', '', NULL, 5, 1, '2017-12-22 12:54:46', 0, '医生'),
	(113, 113, '口腔科', '田树宏', 1, '88888888', '13666668888', '66666666', 'demo@ql-crm.com', '', '', '', NULL, 5, 1, '2017-12-22 12:54:46', 0, '医生'),
	(114, 114, '口腔科', '饶波', 1, '88888888', '13666668888', '66666666', 'demo@ql-crm.com', '', '', '', NULL, 5, 1, '2017-12-22 12:54:46', 0, '医生'),
	(115, 115, '口腔科', '陈则劭', 1, '88888888', '13666668888', '66666666', 'demo@ql-crm.com', '', '', '', NULL, 5, 1, '2017-12-22 12:54:46', 0, '医生'),
	(116, 116, '口腔科', '徐振华', 0, '88888888', '13666668888', '66666666', 'demo@ql-crm.com', '', '', '', NULL, 5, 1, '2017-12-22 12:54:46', 0, '医生'),
	(117, 117, '口腔科', '李光源', 1, '88888888', '13666668888', '66666666', 'demo@ql-crm.com', '', '', '', NULL, 5, 1, '2017-12-22 12:54:46', 0, '医生'),
	(118, 118, '口腔科', '季雪峰', 1, '88888888', '13666668888', '66666666', 'demo@ql-crm.com', '', '', '', NULL, 5, 1, '2017-12-22 12:54:46', 0, '医生'),
	(119, 119, '口腔科', '童希明', 1, '88888888', '13666668888', '66666666', 'demo@ql-crm.com', '', '', '', NULL, 5, 1, '2017-12-22 12:54:46', 0, '医生'),
	(120, 120, '口腔科', '韩国富', 1, '88888888', '13666668888', '66666666', 'demo@ql-crm.com', '', '', '', NULL, 5, 1, '2017-12-22 12:54:46', 0, '医生'),
	(121, 121, '口腔科', '肖道春', 1, '88888888', '13666668888', '66666666', 'demo@ql-crm.com', '', '', '', NULL, 6, 1, '2017-12-22 12:54:46', 0, '医生'),
	(122, 122, '口腔科', '姚雷雷', 0, '88888888', '13666668888', '66666666', 'demo@ql-crm.com', '', '', '', NULL, 6, 1, '2017-12-22 12:54:46', 0, '医生'),
	(123, 123, '口腔科', '田树宏', 1, '88888888', '13666668888', '66666666', 'demo@ql-crm.com', '', '', '', NULL, 6, 1, '2017-12-22 12:54:46', 0, '医生'),
	(124, 124, '口腔科', '杨海华', 0, '88888888', '13666668888', '66666666', 'demo@ql-crm.com', '', '', '', NULL, 6, 1, '2017-12-22 12:54:46', 0, '医生'),
	(125, 125, '口腔科', '水新荣', 1, '88888888', '13666668888', '66666666', 'demo@ql-crm.com', '', '', '', NULL, 6, 1, '2017-12-22 12:54:46', 0, '医生'),
	(126, 126, '口腔科', '许春敏', 1, '88888888', '13666668888', '66666666', 'demo@ql-crm.com', '', '', '', NULL, 6, 1, '2017-12-22 12:54:46', 0, '医生'),
	(127, 127, '口腔科', '倪春飞', 1, '88888888', '13666668888', '66666666', 'demo@ql-crm.com', '', '', '', NULL, 6, 1, '2017-12-22 12:54:46', 0, '医生'),
	(128, 128, '口腔科', '殷博', 1, '88888888', '13666668888', '66666666', 'demo@ql-crm.com', '', '', '', NULL, 6, 1, '2017-12-22 12:54:46', 0, '医生'),
	(129, 129, '口腔科', '李从全', 1, '88888888', '13666668888', '66666666', 'demo@ql-crm.com', '', '', '', NULL, 6, 1, '2017-12-22 12:54:46', 0, '医生'),
	(130, 130, '口腔科', '严茂军', 1, '88888888', '13666668888', '66666666', 'demo@ql-crm.com', '', '', '', NULL, 6, 1, '2017-12-22 12:54:46', 0, '医生'),
	(131, 131, '口腔科', '郑圣平', 1, '88888888', '13666668888', '66666666', 'demo@ql-crm.com', '', '', '', NULL, 6, 1, '2017-12-22 12:54:46', 0, '医生'),
	(132, 132, '口腔科', '韩寅驰', 1, '88888888', '13666668888', '66666666', 'demo@ql-crm.com', '', '', '', NULL, 6, 1, '2017-12-22 12:54:46', 0, '医生'),
	(133, 133, '口腔科', '蔡东春', 1, '88888888', '13666668888', '66666666', 'demo@ql-crm.com', '', '', '', NULL, 6, 1, '2017-12-22 12:54:46', 0, '医生'),
	(134, 134, '口腔科', '吴金金', 0, '88888888', '13666668888', '66666666', 'demo@ql-crm.com', '', '', '', NULL, 6, 1, '2017-12-22 12:54:46', 0, '医生'),
	(135, 135, '口腔科', '杨勇', 1, '88888888', '13666668888', '66666666', 'demo@ql-crm.com', '', '', '', NULL, 6, 1, '2017-12-22 12:54:46', 0, '医生'),
	(136, 136, '口腔科', '詹初盛', 1, '88888888', '13666668888', '66666666', 'demo@ql-crm.com', '', '', '', NULL, 6, 1, '2017-12-22 12:54:46', 0, '医生'),
	(137, 137, '口腔科', '何恒亮', 1, '88888888', '13666668888', '66666666', 'demo@ql-crm.com', '', '', '', NULL, 6, 1, '2017-12-22 12:54:46', 0, '医生'),
	(138, 138, '口腔科', '夏仕培', 1, '88888888', '13666668888', '66666666', 'demo@ql-crm.com', '', '', '', NULL, 6, 1, '2017-12-22 12:54:46', 0, '医生'),
	(139, 139, '口腔科', '苏海宁', 1, '88888888', '13666668888', '66666666', 'demo@ql-crm.com', '', '', '', NULL, 5, 1, '2017-12-22 12:54:46', 0, '医生'),
	(140, 140, '口腔科', '孙林涛', 1, '88888888', '13666668888', '66666666', 'demo@ql-crm.com', '', '', '', NULL, 5, 1, '2017-12-22 12:54:46', 0, '医生'),
	(141, 141, '口腔科', '江卫东', 1, '88888888', '13666668888', '66666666', 'demo@ql-crm.com', '', '', '', NULL, 5, 1, '2017-12-22 12:54:46', 0, '医生'),
	(142, 142, '口腔科', '汪世航', 1, '88888888', '13666668888', '66666666', 'demo@ql-crm.com', '', '', '', NULL, 5, 1, '2017-12-22 12:54:46', 0, '医生'),
	(143, 143, '口腔科', '田树宏', 1, '88888888', '13666668888', '66666666', 'demo@ql-crm.com', '', '', '', NULL, 5, 1, '2017-12-22 12:54:46', 0, '医生'),
	(144, 144, '口腔科', '饶波', 1, '88888888', '13666668888', '66666666', 'demo@ql-crm.com', '', '', '', NULL, 5, 1, '2017-12-22 12:54:46', 0, '医生'),
	(145, 145, '口腔科', '陈则劭', 1, '88888888', '13666668888', '66666666', 'demo@ql-crm.com', '', '', '', NULL, 5, 1, '2017-12-22 12:54:46', 0, '医生'),
	(146, 146, '口腔科', '徐振华', 0, '88888888', '13666668888', '66666666', 'demo@ql-crm.com', '', '', '', NULL, 5, 1, '2017-12-22 12:54:46', 0, '医生'),
	(147, 147, '口腔科', '李光源', 1, '88888888', '13666668888', '66666666', 'demo@ql-crm.com', '', '', '', NULL, 5, 1, '2017-12-22 12:54:46', 0, '医生'),
	(148, 148, '口腔科', '季雪峰', 1, '88888888', '13666668888', '66666666', 'demo@ql-crm.com', '', '', '', NULL, 5, 1, '2017-12-22 12:54:46', 0, '医生'),
	(149, 149, '口腔科', '童希明', 1, '88888888', '13666668888', '66666666', 'demo@ql-crm.com', '', '', '', NULL, 5, 1, '2017-12-22 12:54:46', 0, '医生'),
	(150, 150, '口腔科', '韩国富', 1, '88888888', '13666668888', '66666666', 'demo@ql-crm.com', '', '', '', NULL, 5, 1, '2017-12-22 12:54:46', 0, '医生'),
	(151, 151, '口腔科', '肖道春', 1, '88888888', '13666668888', '66666666', 'demo@ql-crm.com', '', '', '', NULL, 6, 1, '2017-12-22 12:54:46', 0, '医生'),
	(152, 152, '口腔科', '姚雷雷', 0, '88888888', '13666668888', '66666666', 'demo@ql-crm.com', '', '', '', NULL, 6, 1, '2017-12-22 12:54:46', 0, '医生'),
	(153, 153, '口腔科', '田树宏', 1, '88888888', '13666668888', '66666666', 'demo@ql-crm.com', '', '', '', NULL, 6, 1, '2017-12-22 12:54:46', 0, '医生'),
	(154, 154, '口腔科', '杨海华', 0, '88888888', '13666668888', '66666666', 'demo@ql-crm.com', '', '', '', NULL, 6, 1, '2017-12-22 12:54:46', 0, '医生'),
	(155, 155, '口腔科', '水新荣', 1, '88888888', '13666668888', '66666666', 'demo@ql-crm.com', '', '', '', NULL, 6, 1, '2017-12-22 12:54:46', 0, '医生'),
	(156, 156, '口腔科', '许春敏', 1, '88888888', '13666668888', '66666666', 'demo@ql-crm.com', '', '', '', NULL, 6, 1, '2017-12-22 12:54:46', 0, '医生'),
	(157, 157, '口腔科', '倪春飞', 1, '88888888', '13666668888', '66666666', 'demo@ql-crm.com', '', '', '', NULL, 6, 1, '2017-12-22 12:54:46', 0, '医生'),
	(158, 158, '口腔科', '殷博', 1, '88888888', '13666668888', '66666666', 'demo@ql-crm.com', '', '', '', NULL, 6, 1, '2017-12-22 12:54:46', 0, '医生'),
	(159, 159, '口腔科', '李从全', 1, '88888888', '13666668888', '66666666', 'demo@ql-crm.com', '', '', '', NULL, 6, 1, '2017-12-22 12:54:46', 0, '医生'),
	(160, 160, '口腔科', '严茂军', 1, '88888888', '13666668888', '66666666', 'demo@ql-crm.com', '', '', '', NULL, 6, 1, '2017-12-22 12:54:46', 0, '医生'),
	(161, 161, '口腔科', '郑圣平', 1, '88888888', '13666668888', '66666666', 'demo@ql-crm.com', '', '', '', NULL, 6, 1, '2017-12-22 12:54:46', 0, '医生'),
	(162, 162, '口腔科', '韩寅驰', 1, '88888888', '13666668888', '66666666', 'demo@ql-crm.com', '', '', '', NULL, 6, 1, '2017-12-22 12:54:46', 0, '医生'),
	(163, 163, '口腔科', '蔡东春', 1, '88888888', '13666668888', '66666666', 'demo@ql-crm.com', '', '', '', NULL, 6, 1, '2017-12-22 12:54:46', 0, '医生'),
	(164, 164, '口腔科', '吴金金', 0, '88888888', '13666668888', '66666666', 'demo@ql-crm.com', '', '', '', NULL, 6, 1, '2017-12-22 12:54:46', 0, '医生'),
	(165, 165, '口腔科', '杨勇', 1, '88888888', '13666668888', '66666666', 'demo@ql-crm.com', '', '', '', NULL, 6, 1, '2017-12-22 12:54:46', 0, '医生'),
	(166, 166, '口腔科', '詹初盛', 1, '88888888', '13666668888', '66666666', 'demo@ql-crm.com', '', '', '', NULL, 6, 1, '2017-12-22 12:54:46', 0, '医生'),
	(167, 167, '口腔科', '何恒亮', 1, '88888888', '13666668888', '66666666', 'demo@ql-crm.com', '', '', '', NULL, 6, 1, '2017-12-22 12:54:46', 0, '医生'),
	(168, 168, '口腔科', '夏仕培', 1, '88888888', '13666668888', '66666666', 'demo@ql-crm.com', '', '', '', NULL, 6, 1, '2017-12-22 12:54:46', 0, '医生'),
	(169, 169, '口腔科', '苏海宁', 1, '88888888', '13666668888', '66666666', 'demo@ql-crm.com', '', '', '', NULL, 5, 1, '2017-12-22 12:54:46', 0, '医生'),
	(170, 170, '口腔科', '孙林涛', 1, '88888888', '13666668888', '66666666', 'demo@ql-crm.com', '', '', '', NULL, 5, 1, '2017-12-22 12:54:46', 0, '医生'),
	(171, 171, '口腔科', '江卫东', 1, '88888888', '13666668888', '66666666', 'demo@ql-crm.com', '', '', '', NULL, 5, 1, '2017-12-22 12:54:46', 0, '医生'),
	(172, 172, '口腔科', '汪世航', 1, '88888888', '13666668888', '66666666', 'demo@ql-crm.com', '', '', '', NULL, 5, 1, '2017-12-22 12:54:46', 0, '医生'),
	(173, 173, '口腔科', '田树宏', 1, '88888888', '13666668888', '66666666', 'demo@ql-crm.com', '', '', '', NULL, 5, 1, '2017-12-22 12:54:46', 0, '医生'),
	(174, 174, '口腔科', '饶波', 1, '88888888', '13666668888', '66666666', 'demo@ql-crm.com', '', '', '', NULL, 5, 1, '2017-12-22 12:54:46', 0, '医生'),
	(175, 175, '口腔科', '陈则劭', 1, '88888888', '13666668888', '66666666', 'demo@ql-crm.com', '', '', '', NULL, 5, 1, '2017-12-22 12:54:46', 0, '医生'),
	(176, 176, '口腔科', '徐振华', 0, '88888888', '13666668888', '66666666', 'demo@ql-crm.com', '', '', '', NULL, 5, 1, '2017-12-22 12:54:46', 0, '医生'),
	(177, 177, '口腔科', '李光源', 1, '88888888', '13666668888', '66666666', 'demo@ql-crm.com', '', '', '', NULL, 5, 1, '2017-12-22 12:54:46', 0, '医生'),
	(178, 178, '口腔科', '季雪峰', 1, '88888888', '13666668888', '66666666', 'demo@ql-crm.com', '', '', '', NULL, 5, 1, '2017-12-22 12:54:46', 0, '医生'),
	(179, 179, '口腔科', '童希明', 1, '88888888', '13666668888', '66666666', 'demo@ql-crm.com', '', '', '', NULL, 5, 1, '2017-12-22 12:54:46', 0, '医生'),
	(180, 180, '口腔科', '韩国富', 1, '88888888', '13666668888', '66666666', 'demo@ql-crm.com', '', '', '', NULL, 5, 1, '2017-12-22 12:54:46', 0, '医生'),
	(181, 181, '口腔科', '肖道春', 1, '88888888', '13666668888', '66666666', 'demo@ql-crm.com', '', '', '', NULL, 6, 1, '2017-12-22 12:54:46', 0, '医生'),
	(182, 182, '口腔科', '姚雷雷', 0, '88888888', '13666668888', '66666666', 'demo@ql-crm.com', '', '', '', NULL, 6, 1, '2017-12-22 12:54:46', 0, '医生'),
	(183, 183, '口腔科', '田树宏', 1, '88888888', '13666668888', '66666666', 'demo@ql-crm.com', '', '', '', NULL, 6, 1, '2017-12-22 12:54:46', 0, '医生'),
	(184, 184, '口腔科', '杨海华', 0, '88888888', '13666668888', '66666666', 'demo@ql-crm.com', '', '', '', NULL, 6, 1, '2017-12-22 12:54:46', 0, '医生'),
	(185, 185, '口腔科', '水新荣', 1, '88888888', '13666668888', '66666666', 'demo@ql-crm.com', '', '', '', NULL, 6, 1, '2017-12-22 12:54:46', 0, '医生'),
	(186, 186, '口腔科', '许春敏', 1, '88888888', '13666668888', '66666666', 'demo@ql-crm.com', '', '', '', NULL, 6, 1, '2017-12-22 12:54:46', 0, '医生'),
	(187, 187, '口腔科', '倪春飞', 1, '88888888', '13666668888', '66666666', 'demo@ql-crm.com', '', '', '', NULL, 6, 1, '2017-12-22 12:54:46', 0, '医生'),
	(188, 188, '口腔科', '殷博', 1, '88888888', '13666668888', '66666666', 'demo@ql-crm.com', '', '', '', NULL, 6, 1, '2017-12-22 12:54:46', 0, '医生'),
	(189, 189, '口腔科', '李从全', 1, '88888888', '13666668888', '66666666', 'demo@ql-crm.com', '', '', '', NULL, 6, 1, '2017-12-22 12:54:46', 0, '医生'),
	(190, 190, '口腔科', '严茂军', 1, '88888888', '13666668888', '66666666', 'demo@ql-crm.com', '', '', '', NULL, 6, 1, '2017-12-22 12:54:46', 0, '医生'),
	(191, 191, '口腔科', '郑圣平', 1, '88888888', '13666668888', '66666666', 'demo@ql-crm.com', '', '', '', NULL, 6, 1, '2017-12-22 12:54:46', 0, '医生'),
	(192, 192, '口腔科', '韩寅驰', 1, '88888888', '13666668888', '66666666', 'demo@ql-crm.com', '', '', '', NULL, 6, 1, '2017-12-22 12:54:46', 0, '医生'),
	(193, 193, '口腔科', '蔡东春', 1, '88888888', '13666668888', '66666666', 'demo@ql-crm.com', '', '', '', NULL, 6, 1, '2017-12-22 12:54:46', 0, '医生'),
	(194, 194, '口腔科', '吴金金', 0, '88888888', '13666668888', '66666666', 'demo@ql-crm.com', '', '', '', NULL, 6, 1, '2017-12-22 12:54:46', 0, '医生'),
	(195, 195, '口腔科', '杨勇', 1, '88888888', '13666668888', '66666666', 'demo@ql-crm.com', '', '', '', NULL, 6, 1, '2017-12-22 12:54:46', 0, '医生'),
	(196, 196, '口腔科', '詹初盛', 1, '88888888', '13666668888', '66666666', 'demo@ql-crm.com', '', '', '', NULL, 6, 1, '2017-12-22 12:54:46', 0, '医生'),
	(197, 197, '口腔科', '何恒亮', 1, '88888888', '13666668888', '66666666', 'demo@ql-crm.com', '', '', '', NULL, 6, 1, '2017-12-22 12:54:46', 0, '医生'),
	(198, 198, '口腔科', '夏仕培', 1, '88888888', '13666668888', '66666666', 'demo@ql-crm.com', '', '', '', NULL, 6, 1, '2017-12-22 12:54:46', 0, '医生'),
	(199, 199, '口腔科', '苏海宁', 1, '88888888', '13666668888', '66666666', 'demo@ql-crm.com', '', '', '', NULL, 5, 1, '2017-12-22 12:54:46', 0, '医生'),
	(200, 200, '口腔科', '孙林涛', 1, '88888888', '13666668888', '66666666', 'demo@ql-crm.com', '', '', '', NULL, 5, 1, '2017-12-22 12:54:46', 0, '医生'),
	(201, 201, '口腔科', '江卫东', 1, '88888888', '13666668888', '66666666', 'demo@ql-crm.com', '', '', '', NULL, 5, 1, '2017-12-22 12:54:46', 0, '医生'),
	(202, 202, '口腔科', '汪世航', 1, '88888888', '13666668888', '66666666', 'demo@ql-crm.com', '', '', '', NULL, 5, 1, '2017-12-22 12:54:46', 0, '医生'),
	(203, 203, '口腔科', '田树宏', 1, '88888888', '13666668888', '66666666', 'demo@ql-crm.com', '', '', '', NULL, 5, 1, '2017-12-22 12:54:46', 0, '医生'),
	(204, 204, '口腔科', '饶波', 1, '88888888', '13666668888', '66666666', 'demo@ql-crm.com', '', '', '', NULL, 5, 1, '2017-12-22 12:54:46', 0, '医生'),
	(205, 205, '口腔科', '陈则劭', 1, '88888888', '13666668888', '66666666', 'demo@ql-crm.com', '', '', '', NULL, 5, 1, '2017-12-22 12:54:46', 0, '医生'),
	(206, 206, '口腔科', '徐振华', 0, '88888888', '13666668888', '66666666', 'demo@ql-crm.com', '', '', '', NULL, 5, 1, '2017-12-22 12:54:46', 0, '医生'),
	(207, 207, '口腔科', '李光源', 1, '88888888', '13666668888', '66666666', 'demo@ql-crm.com', '', '', '', NULL, 5, 1, '2017-12-22 12:54:46', 0, '医生'),
	(208, 208, '口腔科', '季雪峰', 1, '88888888', '13666668888', '66666666', 'demo@ql-crm.com', '', '', '', NULL, 5, 1, '2017-12-22 12:54:46', 0, '医生'),
	(209, 209, '口腔科', '童希明', 1, '88888888', '13666668888', '66666666', 'demo@ql-crm.com', '', '', '', NULL, 5, 1, '2017-12-22 12:54:46', 0, '医生'),
	(210, 210, '口腔科', '韩国富', 1, '88888888', '13666668888', '66666666', 'demo@ql-crm.com', '', '', '', NULL, 5, 1, '2017-12-22 12:54:46', 0, '医生'),
	(211, 211, '口腔科', '肖道春', 1, '88888888', '13666668888', '66666666', 'demo@ql-crm.com', '', '', '', NULL, 6, 1, '2017-12-22 12:54:46', 0, '医生'),
	(212, 212, '口腔科', '姚雷雷', 0, '88888888', '13666668888', '66666666', 'demo@ql-crm.com', '', '', '', NULL, 6, 1, '2017-12-22 12:54:46', 0, '医生'),
	(213, 213, '口腔科', '田树宏', 1, '88888888', '13666668888', '66666666', 'demo@ql-crm.com', '', '', '', NULL, 6, 1, '2017-12-22 12:54:46', 0, '医生'),
	(214, 214, '口腔科', '杨海华', 0, '88888888', '13666668888', '66666666', 'demo@ql-crm.com', '', '', '', NULL, 6, 1, '2017-12-22 12:54:46', 0, '医生'),
	(215, 215, '口腔科', '水新荣', 1, '88888888', '13666668888', '66666666', 'demo@ql-crm.com', '', '', '', NULL, 6, 1, '2017-12-22 12:54:46', 0, '医生'),
	(216, 216, '口腔科', '许春敏', 1, '88888888', '13666668888', '66666666', 'demo@ql-crm.com', '', '', '', NULL, 6, 1, '2017-12-22 12:54:46', 0, '医生'),
	(217, 217, '口腔科', '倪春飞', 1, '88888888', '13666668888', '66666666', 'demo@ql-crm.com', '', '', '', NULL, 6, 1, '2017-12-22 12:54:46', 0, '医生'),
	(218, 218, '口腔科', '殷博', 1, '88888888', '13666668888', '66666666', 'demo@ql-crm.com', '', '', '', NULL, 6, 1, '2017-12-22 12:54:46', 0, '医生'),
	(219, 219, '口腔科', '李从全', 1, '88888888', '13666668888', '66666666', 'demo@ql-crm.com', '', '', '', NULL, 6, 1, '2017-12-22 12:54:46', 0, '医生'),
	(220, 220, '口腔科', '严茂军', 1, '88888888', '13666668888', '66666666', 'demo@ql-crm.com', '', '', '', NULL, 6, 1, '2017-12-22 12:54:46', 0, '医生'),
	(221, 221, '口腔科', '郑圣平', 1, '88888888', '13666668888', '66666666', 'demo@ql-crm.com', '', '', '', NULL, 6, 1, '2017-12-22 12:54:46', 0, '医生'),
	(222, 222, '口腔科', '韩寅驰', 1, '88888888', '13666668888', '66666666', 'demo@ql-crm.com', '', '', '', NULL, 6, 1, '2017-12-22 12:54:46', 0, '医生'),
	(223, 223, '口腔科', '蔡东春', 1, '88888888', '13666668888', '66666666', 'demo@ql-crm.com', '', '', '', NULL, 6, 1, '2017-12-22 12:54:46', 0, '医生'),
	(224, 224, '口腔科', '吴金金', 0, '88888888', '13666668888', '66666666', 'demo@ql-crm.com', '', '', '', NULL, 6, 1, '2017-12-22 12:54:46', 0, '医生'),
	(225, 225, '口腔科', '杨勇', 1, '88888888', '13666668888', '66666666', 'demo@ql-crm.com', '', '', '', NULL, 6, 1, '2017-12-22 12:54:46', 0, '医生'),
	(226, 226, '口腔科', '詹初盛', 1, '88888888', '13666668888', '66666666', 'demo@ql-crm.com', '', '', '', NULL, 6, 1, '2017-12-22 12:54:46', 0, '医生'),
	(227, 227, '口腔科', '何恒亮', 1, '88888888', '13666668888', '66666666', 'demo@ql-crm.com', '', '', '', NULL, 6, 1, '2017-12-22 12:54:46', 0, '医生'),
	(228, 228, '口腔科', '夏仕培', 1, '88888888', '13666668888', '66666666', 'demo@ql-crm.com', '', '', '', NULL, 6, 1, '2017-12-22 12:54:46', 0, '医生'),
	(229, 229, '口腔科', '苏海宁', 1, '88888888', '13666668888', '66666666', 'demo@ql-crm.com', '', '', '', NULL, 5, 1, '2017-12-22 12:54:46', 0, '医生'),
	(230, 230, '口腔科', '孙林涛', 1, '88888888', '13666668888', '66666666', 'demo@ql-crm.com', '', '', '', NULL, 5, 1, '2017-12-22 12:54:46', 0, '医生'),
	(231, 231, '口腔科', '江卫东', 1, '88888888', '13666668888', '66666666', 'demo@ql-crm.com', '', '', '', NULL, 5, 1, '2017-12-22 12:54:46', 0, '医生'),
	(232, 232, '口腔科', '汪世航', 1, '88888888', '13666668888', '66666666', 'demo@ql-crm.com', '', '', '', NULL, 5, 1, '2017-12-22 12:54:46', 0, '医生'),
	(233, 233, '口腔科', '田树宏', 1, '88888888', '13666668888', '66666666', 'demo@ql-crm.com', '', '', '', NULL, 5, 1, '2017-12-22 12:54:46', 0, '医生'),
	(234, 234, '口腔科', '饶波', 1, '88888888', '13666668888', '66666666', 'demo@ql-crm.com', '', '', '', NULL, 5, 1, '2017-12-22 12:54:46', 0, '医生'),
	(235, 235, '口腔科', '陈则劭', 1, '88888888', '13666668888', '66666666', 'demo@ql-crm.com', '', '', '', NULL, 5, 1, '2017-12-22 12:54:46', 0, '医生'),
	(236, 236, '口腔科', '徐振华', 0, '88888888', '13666668888', '66666666', 'demo@ql-crm.com', '', '', '', NULL, 5, 1, '2017-12-22 12:54:46', 0, '医生'),
	(237, 237, '口腔科', '李光源', 1, '88888888', '13666668888', '66666666', 'demo@ql-crm.com', '', '', '', NULL, 5, 1, '2017-12-22 12:54:46', 0, '医生'),
	(238, 238, '口腔科', '季雪峰', 1, '88888888', '13666668888', '66666666', 'demo@ql-crm.com', '', '', '', NULL, 5, 1, '2017-12-22 12:54:46', 0, '医生'),
	(239, 239, '口腔科', '童希明', 1, '88888888', '13666668888', '66666666', 'demo@ql-crm.com', '', '', '', NULL, 5, 1, '2017-12-22 12:54:46', 0, '医生'),
	(240, 240, '口腔科', '韩国富', 1, '88888888', '13666668888', '66666666', 'demo@ql-crm.com', '', '', '', NULL, 5, 1, '2017-12-22 12:54:46', 0, '医生'),
	(241, 241, '口腔科', '肖道春', 1, '88888888', '13666668888', '66666666', 'demo@ql-crm.com', '', '', '', NULL, 6, 1, '2017-12-22 12:54:46', 0, '医生'),
	(242, 242, '口腔科', '姚雷雷', 0, '88888888', '13666668888', '66666666', 'demo@ql-crm.com', '', '', '', NULL, 6, 1, '2017-12-22 12:54:46', 0, '医生'),
	(243, 243, '口腔科', '田树宏', 1, '88888888', '13666668888', '66666666', 'demo@ql-crm.com', '', '', '', NULL, 6, 1, '2017-12-22 12:54:46', 0, '医生'),
	(244, 244, '口腔科', '杨海华', 0, '88888888', '13666668888', '66666666', 'demo@ql-crm.com', '', '', '', NULL, 6, 1, '2017-12-22 12:54:46', 0, '医生'),
	(245, 245, '口腔科', '水新荣', 1, '88888888', '13666668888', '66666666', 'demo@ql-crm.com', '', '', '', NULL, 6, 1, '2017-12-22 12:54:46', 0, '医生'),
	(246, 246, '口腔科', '许春敏', 1, '88888888', '13666668888', '66666666', 'demo@ql-crm.com', '', '', '', NULL, 6, 1, '2017-12-22 12:54:46', 0, '医生'),
	(247, 247, '口腔科', '倪春飞', 1, '88888888', '13666668888', '66666666', 'demo@ql-crm.com', '', '', '', NULL, 6, 1, '2017-12-22 12:54:46', 0, '医生'),
	(248, 248, '口腔科', '殷博', 1, '88888888', '13666668888', '66666666', 'demo@ql-crm.com', '', '', '', NULL, 6, 1, '2017-12-22 12:54:46', 0, '医生'),
	(249, 249, '口腔科', '李从全', 1, '88888888', '13666668888', '66666666', 'demo@ql-crm.com', '', '', '', NULL, 6, 1, '2017-12-22 12:54:46', 0, '医生'),
	(250, 250, '口腔科', '严茂军', 1, '88888888', '13666668888', '66666666', 'demo@ql-crm.com', '', '', '', NULL, 6, 1, '2017-12-22 12:54:46', 0, '医生'),
	(251, 251, '口腔科', '郑圣平', 1, '88888888', '13666668888', '66666666', 'demo@ql-crm.com', '', '', '', NULL, 6, 1, '2017-12-22 12:54:46', 0, '医生'),
	(252, 252, '口腔科', '韩寅驰', 1, '88888888', '13666668888', '66666666', 'demo@ql-crm.com', '', '', '', NULL, 6, 1, '2017-12-22 12:54:46', 0, '医生'),
	(253, 253, '口腔科', '蔡东春', 1, '88888888', '13666668888', '66666666', 'demo@ql-crm.com', '', '', '', NULL, 6, 1, '2017-12-22 12:54:46', 0, '医生'),
	(254, 254, '口腔科', '吴金金', 0, '88888888', '13666668888', '66666666', 'demo@ql-crm.com', '', '', '', NULL, 6, 1, '2017-12-22 12:54:46', 0, '医生'),
	(255, 255, '口腔科', '杨勇', 1, '88888888', '13666668888', '66666666', 'demo@ql-crm.com', '', '', '', NULL, 6, 1, '2017-12-22 12:54:46', 0, '医生'),
	(256, 256, '口腔科', '詹初盛', 1, '88888888', '13666668888', '66666666', 'demo@ql-crm.com', '', '', '', NULL, 6, 1, '2017-12-22 12:54:46', 0, '医生'),
	(257, 257, '口腔科', '何恒亮', 1, '88888888', '13666668888', '66666666', 'demo@ql-crm.com', '', '', '', NULL, 6, 1, '2017-12-22 12:54:46', 0, '医生'),
	(258, 258, '口腔科', '夏仕培', 1, '88888888', '13666668888', '66666666', 'demo@ql-crm.com', '', '', '', NULL, 6, 1, '2017-12-22 12:54:46', 0, '医生'),
	(259, 259, '口腔科', '苏海宁', 1, '88888888', '13666668888', '66666666', 'demo@ql-crm.com', '', '', '', NULL, 5, 1, '2017-12-22 12:54:46', 0, '医生'),
	(260, 260, '口腔科', '孙林涛', 1, '88888888', '13666668888', '66666666', 'demo@ql-crm.com', '', '', '', NULL, 5, 1, '2017-12-22 12:54:46', 0, '医生'),
	(261, 261, '口腔科', '江卫东', 1, '88888888', '13666668888', '66666666', 'demo@ql-crm.com', '', '', '', NULL, 5, 1, '2017-12-22 12:54:46', 0, '医生'),
	(262, 262, '口腔科', '汪世航', 1, '88888888', '13666668888', '66666666', 'demo@ql-crm.com', '', '', '', NULL, 5, 1, '2017-12-22 12:54:46', 0, '医生'),
	(263, 263, '口腔科', '田树宏', 1, '88888888', '13666668888', '66666666', 'demo@ql-crm.com', '', '', '', NULL, 5, 1, '2017-12-22 12:54:46', 0, '医生'),
	(264, 264, '口腔科', '饶波', 1, '88888888', '13666668888', '66666666', 'demo@ql-crm.com', '', '', '', NULL, 5, 1, '2017-12-22 12:54:46', 0, '医生'),
	(265, 265, '口腔科', '陈则劭', 1, '88888888', '13666668888', '66666666', 'demo@ql-crm.com', '', '', '', NULL, 5, 1, '2017-12-22 12:54:46', 0, '医生'),
	(266, 266, '口腔科', '徐振华', 0, '88888888', '13666668888', '66666666', 'demo@ql-crm.com', '', '', '', NULL, 5, 1, '2017-12-22 12:54:46', 0, '医生'),
	(267, 267, '口腔科', '李光源', 1, '88888888', '13666668888', '66666666', 'demo@ql-crm.com', '', '', '', NULL, 5, 1, '2017-12-22 12:54:46', 0, '医生'),
	(268, 268, '口腔科', '季雪峰', 1, '88888888', '13666668888', '66666666', 'demo@ql-crm.com', '', '', '', NULL, 5, 1, '2017-12-22 12:54:46', 0, '医生'),
	(269, 269, '口腔科', '童希明', 1, '88888888', '13666668888', '66666666', 'demo@ql-crm.com', '', '', '', NULL, 5, 1, '2017-12-22 12:54:46', 0, '医生'),
	(270, 270, '口腔科', '韩国富', 1, '88888888', '13666668888', '66666666', 'demo@ql-crm.com', '', '', '', NULL, 5, 1, '2017-12-22 12:54:46', 0, '医生'),
	(271, 271, '口腔科', '肖道春', 1, '88888888', '13666668888', '66666666', 'demo@ql-crm.com', '', '', '', NULL, 6, 1, '2017-12-22 12:54:46', 0, '医生'),
	(272, 272, '口腔科', '姚雷雷', 0, '88888888', '13666668888', '66666666', 'demo@ql-crm.com', '', '', '', NULL, 6, 1, '2017-12-22 12:54:46', 0, '医生'),
	(273, 273, '口腔科', '田树宏', 1, '88888888', '13666668888', '66666666', 'demo@ql-crm.com', '', '', '', NULL, 6, 1, '2017-12-22 12:54:46', 0, '医生'),
	(274, 274, '口腔科', '杨海华', 0, '88888888', '13666668888', '66666666', 'demo@ql-crm.com', '', '', '', NULL, 6, 1, '2017-12-22 12:54:46', 0, '医生'),
	(275, 275, '口腔科', '水新荣', 1, '88888888', '13666668888', '66666666', 'demo@ql-crm.com', '', '', '', NULL, 6, 1, '2017-12-22 12:54:46', 0, '医生'),
	(276, 276, '口腔科', '许春敏', 1, '88888888', '13666668888', '66666666', 'demo@ql-crm.com', '', '', '', NULL, 6, 1, '2017-12-22 12:54:46', 0, '医生'),
	(277, 277, '口腔科', '倪春飞', 1, '88888888', '13666668888', '66666666', 'demo@ql-crm.com', '', '', '', NULL, 6, 1, '2017-12-22 12:54:46', 0, '医生'),
	(278, 278, '口腔科', '殷博', 1, '88888888', '13666668888', '66666666', 'demo@ql-crm.com', '', '', '', NULL, 6, 1, '2017-12-22 12:54:46', 0, '医生'),
	(279, 279, '口腔科', '李从全', 1, '88888888', '13666668888', '66666666', 'demo@ql-crm.com', '', '', '', NULL, 6, 1, '2017-12-22 12:54:46', 0, '医生'),
	(280, 280, '口腔科', '严茂军', 1, '88888888', '13666668888', '66666666', 'demo@ql-crm.com', '', '', '', NULL, 6, 1, '2017-12-22 12:54:46', 0, '医生'),
	(281, 281, '口腔科', '郑圣平', 1, '88888888', '13666668888', '66666666', 'demo@ql-crm.com', '', '', '', NULL, 6, 1, '2017-12-22 12:54:46', 0, '医生'),
	(282, 282, '口腔科', '韩寅驰', 1, '88888888', '13666668888', '66666666', 'demo@ql-crm.com', '', '', '', NULL, 6, 1, '2017-12-22 12:54:46', 0, '医生'),
	(283, 283, '口腔科', '蔡东春', 1, '88888888', '13666668888', '66666666', 'demo@ql-crm.com', '', '', '', NULL, 6, 1, '2017-12-22 12:54:46', 0, '医生'),
	(284, 284, '口腔科', '吴金金', 0, '88888888', '13666668888', '66666666', 'demo@ql-crm.com', '', '', '', NULL, 6, 1, '2017-12-22 12:54:46', 0, '医生'),
	(285, 285, '口腔科', '杨勇', 1, '88888888', '13666668888', '66666666', 'demo@ql-crm.com', '', '', '', NULL, 6, 1, '2017-12-22 12:54:46', 0, '医生'),
	(286, 286, '口腔科', '詹初盛', 1, '88888888', '13666668888', '66666666', 'demo@ql-crm.com', '', '', '', NULL, 6, 1, '2017-12-22 12:54:46', 0, '医生'),
	(287, 287, '口腔科', '何恒亮', 1, '88888888', '13666668888', '66666666', 'demo@ql-crm.com', '', '', '', NULL, 6, 1, '2017-12-22 12:54:46', 0, '医生'),
	(288, 288, '口腔科', '夏仕培', 1, '88888888', '13666668888', '66666666', 'demo@ql-crm.com', '', '', '', NULL, 6, 1, '2017-12-22 12:54:46', 0, '医生'),
	(289, 289, '口腔科', '苏海宁', 1, '88888888', '13666668888', '66666666', 'demo@ql-crm.com', '', '', '', NULL, 5, 1, '2017-12-22 12:54:46', 0, '医生'),
	(290, 290, '口腔科', '孙林涛', 1, '88888888', '13666668888', '66666666', 'demo@ql-crm.com', '', '', '', NULL, 5, 1, '2017-12-22 12:54:46', 0, '医生'),
	(291, 291, '口腔科', '江卫东', 1, '88888888', '13666668888', '66666666', 'demo@ql-crm.com', '', '', '', NULL, 5, 1, '2017-12-22 12:54:46', 0, '医生'),
	(292, 292, '口腔科', '汪世航', 1, '88888888', '13666668888', '66666666', 'demo@ql-crm.com', '', '', '', NULL, 5, 1, '2017-12-22 12:54:46', 0, '医生'),
	(293, 293, '口腔科', '田树宏', 1, '88888888', '13666668888', '66666666', 'demo@ql-crm.com', '', '', '', NULL, 5, 1, '2017-12-22 12:54:46', 0, '医生'),
	(294, 294, '口腔科', '饶波', 1, '88888888', '13666668888', '66666666', 'demo@ql-crm.com', '', '', '', NULL, 5, 1, '2017-12-22 12:54:46', 0, '医生'),
	(295, 295, '口腔科', '陈则劭', 1, '88888888', '13666668888', '66666666', 'demo@ql-crm.com', '', '', '', NULL, 5, 1, '2017-12-22 12:54:46', 0, '医生'),
	(296, 296, '口腔科', '徐振华', 0, '88888888', '13666668888', '66666666', 'demo@ql-crm.com', '', '', '', NULL, 5, 1, '2017-12-22 12:54:46', 0, '医生'),
	(297, 297, '口腔科', '李光源', 1, '88888888', '13666668888', '66666666', 'demo@ql-crm.com', '', '', '', NULL, 5, 1, '2017-12-22 12:54:46', 0, '医生'),
	(298, 298, '口腔科', '季雪峰', 1, '88888888', '13666668888', '66666666', 'demo@ql-crm.com', '', '', '', NULL, 5, 1, '2017-12-22 12:54:46', 0, '医生'),
	(299, 299, '口腔科', '童希明', 1, '88888888', '13666668888', '66666666', 'demo@ql-crm.com', '', '', '', NULL, 5, 1, '2017-12-22 12:54:46', 0, '医生'),
	(300, 300, '口腔科', '韩国富', 1, '88888888', '13666668888', '66666666', 'demo@ql-crm.com', '', '', '', NULL, 5, 1, '2017-12-22 12:54:46', 0, '医生'),
	(301, 301, '口腔科', '肖道春', 1, '88888888', '13666668888', '66666666', 'demo@ql-crm.com', '', '', '', NULL, 6, 1, '2017-12-22 12:54:46', 0, '医生'),
	(302, 302, '口腔科', '姚雷雷', 0, '88888888', '13666668888', '66666666', 'demo@ql-crm.com', '', '', '', NULL, 6, 1, '2017-12-22 12:54:46', 0, '医生'),
	(303, 303, '口腔科', '田树宏', 1, '88888888', '13666668888', '66666666', 'demo@ql-crm.com', '', '', '', NULL, 6, 1, '2017-12-22 12:54:46', 0, '医生'),
	(304, 304, '口腔科', '杨海华', 0, '88888888', '13666668888', '66666666', 'demo@ql-crm.com', '', '', '', NULL, 6, 1, '2017-12-22 12:54:46', 0, '医生'),
	(305, 305, '口腔科', '水新荣', 1, '88888888', '13666668888', '66666666', 'demo@ql-crm.com', '', '', '', NULL, 6, 1, '2017-12-22 12:54:46', 0, '医生'),
	(306, 306, '口腔科', '许春敏', 1, '88888888', '13666668888', '66666666', 'demo@ql-crm.com', '', '', '', NULL, 6, 1, '2017-12-22 12:54:46', 0, '医生'),
	(307, 307, '口腔科', '倪春飞', 1, '88888888', '13666668888', '66666666', 'demo@ql-crm.com', '', '', '', NULL, 6, 1, '2017-12-22 12:54:46', 0, '医生'),
	(308, 308, '口腔科', '殷博', 1, '88888888', '13666668888', '66666666', 'demo@ql-crm.com', '', '', '', NULL, 6, 1, '2017-12-22 12:54:46', 0, '医生'),
	(309, 309, '口腔科', '李从全', 1, '88888888', '13666668888', '66666666', 'demo@ql-crm.com', '', '', '', NULL, 6, 1, '2017-12-22 12:54:46', 0, '医生'),
	(310, 310, '口腔科', '严茂军', 1, '88888888', '13666668888', '66666666', 'demo@ql-crm.com', '', '', '', NULL, 6, 1, '2017-12-22 12:54:46', 0, '医生'),
	(311, 311, '口腔科', '郑圣平', 1, '88888888', '13666668888', '66666666', 'demo@ql-crm.com', '', '', '', NULL, 6, 1, '2017-12-22 12:54:46', 0, '医生'),
	(312, 312, '口腔科', '韩寅驰', 1, '88888888', '13666668888', '66666666', 'demo@ql-crm.com', '', '', '', NULL, 6, 1, '2017-12-22 12:54:46', 0, '医生'),
	(313, 313, '口腔科', '蔡东春', 1, '88888888', '13666668888', '66666666', 'demo@ql-crm.com', '', '', '', NULL, 6, 1, '2017-12-22 12:54:46', 0, '医生'),
	(314, 314, '口腔科', '吴金金', 0, '88888888', '13666668888', '66666666', 'demo@ql-crm.com', '', '', '', NULL, 6, 1, '2017-12-22 12:54:46', 0, '医生'),
	(315, 315, '口腔科', '杨勇', 1, '88888888', '13666668888', '66666666', 'demo@ql-crm.com', '', '', '', NULL, 6, 1, '2017-12-22 12:54:46', 0, '医生'),
	(316, 316, '口腔科', '詹初盛', 1, '88888888', '13666668888', '66666666', 'demo@ql-crm.com', '', '', '', NULL, 6, 1, '2017-12-22 12:54:46', 0, '医生'),
	(317, 317, '口腔科', '何恒亮', 1, '88888888', '13666668888', '66666666', 'demo@ql-crm.com', '', '', '', NULL, 6, 1, '2017-12-22 12:54:46', 0, '医生'),
	(318, 318, '口腔科', '夏仕培', 1, '88888888', '13666668888', '66666666', 'demo@ql-crm.com', '', '', '', NULL, 6, 1, '2017-12-22 12:54:46', 0, '医生'),
	(319, 319, '口腔科', '苏海宁', 1, '88888888', '13666668888', '66666666', 'demo@ql-crm.com', '', '', '', NULL, 5, 1, '2017-12-22 12:54:46', 0, '医生'),
	(320, 320, '口腔科', '孙林涛', 1, '88888888', '13666668888', '66666666', 'demo@ql-crm.com', '', '', '', NULL, 5, 1, '2017-12-22 12:54:46', 0, '医生'),
	(321, 321, '口腔科', '江卫东', 1, '88888888', '13666668888', '66666666', 'demo@ql-crm.com', '', '', '', NULL, 5, 1, '2017-12-22 12:54:46', 0, '医生'),
	(322, 322, '口腔科', '汪世航', 1, '88888888', '13666668888', '66666666', 'demo@ql-crm.com', '', '', '', NULL, 5, 1, '2017-12-22 12:54:46', 0, '医生'),
	(323, 323, '口腔科', '田树宏', 1, '88888888', '13666668888', '66666666', 'demo@ql-crm.com', '', '', '', NULL, 5, 1, '2017-12-22 12:54:46', 0, '医生'),
	(324, 324, '口腔科', '饶波', 1, '88888888', '13666668888', '66666666', 'demo@ql-crm.com', '', '', '', NULL, 5, 1, '2017-12-22 12:54:46', 0, '医生'),
	(325, 325, '口腔科', '陈则劭', 1, '88888888', '13666668888', '66666666', 'demo@ql-crm.com', '', '', '', NULL, 5, 1, '2017-12-22 12:54:46', 0, '医生'),
	(326, 326, '口腔科', '徐振华', 0, '88888888', '13666668888', '66666666', 'demo@ql-crm.com', '', '', '', NULL, 5, 1, '2017-12-22 12:54:46', 0, '医生'),
	(327, 327, '口腔科', '李光源', 1, '88888888', '13666668888', '66666666', 'demo@ql-crm.com', '', '', '', NULL, 5, 1, '2017-12-22 12:54:46', 0, '医生'),
	(328, 328, '口腔科', '季雪峰', 1, '88888888', '13666668888', '66666666', 'demo@ql-crm.com', '', '', '', NULL, 5, 1, '2017-12-22 12:54:46', 0, '医生'),
	(329, 329, '口腔科', '童希明', 1, '88888888', '13666668888', '66666666', 'demo@ql-crm.com', '', '', '', NULL, 5, 1, '2017-12-22 12:54:46', 0, '医生'),
	(330, 330, '口腔科', '韩国富', 1, '88888888', '13666668888', '66666666', 'demo@ql-crm.com', '', '', '', NULL, 5, 1, '2017-12-22 12:54:46', 0, '医生'),
	(331, 331, '口腔科', '肖道春', 1, '88888888', '13666668888', '66666666', 'demo@ql-crm.com', '', '', '', NULL, 6, 1, '2017-12-22 12:54:46', 0, '医生'),
	(332, 332, '口腔科', '姚雷雷', 0, '88888888', '13666668888', '66666666', 'demo@ql-crm.com', '', '', '', NULL, 6, 1, '2017-12-22 12:54:46', 0, '医生'),
	(333, 333, '口腔科', '田树宏', 1, '88888888', '13666668888', '66666666', 'demo@ql-crm.com', '', '', '', NULL, 6, 1, '2017-12-22 12:54:46', 0, '医生'),
	(334, 334, '口腔科', '杨海华', 0, '88888888', '13666668888', '66666666', 'demo@ql-crm.com', '', '', '', NULL, 6, 1, '2017-12-22 12:54:46', 0, '医生'),
	(335, 335, '口腔科', '水新荣', 1, '88888888', '13666668888', '66666666', 'demo@ql-crm.com', '', '', '', NULL, 6, 1, '2017-12-22 12:54:46', 0, '医生'),
	(336, 336, '口腔科', '许春敏', 1, '88888888', '13666668888', '66666666', 'demo@ql-crm.com', '', '', '', NULL, 6, 1, '2017-12-22 12:54:46', 0, '医生'),
	(337, 337, '口腔科', '倪春飞', 1, '88888888', '13666668888', '66666666', 'demo@ql-crm.com', '', '', '', NULL, 6, 1, '2017-12-22 12:54:46', 0, '医生'),
	(338, 338, '口腔科', '殷博', 1, '88888888', '13666668888', '66666666', 'demo@ql-crm.com', '', '', '', NULL, 6, 1, '2017-12-22 12:54:46', 0, '医生'),
	(339, 339, '口腔科', '李从全', 1, '88888888', '13666668888', '66666666', 'demo@ql-crm.com', '', '', '', NULL, 6, 1, '2017-12-22 12:54:46', 0, '医生'),
	(340, 340, '口腔科', '严茂军', 1, '88888888', '13666668888', '66666666', 'demo@ql-crm.com', '', '', '', NULL, 6, 1, '2017-12-22 12:54:46', 0, '医生'),
	(341, 341, '口腔科', '郑圣平', 1, '88888888', '13666668888', '66666666', 'demo@ql-crm.com', '', '', '', NULL, 6, 1, '2017-12-22 12:54:46', 0, '医生'),
	(342, 342, '口腔科', '韩寅驰', 1, '88888888', '13666668888', '66666666', 'demo@ql-crm.com', '', '', '', NULL, 6, 1, '2017-12-22 12:54:46', 0, '医生'),
	(343, 343, '口腔科', '蔡东春', 1, '88888888', '13666668888', '66666666', 'demo@ql-crm.com', '', '', '', NULL, 6, 1, '2017-12-22 12:54:46', 0, '医生'),
	(344, 344, '口腔科', '吴金金', 0, '88888888', '13666668888', '66666666', 'demo@ql-crm.com', '', '', '', NULL, 6, 1, '2017-12-22 12:54:46', 0, '医生'),
	(345, 345, '口腔科', '杨勇', 1, '88888888', '13666668888', '66666666', 'demo@ql-crm.com', '', '', '', NULL, 6, 1, '2017-12-22 12:54:46', 0, '医生'),
	(346, 346, '口腔科', '詹初盛', 1, '88888888', '13666668888', '66666666', 'demo@ql-crm.com', '', '', '', NULL, 6, 1, '2017-12-22 12:54:46', 0, '医生'),
	(347, 347, '口腔科', '何恒亮', 1, '88888888', '13666668888', '66666666', 'demo@ql-crm.com', '', '', '', NULL, 6, 1, '2017-12-22 12:54:46', 0, '医生'),
	(348, 348, '口腔科', '夏仕培', 1, '88888888', '13666668888', '66666666', 'demo@ql-crm.com', '', '', '', NULL, 6, 1, '2017-12-22 12:54:46', 0, '医生'),
	(349, 349, '口腔科', '苏海宁', 1, '88888888', '13666668888', '66666666', 'demo@ql-crm.com', '', '', '', NULL, 5, 1, '2017-12-22 12:54:46', 0, '医生'),
	(350, 350, '口腔科', '孙林涛', 1, '88888888', '13666668888', '66666666', 'demo@ql-crm.com', '', '', '', NULL, 5, 1, '2017-12-22 12:54:46', 0, '医生'),
	(351, 351, '口腔科', '江卫东', 1, '88888888', '13666668888', '66666666', 'demo@ql-crm.com', '', '', '', NULL, 5, 1, '2017-12-22 12:54:46', 0, '医生'),
	(352, 352, '口腔科', '汪世航', 1, '88888888', '13666668888', '66666666', 'demo@ql-crm.com', '', '', '', NULL, 5, 1, '2017-12-22 12:54:46', 0, '医生'),
	(353, 353, '口腔科', '田树宏', 1, '88888888', '13666668888', '66666666', 'demo@ql-crm.com', '', '', '', NULL, 5, 1, '2017-12-22 12:54:46', 0, '医生'),
	(354, 354, '口腔科', '饶波', 1, '88888888', '13666668888', '66666666', 'demo@ql-crm.com', '', '', '', NULL, 5, 1, '2017-12-22 12:54:46', 0, '医生'),
	(355, 355, '口腔科', '陈则劭', 1, '88888888', '13666668888', '66666666', 'demo@ql-crm.com', '', '', '', NULL, 5, 1, '2017-12-22 12:54:46', 0, '医生'),
	(356, 356, '口腔科', '徐振华', 0, '88888888', '13666668888', '66666666', 'demo@ql-crm.com', '', '', '', NULL, 5, 1, '2017-12-22 12:54:46', 0, '医生'),
	(357, 357, '口腔科', '李光源', 1, '88888888', '13666668888', '66666666', 'demo@ql-crm.com', '', '', '', NULL, 5, 1, '2017-12-22 12:54:46', 0, '医生'),
	(358, 358, '口腔科', '季雪峰', 1, '88888888', '13666668888', '66666666', 'demo@ql-crm.com', '', '', '', NULL, 5, 1, '2017-12-22 12:54:46', 0, '医生'),
	(359, 359, '口腔科', '童希明', 1, '88888888', '13666668888', '66666666', 'demo@ql-crm.com', '', '', '', NULL, 5, 1, '2017-12-22 12:54:46', 0, '医生'),
	(360, 360, '口腔科', '韩国富', 1, '88888888', '13666668888', '66666666', 'demo@ql-crm.com', '', '', '', NULL, 5, 1, '2017-12-22 12:54:46', 0, '医生');
/*!40000 ALTER TABLE `leadcontact` ENABLE KEYS */;

-- 导出  表 vsms.logdictionary 结构
DROP TABLE IF EXISTS `logdictionary`;
CREATE TABLE IF NOT EXISTS `logdictionary` (
  `id` int(10) NOT NULL AUTO_INCREMENT COMMENT 'ID',
  `words` varchar(500) DEFAULT NULL COMMENT '名称',
  `convertwords` varchar(500) DEFAULT NULL COMMENT '翻译',
  PRIMARY KEY (`id`)
) ENGINE=InnoDB DEFAULT CHARSET=utf8 COMMENT='日志字典表';

-- 正在导出表  vsms.logdictionary 的数据：~0 rows (大约)
/*!40000 ALTER TABLE `logdictionary` DISABLE KEYS */;
/*!40000 ALTER TABLE `logdictionary` ENABLE KEYS */;

-- 导出  表 vsms.opt 结构
DROP TABLE IF EXISTS `opt`;
CREATE TABLE IF NOT EXISTS `opt` (
  `id` int(10) NOT NULL AUTO_INCREMENT COMMENT 'ID',
  `optno` varchar(500) DEFAULT NULL COMMENT '机会编号',
  `leadid` int(10) DEFAULT NULL COMMENT '市场线索id',
  `sourceid` int(11) DEFAULT NULL COMMENT '来源id',
  `customerid` int(10) DEFAULT NULL COMMENT '客户id',
  `opttype` smallint(5) DEFAULT NULL COMMENT '机会类型：1-内贸，2-外贸',
  `optname` varchar(500) DEFAULT NULL COMMENT '机会项目名称',
  `totalprice` decimal(14,2) DEFAULT NULL COMMENT '机会总值',
  `totalcost` decimal(14,2) DEFAULT NULL COMMENT '机会产品总成本',
  `totalpriceminor` decimal(14,2) DEFAULT NULL COMMENT '机会产品总值(辅货币)',
  `totalcostminor` decimal(14,2) DEFAULT NULL COMMENT '机会产品总成本(辅货币)',
  `optexpend` decimal(14,2) DEFAULT NULL COMMENT '机会费用',
  `otherexpend` decimal(14,2) DEFAULT NULL COMMENT '其他费用',
  `planoverdate` date DEFAULT NULL COMMENT '预计结单日期',
  `realityoverdate` date DEFAULT NULL COMMENT '实际结单日期',
  `possibilityid` int(10) DEFAULT NULL COMMENT '竞争机会id',
  `stageid` int(10) DEFAULT NULL COMMENT '进展阶段id',
  `createrid` int(10) DEFAULT NULL COMMENT '创建人id',
  `createdatetime` datetime DEFAULT NULL COMMENT '创建时间',
  `confidenceindex` decimal(3,2) DEFAULT NULL COMMENT '信心指数',
  `optstatus` smallint(5) DEFAULT NULL COMMENT '机会状态：1-跟踪，2-成功，3-搁置，4-失败，5-失效',
  `optlevel` smallint(5) DEFAULT NULL COMMENT '机会等级：1-一般，2-紧急，3-重要',
  `isdelete` tinyint(1) DEFAULT NULL COMMENT '是否删除：0-否，1-是',
  `remark` text COMMENT '备注',
  `ownerid` int(10) DEFAULT NULL COMMENT '所属人id',
  `procurementmethodid` int(10) DEFAULT NULL COMMENT '采购方式ID',
  `faranchiseid` int(10) DEFAULT NULL COMMENT '代理商 id',
  `currencyid` int(10) DEFAULT NULL COMMENT '币种id,暂时1/主币种,2/辅币种',
  `importreferid` varchar(200) DEFAULT NULL COMMENT '导入引用id',
  PRIMARY KEY (`id`),
  UNIQUE KEY `importreferid` (`importreferid`),
  KEY `index_leadid` (`leadid`),
  KEY `index_customerid` (`customerid`)
) ENGINE=InnoDB DEFAULT CHARSET=utf8 COMMENT='销售机会表';

-- 正在导出表  vsms.opt 的数据：~480 rows (大约)
/*!40000 ALTER TABLE `opt` DISABLE KEYS */;
INSERT INTO `opt` (`id`, `optno`, `leadid`, `sourceid`, `customerid`, `opttype`, `optname`, `totalprice`, `totalcost`, `totalpriceminor`, `totalcostminor`, `optexpend`, `otherexpend`, `planoverdate`, `realityoverdate`, `possibilityid`, `stageid`, `createrid`, `createdatetime`, `confidenceindex`, `optstatus`, `optlevel`, `isdelete`, `remark`, `ownerid`, `procurementmethodid`, `faranchiseid`, `currencyid`, `importreferid`) VALUES
	(1, 'OPT000001', NULL, 4, 20, 1, '南宁梁芳丽口腔诊所手机工具', 29000.00, 8700.00, 4000.00, 1000.00, NULL, NULL, '2017-01-18', '2017-01-18', 4, 7, 5, '2016-10-23 10:26:16', NULL, 2, 1, 0, NULL, 5, 1, 2, 1, '1'),
	(2, 'OPT000002', NULL, 2, 106, 1, '熊猫集团医院影像设备', 300000.00, 150000.00, 46200.00, 23100.00, NULL, NULL, '2017-01-24', '2017-01-24', 4, 7, 5, '2016-10-25 09:03:24', NULL, 2, 1, 0, NULL, 5, 1, 2, 1, '2'),
	(3, 'OPT000003', NULL, 2, 38, 1, '成都医学院附属医院牙椅设备', 480000.00, 192000.00, 73800.00, 29600.00, NULL, NULL, '2017-01-27', '2017-01-27', 4, 7, 3, '2016-10-25 14:58:55', NULL, 2, 1, 0, NULL, 3, 2, 2, 1, '3'),
	(4, 'OPT000004', NULL, 4, 19, 1, '湖北十堰郧西县人民医院影像设备', 690000.00, 345000.00, 106200.00, 53100.00, NULL, NULL, '2017-01-30', NULL, 4, 6, 5, '2016-10-28 01:19:44', NULL, 3, 1, 0, NULL, 5, 2, 2, 1, '4'),
	(5, 'OPT000005', NULL, 2, 2, 1, '山东省级机关医院手机工具', 33000.00, 9900.00, 5000.00, 2000.00, NULL, NULL, '2017-01-24', '2017-01-24', 4, 7, 6, '2016-10-29 17:41:34', NULL, 2, 1, 0, NULL, 6, 2, 1, 1, '5'),
	(6, 'OPT000006', NULL, 4, 75, 1, '温州医科大学附属口腔医院手机工具', 100000.00, 30000.00, 15000.00, 5000.00, NULL, NULL, '2017-01-28', '2017-01-28', 4, 7, 3, '2016-10-30 00:32:06', NULL, 2, 1, 0, NULL, 3, 2, 2, 1, '6'),
	(7, 'OPT000007', NULL, 4, 72, 1, '苏州市吴中区人民医院牙椅设备', 240000.00, 96000.00, 37000.00, 14800.00, NULL, NULL, '2017-01-20', '2017-01-20', 4, 7, 3, '2016-10-31 09:40:03', NULL, 2, 1, 0, NULL, 3, 2, 2, 1, '7'),
	(8, 'OPT000008', NULL, 2, 116, 1, '西安联帮口腔牙椅设备', 254000.00, 101600.00, 39000.00, 15600.00, NULL, NULL, '2017-01-24', '2017-01-24', 4, 7, 6, '2016-11-03 10:08:07', NULL, 2, 1, 0, NULL, 6, 1, 1, 1, '8'),
	(9, 'OPT000009', NULL, 4, 21, 1, '武汉天姿口腔门诊牙椅设备', 130000.00, 52000.00, 20000.00, 8000.00, NULL, NULL, '2017-01-30', NULL, 4, 6, 5, '2016-11-07 16:58:20', NULL, 5, 1, 0, NULL, 5, 1, 2, 1, '9'),
	(10, 'OPT000010', NULL, 2, 97, 1, '淮安诺贝尔口腔医院牙椅设备', 254000.00, 101600.00, 39000.00, 15600.00, NULL, NULL, '2017-01-27', '2017-01-27', 4, 1, 5, '2016-11-09 02:06:00', NULL, 4, 1, 0, NULL, 5, 1, 2, 1, '10'),
	(11, 'OPT000011', NULL, 2, 117, 1, '西安市第5医院影像设备', 570000.00, 285000.00, 87700.00, 43800.00, NULL, NULL, '2017-01-28', '2017-01-28', 4, 7, 6, '2016-11-09 08:06:22', NULL, 2, 1, 0, NULL, 6, 2, 1, 1, '11'),
	(12, 'OPT000012', NULL, 2, 99, 1, '连云港妇幼保健医院手机工具', 100000.00, 30000.00, 15000.00, 5000.00, NULL, NULL, '2017-01-27', '2017-01-27', 4, 7, 5, '2016-11-09 12:59:37', NULL, 2, 1, 0, NULL, 5, 2, 2, 1, '12'),
	(13, 'OPT000013', NULL, 4, 79, 1, '无锡电力疗养院手机工具', 69000.00, 20700.00, 11000.00, 3000.00, NULL, NULL, '2017-01-26', '2017-01-26', 4, 7, 3, '2016-11-10 04:41:43', NULL, 2, 1, 0, NULL, 3, 1, 2, 1, '13'),
	(14, 'OPT000014', NULL, 2, 95, 1, '朝阳区社区卫生服务管理中心牙椅设备', 480000.00, 192000.00, 73800.00, 29600.00, NULL, NULL, '2017-01-27', '2017-01-27', 4, 7, 6, '2016-11-10 20:45:09', NULL, 2, 1, 0, NULL, 6, 2, 1, 1, '14'),
	(15, 'OPT000015', NULL, 2, 96, 1, '欢乐口腔影像设备', 76500.00, 38250.00, 11800.00, 5900.00, NULL, NULL, '2017-02-14', '2017-02-14', 3, 7, 6, '2016-11-18 20:26:40', NULL, 2, 1, 0, NULL, 6, 1, 1, 1, '15'),
	(16, 'OPT000016', NULL, 2, 98, 1, '江苏省中医院影像设备', 480000.00, 240000.00, 73800.00, 36900.00, NULL, NULL, '2017-01-26', '2017-01-26', 3, 7, 5, '2016-11-19 00:27:02', NULL, 2, 1, 0, NULL, 5, 2, 2, 1, '16'),
	(17, 'OPT000017', NULL, 2, 37, 1, '成都温江劲游牙科手机工具', 29000.00, 8700.00, 4000.00, 1000.00, NULL, NULL, '2017-01-18', '2017-01-18', 3, 7, 3, '2016-11-19 09:05:21', NULL, 2, 1, 0, NULL, 3, 1, 2, 1, '17'),
	(18, 'OPT000018', 6, 2, 82, 1, '张家港市人民医院手机工具', 48000.00, 14400.00, 7000.00, 2000.00, NULL, NULL, '2017-02-19', '2017-02-19', 4, 7, 3, '2016-11-20 10:49:04', NULL, 2, 1, 0, NULL, 3, 2, 2, 1, '18'),
	(19, 'OPT000019', NULL, 2, 111, 1, '陕西户县森工医院牙椅设备', 254000.00, 101600.00, 39000.00, 15600.00, NULL, NULL, '2017-02-18', '2017-02-18', 4, 7, 6, '2016-11-24 01:22:04', NULL, 2, 1, 0, NULL, 6, 2, 1, 1, '19'),
	(20, 'OPT000020', 18, 2, 100, 1, '涟水县人民医院牙椅设备', 254000.00, 101600.00, 39000.00, 15600.00, NULL, NULL, '2017-03-11', '2017-03-11', 4, 7, 5, '2016-11-26 01:57:48', NULL, 2, 1, 0, NULL, 5, 2, 2, 1, '20'),
	(21, 'OPT000021', 27, 2, 115, 1, '西安欢乐口腔手机工具', 37000.00, 11100.00, 6000.00, 2000.00, NULL, NULL, '2017-03-14', '2017-03-14', 3, 7, 6, '2016-11-26 17:07:38', NULL, 2, 1, 0, NULL, 6, 1, 1, 1, '21'),
	(22, 'OPT000022', 19, 2, 109, 1, '扬州高邮市中医院影像设备', 230000.00, 115000.00, 35400.00, 17700.00, NULL, NULL, '2017-02-18', '2017-02-18', 4, 7, 5, '2016-11-27 11:20:30', NULL, 2, 1, 0, NULL, 5, 2, 2, 1, '22'),
	(23, 'OPT000023', 28, 2, 1, 1, '山东麦芽口腔连锁机构影像设备', 690000.00, 345000.00, 106200.00, 53100.00, NULL, NULL, '2017-01-30', NULL, 3, 5, 6, '2016-11-28 04:20:15', NULL, 3, 1, 0, NULL, 6, 1, 1, 1, '23'),
	(24, 'OPT000024', 20, 2, 105, 1, '泗阳县中医院教学设备', 160000.00, 48000.00, 24600.00, 7400.00, NULL, NULL, '2017-02-27', '2017-02-27', 3, 7, 5, '2016-11-29 02:22:24', NULL, 2, 1, 0, NULL, 5, 2, 2, 1, '24'),
	(25, 'OPT000025', 7, 2, 83, 1, '镇江第一人民医院牙椅设备', 254000.00, 101600.00, 39000.00, 15600.00, NULL, NULL, '2017-02-19', '2017-02-19', 4, 7, 3, '2016-11-29 17:18:56', NULL, 2, 1, 0, NULL, 3, 2, 2, 1, '25'),
	(26, 'OPT000026', 48, 2, 24, 1, '大都会国际牙科中心牙椅设备', 480000.00, 192000.00, 73800.00, 29600.00, NULL, NULL, '2017-02-28', NULL, 4, 6, 5, '2016-12-02 22:01:45', NULL, 3, 1, 0, NULL, 5, 1, 2, 1, '26'),
	(27, 'OPT000027', 29, 2, 6, 1, '济南市中医院手机工具', 33000.00, 9900.00, 5000.00, 2000.00, NULL, NULL, '2017-02-15', '2017-02-15', 4, 7, 6, '2016-12-03 17:49:47', NULL, 2, 1, 0, NULL, 6, 2, 1, 1, '27'),
	(28, 'OPT000028', 30, 2, 118, 1, '西安市中心医院手机工具', 37000.00, 11100.00, 6000.00, 2000.00, NULL, NULL, '2017-02-19', '2017-02-19', 4, 7, 6, '2016-12-03 18:25:48', NULL, 2, 1, 0, NULL, 6, 2, 1, 1, '28'),
	(29, 'OPT000029', 8, 2, 84, 1, '镇江口腔医院教学设备', 160000.00, 48000.00, 24600.00, 7400.00, NULL, NULL, '2017-02-25', '2017-02-25', 4, 7, 3, '2016-12-06 03:35:00', NULL, 2, 1, 0, NULL, 3, 2, 2, 1, '29'),
	(30, 'OPT000030', 49, 2, 107, 1, '宿迁第一人民医院手机工具', 48000.00, 14400.00, 7000.00, 2000.00, NULL, NULL, '2017-02-22', '2017-02-22', 4, 1, 5, '2016-12-06 05:57:35', NULL, 4, 1, 0, NULL, 5, 2, 2, 1, '30'),
	(31, 'OPT000031', 9, 4, 80, 1, '无锡冯友伟口腔牙椅设备', 130000.00, 52000.00, 20000.00, 8000.00, NULL, NULL, '2017-01-29', '2017-01-29', 3, 7, 3, '2016-12-07 04:33:33', NULL, 2, 1, 0, NULL, 3, 1, 2, 1, '31'),
	(32, 'OPT000032', 10, 2, 36, 1, '成都瑞泰口腔医院影像设备', 1150000.00, 575000.00, 176900.00, 88500.00, NULL, NULL, '2017-03-12', '2017-03-12', 2, 7, 3, '2016-12-08 22:30:25', NULL, 2, 1, 0, NULL, 3, 1, 2, 1, '32'),
	(33, 'OPT000033', 36, 4, 73, 1, '台州医院路桥分院教学设备', 160000.00, 48000.00, 24600.00, 7400.00, NULL, NULL, '2017-03-13', '2017-03-13', 2, 7, 3, '2016-12-10 05:00:34', NULL, 2, 1, 0, NULL, 3, 1, 2, 1, '33'),
	(34, 'OPT000034', 50, 2, 25, 1, '佛山崔医生牙科教学设备', 160000.00, 48000.00, 24600.00, 7400.00, NULL, NULL, '2017-02-28', '2017-02-28', 4, 7, 5, '2016-12-13 12:47:45', NULL, 2, 1, 0, NULL, 5, 1, 2, 1, '34'),
	(35, 'OPT000035', 37, 2, 85, 1, '郑博口腔门诊部影像设备', 76500.00, 38250.00, 11800.00, 5900.00, NULL, NULL, '2017-02-23', '2017-02-23', 4, 7, 3, '2016-12-13 15:41:07', NULL, 2, 1, 0, NULL, 3, 1, 2, 1, '35'),
	(36, 'OPT000036', 38, 4, 74, 1, '温岭郎德口腔门诊影像设备', 690000.00, 345000.00, 106200.00, 53100.00, NULL, NULL, '2017-01-30', NULL, 2, 4, 3, '2016-12-13 23:13:47', NULL, 3, 1, 0, NULL, 3, 1, 2, 1, '36'),
	(37, 'OPT000037', 78, 2, 103, 1, '南京市武警医院手机工具', 48000.00, 14400.00, 7000.00, 2000.00, NULL, NULL, '2017-01-28', '2017-01-28', 2, 7, 5, '2016-12-14 13:42:00', NULL, 2, 1, 0, NULL, 5, 2, 2, 1, '37'),
	(38, 'OPT000038', 79, 2, 104, 1, '泗阳胡氏口腔医院牙椅设备', 240000.00, 96000.00, 37000.00, 14800.00, NULL, NULL, '2017-01-28', '2017-01-28', 2, 7, 5, '2016-12-14 18:27:54', NULL, 2, 1, 0, NULL, 5, 1, 2, 1, '38'),
	(39, 'OPT000039', 39, 2, 81, 1, '萧山中医院影像设备', 230000.00, 115000.00, 35400.00, 17700.00, NULL, NULL, '2017-01-13', '2017-01-13', 2, 1, 3, '2016-12-18 12:29:46', NULL, 4, 1, 0, NULL, 3, 2, 2, 1, '39'),
	(40, 'OPT000040', 80, 4, 22, 1, '宜昌市中心人民医院影像设备', 1150000.00, 575000.00, 176900.00, 88500.00, NULL, NULL, '2017-02-28', NULL, 3, 5, 5, '2016-12-20 07:17:37', NULL, 5, 1, 0, NULL, 5, 2, 2, 1, '40'),
	(41, 'OPT000041', 40, 2, 41, 1, '眉山市青神悦尔口腔牙椅设备', 254000.00, 101600.00, 39000.00, 15600.00, NULL, NULL, '2017-02-28', '2017-02-28', 4, 7, 3, '2016-12-20 22:21:52', NULL, 2, 1, 0, NULL, 3, 1, 2, 1, '41'),
	(42, 'OPT000042', 57, 2, 3, 1, '山东医科大学附属第二医院牙椅设备', 240000.00, 96000.00, 37000.00, 14800.00, NULL, NULL, '2017-01-07', '2017-01-07', 2, 1, 6, '2016-12-21 09:49:16', NULL, 4, 1, 0, NULL, 6, 2, 1, 1, '42'),
	(43, 'OPT000043', 66, 4, 79, 1, '无锡电力疗养院牙椅设备', 480000.00, 192000.00, 73800.00, 29600.00, NULL, NULL, '2017-03-20', '2017-03-20', 4, 7, 3, '2016-12-22 03:48:56', NULL, 2, 1, 0, NULL, 3, 1, 2, 1, '43'),
	(44, 'OPT000044', 67, 4, 77, 1, '无锡101医院影像设备', 690000.00, 345000.00, 106200.00, 53100.00, NULL, NULL, '2017-02-22', '2017-02-22', 3, 7, 3, '2016-12-23 00:48:20', NULL, 2, 1, 0, NULL, 3, 2, 2, 1, '44'),
	(45, 'OPT000045', 58, 2, 4, 1, '济南金源口腔教学设备', 100000.00, 30000.00, 15000.00, 5000.00, NULL, NULL, '2017-01-07', '2017-01-07', 2, 1, 6, '2016-12-23 14:47:30', NULL, 4, 1, 0, NULL, 6, 1, 1, 1, '45'),
	(46, 'OPT000046', 68, 2, 54, 1, '常州北极星口腔门诊部牙椅设备', 254000.00, 101600.00, 39000.00, 15600.00, NULL, NULL, '2017-03-21', '2017-03-21', 4, 7, 3, '2016-12-23 20:28:31', NULL, 2, 1, 0, NULL, 3, 1, 2, 1, '46'),
	(47, 'OPT000047', 59, 2, 110, 1, '韩大夫口腔手机工具', 100000.00, 30000.00, 15000.00, 5000.00, NULL, NULL, '2017-01-30', NULL, 2, 4, 6, '2016-12-24 02:27:31', NULL, 5, 1, 0, NULL, 6, 1, 1, 1, '47'),
	(48, 'OPT000048', 69, 2, 81, 1, '萧山中医院手机工具', 100000.00, 30000.00, 15000.00, 5000.00, NULL, NULL, '2017-03-24', '2017-03-24', 4, 7, 3, '2016-12-24 03:52:32', NULL, 2, 1, 0, NULL, 3, 2, 2, 1, '48'),
	(49, 'OPT000049', 108, 2, 106, 1, '熊猫集团医院手机工具', 100000.00, 30000.00, 15000.00, 5000.00, NULL, NULL, '2017-03-30', NULL, 4, 6, 5, '2016-12-26 07:04:26', NULL, 3, 1, 0, NULL, 5, 1, 2, 1, '49'),
	(50, 'OPT000050', 109, 2, 23, 1, 'Global Dental 儿童诊所手机工具', 29000.00, 8700.00, 4000.00, 1000.00, NULL, NULL, '2017-02-26', '2017-02-26', 3, 7, 5, '2016-12-27 16:59:07', NULL, 2, 1, 0, NULL, 5, 1, 2, 1, '50'),
	(51, 'OPT000051', 110, 4, 19, 1, '湖北十堰郧西县人民医院手机工具', 48000.00, 14400.00, 7000.00, 2000.00, NULL, NULL, '2017-03-19', '2017-03-19', 4, 7, 5, '2016-12-28 01:41:01', NULL, 2, 1, 0, NULL, 5, 2, 2, 1, '51'),
	(52, 'OPT000052', 138, 2, 103, 1, '南京市武警医院牙椅设备', 480000.00, 192000.00, 73800.00, 29600.00, NULL, NULL, '2017-05-15', '2017-05-15', 4, 7, 5, '2016-12-28 07:25:21', NULL, 2, 1, 0, NULL, 5, 2, 2, 1, '52'),
	(53, 'OPT000053', 60, 2, 112, 1, '西安爱雅口腔医院教学设备', 160000.00, 48000.00, 24600.00, 7400.00, NULL, NULL, '2017-04-11', '2017-04-11', 3, 7, 6, '2016-12-29 01:30:37', NULL, 2, 1, 0, NULL, 6, 1, 1, 1, '53'),
	(54, 'OPT000054', 70, 2, 37, 1, '成都温江劲游牙科牙椅设备', 480000.00, 192000.00, 73800.00, 29600.00, NULL, NULL, '2017-03-22', '2017-03-22', 4, 7, 3, '2016-12-29 07:43:10', NULL, 2, 1, 0, NULL, 3, 1, 2, 1, '54'),
	(55, 'OPT000055', 87, 2, 7, 1, '青岛美伦美口腔门诊部牙椅设备', 130000.00, 52000.00, 20000.00, 8000.00, NULL, NULL, '2017-04-26', '2017-04-26', 3, 7, 6, '2016-12-29 11:05:22', NULL, 2, 1, 0, NULL, 6, 1, 1, 1, '55'),
	(56, 'OPT000056', 88, 2, 5, 1, '济南市妇幼保健院影像设备', 690000.00, 345000.00, 106200.00, 53100.00, NULL, NULL, '2017-02-28', NULL, 3, 5, 6, '2016-12-30 01:44:15', NULL, 3, 1, 0, NULL, 6, 2, 1, 1, '56'),
	(57, 'OPT000057', 139, 2, 101, 1, '南京军区南京药品器材供应站影像设备', 1250000.00, 625000.00, 192300.00, 96200.00, NULL, NULL, '2017-03-13', '2017-03-13', 3, 7, 5, '2016-12-30 02:47:19', NULL, 2, 1, 0, NULL, 5, 2, 2, 1, '57'),
	(58, 'OPT000058', 89, 2, 3, 1, '山东医科大学附属第二医院教学设备', 160000.00, 48000.00, 24600.00, 7400.00, NULL, NULL, '2017-03-29', '2017-03-29', 4, 7, 6, '2017-01-03 16:07:23', NULL, 2, 1, 0, NULL, 6, 2, 1, 1, '58'),
	(59, 'OPT000059', 96, 2, 39, 1, '华西口腔种植医院影像设备', 570000.00, 285000.00, 87700.00, 43800.00, NULL, NULL, '2017-04-21', '2017-04-21', 2, 7, 3, '2017-01-09 10:03:53', NULL, 2, 1, 0, NULL, 3, 1, 2, 1, '59'),
	(60, 'OPT000060', 140, 2, 102, 1, '南京浦口中医院手机工具', 100000.00, 30000.00, 15000.00, 5000.00, NULL, NULL, '2017-02-20', '2017-02-20', 2, 7, 5, '2017-01-10 03:10:41', NULL, 2, 1, 0, NULL, 5, 2, 2, 1, '60'),
	(61, 'OPT000061', 97, 2, 38, 1, '成都医学院附属医院影像设备', 480000.00, 240000.00, 73800.00, 36900.00, NULL, NULL, '2017-03-29', '2017-03-29', 4, 7, 3, '2017-01-10 07:25:08', NULL, 2, 1, 0, NULL, 3, 2, 2, 1, '61'),
	(62, 'OPT000062', 90, 2, 116, 1, '西安联帮口腔影像设备', 1250000.00, 625000.00, 192300.00, 96200.00, NULL, NULL, '2017-03-28', '2017-03-28', 4, 7, 6, '2017-01-10 13:30:37', NULL, 2, 1, 0, NULL, 6, 1, 1, 1, '62'),
	(63, 'OPT000063', 117, 2, 8, 1, '青岛市第五医院影像设备', 1150000.00, 575000.00, 176900.00, 88500.00, NULL, NULL, '2017-03-26', '2017-03-26', 4, 7, 6, '2017-01-10 18:35:50', NULL, 2, 1, 0, NULL, 6, 2, 1, 1, '63'),
	(64, 'OPT000064', 118, 2, 114, 1, '西安第8医院手机工具', 100000.00, 30000.00, 15000.00, 5000.00, NULL, NULL, '2017-02-16', '2017-02-16', 2, 1, 6, '2017-01-11 02:23:39', NULL, 4, 1, 0, NULL, 6, 2, 1, 1, '64'),
	(65, 'OPT000065', 119, 3, 9, 1, '中国人民解放军第一七五医院手机工具', 33000.00, 9900.00, 5000.00, 2000.00, NULL, NULL, '2017-04-14', '2017-04-14', 4, 7, 6, '2017-01-11 22:37:29', NULL, 2, 1, 0, NULL, 6, 2, 1, 1, '65'),
	(66, 'OPT000066', 98, 4, 76, 1, '温州医科大学温州市第三临床学院牙椅设备', 254000.00, 101600.00, 39000.00, 15600.00, NULL, NULL, '2017-04-23', '2017-04-23', 2, 7, 3, '2017-01-12 19:38:31', NULL, 2, 1, 0, NULL, 3, 2, 2, 1, '66'),
	(67, 'OPT000067', 120, 6, 120, 1, '延安大学附属医院影像设备', 300000.00, 150000.00, 46200.00, 23100.00, NULL, NULL, '2017-02-23', '2017-02-23', 2, 1, 6, '2017-01-12 22:34:41', NULL, 4, 1, 0, NULL, 6, 2, 1, 1, '67'),
	(68, 'OPT000068', 168, 2, 108, 1, '徐州沛县口腔医院牙椅设备', 254000.00, 101600.00, 39000.00, 15600.00, NULL, NULL, '2017-02-23', '2017-02-23', 2, 7, 5, '2017-01-14 08:35:41', NULL, 2, 1, 0, NULL, 5, 2, 2, 1, '68'),
	(69, 'OPT000069', 169, 2, 28, 1, '佛山向阳医院牙椅设备', 254000.00, 101600.00, 39000.00, 15600.00, NULL, NULL, '2017-04-15', '2017-04-15', 4, 7, 5, '2017-01-16 19:02:01', NULL, 2, 1, 0, NULL, 5, 1, 2, 1, '69'),
	(70, 'OPT000070', 170, 2, 27, 1, '佛山天博瑞口腔手机工具', 29000.00, 8700.00, 4000.00, 1000.00, NULL, NULL, '2017-03-25', '2017-03-25', 3, 7, 5, '2017-01-17 00:19:07', NULL, 2, 1, 0, NULL, 5, 1, 2, 1, '70'),
	(71, 'OPT000071', 99, 4, 78, 1, '无锡爱牙口腔手机工具', 100000.00, 30000.00, 15000.00, 5000.00, NULL, NULL, '2017-02-28', NULL, 2, 4, 3, '2017-01-17 20:46:03', NULL, 3, 1, 0, NULL, 3, 1, 2, 1, '71'),
	(72, 'OPT000072', 100, 2, 40, 1, '乐山梁医生诊所手机工具', 29000.00, 8700.00, 4000.00, 1000.00, NULL, NULL, '2017-02-28', '2017-02-28', 2, 1, 3, '2017-01-18 21:58:30', NULL, 4, 1, 0, NULL, 3, 1, 2, 1, '72'),
	(73, 'OPT000073', 126, 2, 42, 1, '眉山市中医院影像设备', 300000.00, 150000.00, 46200.00, 23100.00, NULL, NULL, '2017-04-27', '2017-04-27', 3, 7, 3, '2017-01-22 02:25:10', NULL, 2, 1, 0, NULL, 3, 2, 2, 1, '73'),
	(74, 'OPT000074', 147, 2, 13, 1, '天津滨海东江医院牙椅设备', 480000.00, 192000.00, 73800.00, 29600.00, NULL, NULL, '2017-04-20', '2017-04-20', 4, 7, 6, '2017-01-22 08:26:46', NULL, 2, 1, 0, NULL, 6, 2, 1, 1, '74'),
	(75, 'OPT000075', 127, 2, 57, 1, '杭州高技街口腔手机工具', 29000.00, 8700.00, 4000.00, 1000.00, NULL, NULL, '2017-04-15', '2017-04-15', 4, 7, 3, '2017-01-22 12:36:00', NULL, 2, 1, 0, NULL, 3, 1, 2, 1, '75'),
	(76, 'OPT000076', 198, 4, 21, 1, '武汉天姿口腔门诊影像设备', 76500.00, 38250.00, 11800.00, 5900.00, NULL, NULL, '2017-03-20', '2017-03-20', 3, 7, 5, '2017-01-22 14:35:02', NULL, 2, 1, 0, NULL, 5, 1, 2, 1, '76'),
	(77, 'OPT000077', 199, 4, 20, 1, '南宁梁芳丽口腔诊所牙椅设备', 480000.00, 192000.00, 73800.00, 29600.00, NULL, NULL, '2017-03-29', '2017-03-29', 3, 7, 5, '2017-01-22 17:24:06', NULL, 2, 1, 0, NULL, 5, 1, 2, 1, '77'),
	(78, 'OPT000078', 148, 3, 10, 1, '北京军区三门诊社区服务中心牙椅设备', 254000.00, 101600.00, 39000.00, 15600.00, NULL, NULL, '2017-05-26', '2017-05-26', 3, 7, 6, '2017-01-23 03:10:20', NULL, 2, 1, 0, NULL, 6, 2, 1, 1, '78'),
	(79, 'OPT000079', 149, 2, 113, 1, '西安拜博920口腔影像设备', 480000.00, 240000.00, 73800.00, 36900.00, NULL, NULL, '2017-02-28', NULL, 1, 3, 6, '2017-01-23 10:34:56', NULL, 5, 1, 0, NULL, 6, 1, 1, 1, '79'),
	(80, 'OPT000080', 200, 2, 26, 1, '佛山市口腔医院影像设备', 570000.00, 285000.00, 87700.00, 43800.00, NULL, NULL, '2017-03-30', NULL, 3, 5, 5, '2017-01-23 13:43:59', NULL, 5, 1, 0, NULL, 5, 2, 2, 1, '80'),
	(81, 'OPT000081', 150, 2, 119, 1, '西安优意口腔医院中视野CT牙椅设备', 254000.00, 101600.00, 39000.00, 15600.00, NULL, NULL, '2017-02-28', NULL, 1, 3, 6, '2017-01-24 01:52:37', NULL, 5, 1, 0, NULL, 6, 1, 1, 1, '81'),
	(82, 'OPT000082', 177, 2, 1, 1, '山东麦芽口腔连锁机构手机工具', 37000.00, 11100.00, 6000.00, 2000.00, NULL, NULL, '2017-03-30', NULL, 3, 5, 6, '2017-01-25 00:03:07', NULL, 3, 1, 0, NULL, 6, 1, 1, 1, '82'),
	(83, 'OPT000083', 178, 3, 11, 1, '国防大学校医院影像设备', 570000.00, 285000.00, 87700.00, 43800.00, NULL, NULL, '2017-04-23', '2017-04-23', 4, 7, 6, '2017-01-26 00:10:18', NULL, 2, 1, 0, NULL, 6, 2, 1, 1, '83'),
	(84, 'OPT000084', 128, 2, 36, 1, '成都瑞泰口腔医院手机工具', 48000.00, 14400.00, 7000.00, 2000.00, NULL, NULL, '2017-04-10', '2017-04-10', 3, 7, 3, '2017-01-26 06:10:09', NULL, 2, 1, 0, NULL, 3, 1, 2, 1, '84'),
	(85, 'OPT000085', 129, 4, 80, 1, '无锡冯友伟口腔影像设备', 1150000.00, 575000.00, 176900.00, 88500.00, NULL, NULL, '2017-03-30', NULL, 3, 5, 3, '2017-01-28 07:10:17', NULL, 3, 1, 0, NULL, 3, 1, 2, 1, '85'),
	(128, 'OPT000086', 179, 2, 5, 1, '济南市妇幼保健院手机工具', 37000.00, 11100.00, 6000.00, 2000.00, NULL, NULL, '2017-06-25', '2017-06-25', 4, 7, 6, '2017-02-01 01:19:10', NULL, 2, 1, 0, NULL, 6, 2, 1, 1, '86'),
	(129, 'OPT000087', 228, 2, 109, 1, '扬州高邮市中医院手机工具', 100000.00, 30000.00, 15000.00, 5000.00, NULL, NULL, '2017-04-30', NULL, 4, 6, 5, '2017-02-01 04:27:21', NULL, 5, 1, 0, NULL, 5, 2, 2, 1, '87'),
	(130, 'OPT000088', 180, 2, 117, 1, '西安市第5医院手机工具', 100000.00, 30000.00, 15000.00, 5000.00, NULL, NULL, '2017-03-25', '2017-03-25', 3, 1, 6, '2017-02-02 14:31:15', NULL, 4, 1, 0, NULL, 6, 2, 1, 1, '88'),
	(131, 'OPT000089', 229, 4, 22, 1, '宜昌市中心人民医院手机工具', 48000.00, 14400.00, 7000.00, 2000.00, NULL, NULL, '2017-04-30', NULL, 4, 6, 5, '2017-02-02 22:53:08', NULL, 3, 1, 0, NULL, 5, 2, 2, 1, '89'),
	(132, 'OPT000090', 207, 6, 120, 1, '延安大学附属医院手机工具', 100000.00, 30000.00, 15000.00, 5000.00, NULL, NULL, '2017-05-25', '2017-05-25', 4, 7, 6, '2017-02-03 12:34:08', NULL, 2, 1, 0, NULL, 6, 2, 1, 1, '90'),
	(133, 'OPT000091', 208, 2, 12, 1, '泰达医院手机工具', 33000.00, 9900.00, 5000.00, 2000.00, NULL, NULL, '2017-04-30', NULL, 4, 6, 6, '2017-02-03 17:34:11', NULL, 3, 1, 0, NULL, 6, 1, 1, 1, '91'),
	(134, 'OPT000092', 230, 2, 105, 1, '泗阳县中医院影像设备', 690000.00, 345000.00, 106200.00, 53100.00, NULL, NULL, '2017-03-17', '2017-03-17', 2, 7, 5, '2017-02-05 18:24:48', NULL, 2, 1, 0, NULL, 5, 2, 2, 1, '92'),
	(135, 'OPT000093', 209, 2, 4, 1, '济南金源口腔影像设备', 230000.00, 115000.00, 35400.00, 17700.00, NULL, NULL, '2017-03-27', '2017-03-27', 3, 1, 6, '2017-02-07 12:05:55', NULL, 4, 1, 0, NULL, 6, 1, 1, 1, '93'),
	(136, 'OPT000094', 130, 2, 55, 1, '峰江街道社区卫生服务中心教学设备', 160000.00, 48000.00, 24600.00, 7400.00, NULL, NULL, '2017-03-29', '2017-03-29', 2, 1, 3, '2017-02-08 06:06:42', NULL, 4, 1, 0, NULL, 3, 2, 2, 1, '94'),
	(137, 'OPT000095', 210, 2, 115, 1, '西安欢乐口腔牙椅设备', 480000.00, 192000.00, 73800.00, 29600.00, NULL, NULL, '2017-03-30', NULL, 2, 4, 6, '2017-02-10 00:46:53', NULL, 5, 1, 0, NULL, 6, 1, 1, 1, '95'),
	(138, 'OPT000096', 156, 2, 43, 1, '汶川县人民医院手机工具', 29000.00, 8700.00, 4000.00, 1000.00, NULL, NULL, '2017-03-30', NULL, 2, 4, 3, '2017-02-10 11:32:20', NULL, 5, 1, 0, NULL, 3, 2, 2, 1, '96'),
	(139, 'OPT000097', 157, 2, 85, 1, '郑博口腔门诊部手机工具', 100000.00, 30000.00, 15000.00, 5000.00, NULL, NULL, '2017-04-27', '2017-04-27', 4, 7, 3, '2017-02-13 02:48:59', NULL, 2, 1, 0, NULL, 3, 1, 2, 1, '97'),
	(140, 'OPT000098', 258, 2, 104, 1, '泗阳胡氏口腔医院教学设备', 100000.00, 30000.00, 15000.00, 5000.00, NULL, NULL, '2017-03-08', '2017-03-08', 2, 1, 5, '2017-02-13 05:06:24', NULL, 4, 1, 0, NULL, 5, 1, 2, 1, '98'),
	(141, 'OPT000099', 237, 2, 119, 1, '西安优意口腔医院中视野CT影像设备', 690000.00, 345000.00, 106200.00, 53100.00, NULL, NULL, '2017-04-09', '2017-04-09', 4, 1, 6, '2017-02-14 17:54:28', NULL, 4, 1, 0, NULL, 6, 1, 1, 1, '99'),
	(142, 'OPT000100', 238, 2, 2, 1, '山东省级机关医院牙椅设备', 254000.00, 101600.00, 39000.00, 15600.00, NULL, NULL, '2017-03-30', NULL, 2, 4, 6, '2017-02-16 16:11:33', NULL, 5, 1, 0, NULL, 6, 2, 1, 1, '100'),
	(143, 'OPT000101', 158, 2, 83, 1, '镇江第一人民医院教学设备', 100000.00, 30000.00, 15000.00, 5000.00, NULL, NULL, '2017-04-29', '2017-04-29', 4, 7, 3, '2017-02-16 16:46:54', NULL, 2, 1, 0, NULL, 3, 2, 2, 1, '101'),
	(144, 'OPT000102', 159, 2, 41, 1, '眉山市青神悦尔口腔影像设备', 690000.00, 345000.00, 106200.00, 53100.00, NULL, NULL, '2017-04-29', '2017-04-29', 4, 7, 3, '2017-02-16 17:17:55', NULL, 2, 1, 0, NULL, 3, 1, 2, 1, '102'),
	(145, 'OPT000103', 239, 2, 118, 1, '西安市中心医院牙椅设备', 130000.00, 52000.00, 20000.00, 8000.00, NULL, NULL, '2017-04-22', '2017-04-22', 3, 1, 6, '2017-02-22 05:46:22', NULL, 4, 1, 0, NULL, 6, 2, 1, 1, '103'),
	(146, 'OPT000104', 259, 2, 31, 1, '南海永福口腔牙椅设备', 480000.00, 192000.00, 73800.00, 29600.00, NULL, NULL, '2017-04-22', '2017-04-22', 3, 1, 5, '2017-02-23 03:30:38', NULL, 4, 1, 0, NULL, 5, 1, 2, 1, '104'),
	(147, 'OPT000105', 240, 2, 7, 1, '青岛美伦美口腔门诊部影像设备', 76500.00, 38250.00, 11800.00, 5900.00, NULL, NULL, '2017-04-30', NULL, 3, 5, 6, '2017-02-25 05:29:59', NULL, 5, 1, 0, NULL, 6, 1, 1, 1, '105'),
	(148, 'OPT000106', 160, 2, 82, 1, '张家港市人民医院牙椅设备', 130000.00, 52000.00, 20000.00, 8000.00, NULL, NULL, '2017-05-29', '2017-05-29', 3, 7, 3, '2017-02-25 10:20:40', NULL, 2, 1, 0, NULL, 3, 2, 2, 1, '106'),
	(149, 'OPT000107', 260, 2, 26, 1, '佛山市口腔医院手机工具', 48000.00, 14400.00, 7000.00, 2000.00, NULL, NULL, '2017-05-12', '2017-05-12', 4, 1, 5, '2017-02-25 14:46:48', NULL, 4, 1, 0, NULL, 5, 2, 2, 1, '107'),
	(150, 'OPT000108', 288, 2, 25, 1, '佛山崔医生牙科影像设备', 230000.00, 115000.00, 35400.00, 17700.00, NULL, NULL, '2017-06-10', '2017-06-10', 3, 7, 5, '2017-02-25 23:06:44', NULL, 2, 1, 0, NULL, 5, 1, 2, 1, '108'),
	(151, 'OPT000109', 289, 2, 34, 1, '若德口腔门诊牙椅设备', 130000.00, 52000.00, 20000.00, 8000.00, NULL, NULL, '2017-05-30', NULL, 4, 6, 5, '2017-02-26 08:09:35', NULL, 5, 1, 0, NULL, 5, 1, 2, 1, '109'),
	(159, 'OPT000110', 186, 2, 59, 1, '湖州市中心医院影像设备', 76500.00, 38250.00, 11800.00, 5900.00, NULL, NULL, '2017-05-22', '2017-05-22', 4, 7, 3, '2017-03-01 03:02:10', NULL, 2, 1, 0, NULL, 3, 2, 2, 1, '110'),
	(160, 'OPT000111', 267, 2, 6, 1, '济南市中医院牙椅设备', 130000.00, 52000.00, 20000.00, 8000.00, NULL, NULL, '2017-04-30', NULL, 3, 5, 6, '2017-03-02 01:28:59', NULL, 5, 1, 0, NULL, 6, 2, 1, 1, '111'),
	(161, 'OPT000112', 290, 2, 30, 1, '恒大中心手机工具', 33000.00, 9900.00, 5000.00, 2000.00, NULL, NULL, '2017-04-28', '2017-04-28', 3, 7, 5, '2017-03-02 07:15:45', NULL, 2, 1, 0, NULL, 5, 1, 2, 1, '112'),
	(162, 'OPT000113', 318, 4, 21, 1, '武汉天姿口腔门诊手机工具', 100000.00, 30000.00, 15000.00, 5000.00, NULL, NULL, '2017-05-23', '2017-05-23', 4, 7, 5, '2017-03-02 22:47:56', NULL, 2, 1, 0, NULL, 5, 1, 2, 1, '113'),
	(163, 'OPT000114', 187, 2, 58, 1, '湖州市第一人民医院牙椅设备', 130000.00, 52000.00, 20000.00, 8000.00, NULL, NULL, '2017-05-04', '2017-05-04', 3, 7, 3, '2017-03-03 10:48:12', NULL, 2, 1, 0, NULL, 3, 2, 2, 1, '114'),
	(164, 'OPT000115', 319, 2, 24, 1, '大都会国际牙科中心教学设备', 100000.00, 30000.00, 15000.00, 5000.00, NULL, NULL, '2017-04-18', '2017-04-18', 2, 7, 5, '2017-03-03 12:20:38', NULL, 2, 1, 0, NULL, 5, 1, 2, 1, '115'),
	(165, 'OPT000116', 320, 2, 23, 1, 'Global Dental 儿童诊所牙椅设备', 130000.00, 52000.00, 20000.00, 8000.00, NULL, NULL, '2017-04-28', '2017-04-28', 2, 7, 5, '2017-03-06 09:20:30', NULL, 2, 1, 0, NULL, 5, 1, 2, 1, '116'),
	(166, 'OPT000117', 188, 2, 84, 1, '镇江口腔医院影像设备', 300000.00, 150000.00, 46200.00, 23100.00, NULL, NULL, '2017-04-30', NULL, 2, 4, 3, '2017-03-08 06:36:00', NULL, 3, 1, 0, NULL, 3, 2, 2, 1, '117'),
	(167, 'OPT000118', 348, 2, 107, 1, '宿迁第一人民医院牙椅设备', 130000.00, 52000.00, 20000.00, 8000.00, NULL, NULL, '2017-06-30', NULL, 2, 4, 5, '2017-03-08 10:09:23', NULL, 3, 1, 0, NULL, 5, 2, 2, 1, '118'),
	(168, 'OPT000119', 349, 4, 19, 1, '湖北十堰郧西县人民医院牙椅设备', 130000.00, 52000.00, 20000.00, 8000.00, NULL, NULL, '2017-05-28', '2017-05-28', 4, 7, 5, '2017-03-09 00:39:58', NULL, 2, 1, 0, NULL, 5, 2, 2, 1, '119'),
	(169, 'OPT000120', 189, 2, 56, 1, '海安县人民医院影像设备', 230000.00, 115000.00, 35400.00, 17700.00, NULL, NULL, '2017-04-09', '2017-04-09', 2, 1, 3, '2017-03-09 16:59:53', NULL, 4, 1, 0, NULL, 3, 2, 2, 1, '120'),
	(170, 'OPT000121', 268, 2, 3, 1, '山东医科大学附属第二医院影像设备', 1150000.00, 575000.00, 176900.00, 88500.00, NULL, NULL, '2017-05-29', '2017-05-29', 4, 7, 6, '2017-03-10 17:07:48', NULL, 2, 1, 0, NULL, 6, 2, 1, 1, '121'),
	(171, 'OPT000122', 190, 2, 39, 1, '华西口腔种植医院手机工具', 48000.00, 14400.00, 7000.00, 2000.00, NULL, NULL, '2017-04-30', NULL, 2, 4, 3, '2017-03-11 06:14:30', NULL, 5, 1, 0, NULL, 3, 1, 2, 1, '122'),
	(172, 'OPT000123', 216, 2, 40, 1, '乐山梁医生诊所牙椅设备', 130000.00, 52000.00, 20000.00, 8000.00, NULL, NULL, '2017-04-30', NULL, 2, 4, 3, '2017-03-11 08:04:50', NULL, 5, 1, 0, NULL, 3, 1, 2, 1, '123'),
	(173, 'OPT000124', 269, 2, 4, 1, '济南金源口腔手机工具', 100000.00, 30000.00, 15000.00, 5000.00, NULL, NULL, '2017-05-29', '2017-05-29', 4, 7, 6, '2017-03-12 03:46:43', NULL, 2, 1, 0, NULL, 6, 1, 1, 1, '124'),
	(174, 'OPT000125', 270, 2, 8, 1, '青岛市第五医院手机工具', 37000.00, 11100.00, 6000.00, 2000.00, NULL, NULL, '2017-06-28', '2017-06-28', 4, 7, 6, '2017-03-12 08:45:45', NULL, 2, 1, 0, NULL, 6, 2, 1, 1, '125'),
	(175, 'OPT000126', 350, 2, 108, 1, '徐州沛县口腔医院影像设备', 1150000.00, 575000.00, 176900.00, 88500.00, NULL, NULL, '2017-04-25', '2017-04-25', 2, 7, 5, '2017-03-15 20:01:29', NULL, 2, 1, 0, NULL, 5, 2, 2, 1, '126'),
	(176, 'OPT000127', 217, 2, 38, 1, '成都医学院附属医院手机工具', 100000.00, 30000.00, 15000.00, 5000.00, NULL, NULL, '2017-05-30', '2017-05-30', 4, 7, 3, '2017-03-16 12:15:48', NULL, 2, 1, 0, NULL, 3, 2, 2, 1, '127'),
	(177, 'OPT000128', 297, 2, 14, 1, '天津人民医院教学设备', 100000.00, 30000.00, 15000.00, 5000.00, NULL, NULL, '2017-04-30', NULL, 2, 4, 6, '2017-03-20 18:42:42', NULL, 5, 1, 0, NULL, 6, 2, 1, 1, '128'),
	(178, 'OPT000129', 218, 2, 36, 1, '成都瑞泰口腔医院牙椅设备', 130000.00, 52000.00, 20000.00, 8000.00, NULL, NULL, '2017-05-29', '2017-05-29', 4, 7, 3, '2017-03-21 22:46:30', NULL, 2, 1, 0, NULL, 3, 1, 2, 1, '129'),
	(179, 'OPT000130', NULL, 2, 29, 1, '广东协大口腔医院影像设备', 300000.00, 150000.00, 46200.00, 23100.00, NULL, NULL, '2017-04-05', '2017-04-05', 1, 7, 5, '2017-03-22 11:49:59', NULL, 2, 1, 0, NULL, 5, 1, 2, 1, '130'),
	(180, 'OPT000131', 219, 2, 58, 1, '湖州市第一人民医院影像设备', 1150000.00, 575000.00, 176900.00, 88500.00, NULL, NULL, '2017-06-18', '2017-06-18', 4, 7, 3, '2017-03-24 17:58:29', NULL, 2, 1, 0, NULL, 3, 2, 2, 1, '131'),
	(181, 'OPT000132', 298, 2, 15, 1, '天津市口腔医院影像设备', 300000.00, 150000.00, 46200.00, 23100.00, NULL, NULL, '2017-07-03', '2017-07-03', 3, 7, 6, '2017-03-25 04:29:57', NULL, 2, 1, 0, NULL, 6, 2, 1, 1, '132'),
	(182, 'OPT000133', 220, 2, 42, 1, '眉山市中医院手机工具', 69000.00, 20700.00, 11000.00, 3000.00, NULL, NULL, '2017-05-26', '2017-05-26', 3, 7, 3, '2017-03-25 06:30:07', NULL, 2, 1, 0, NULL, 3, 2, 2, 1, '133'),
	(183, 'OPT000134', 299, 3, 11, 1, '国防大学校医院手机工具', 37000.00, 11100.00, 6000.00, 2000.00, NULL, NULL, '2017-06-16', '2017-06-16', 4, 7, 6, '2017-03-25 07:10:37', NULL, 2, 1, 0, NULL, 6, 2, 1, 1, '134'),
	(184, 'OPT000135', 300, 2, 86, 1, '北京嘉信泽洋口腔诊所手机工具', 33000.00, 9900.00, 5000.00, 2000.00, NULL, NULL, '2017-06-20', '2017-06-20', 4, 7, 6, '2017-03-25 18:45:09', NULL, 2, 1, 0, NULL, 6, 1, 1, 1, '135'),
	(185, 'OPT000136', NULL, 4, 20, 1, '南宁梁芳丽口腔诊所影像设备', 300000.00, 150000.00, 46200.00, 23100.00, NULL, NULL, '2017-05-28', '2017-05-28', 3, 7, 5, '2017-03-26 03:14:19', NULL, 2, 1, 0, NULL, 5, 1, 2, 1, '136'),
	(186, 'OPT000137', NULL, 2, 44, 1, '拜博口腔深圳事业部影像设备', 76500.00, 38250.00, 11800.00, 5900.00, NULL, NULL, '2017-06-14', '2017-06-14', 4, 1, 5, '2017-03-26 16:07:11', NULL, 4, 1, 0, NULL, 5, 1, 2, 1, '137'),
	(187, 'OPT000138', 246, 2, 61, 1, '江苏省人民医院牙椅设备', 130000.00, 52000.00, 20000.00, 8000.00, NULL, NULL, '2017-05-30', '2017-05-30', 3, 7, 3, '2017-03-27 13:42:58', NULL, 2, 1, 0, NULL, 3, 2, 2, 1, '138'),
	(188, 'OPT000139', 247, 2, 39, 1, '华西口腔种植医院牙椅设备', 130000.00, 52000.00, 20000.00, 8000.00, NULL, NULL, '2017-06-21', '2017-06-21', 4, 7, 3, '2017-03-27 16:41:13', NULL, 2, 1, 0, NULL, 3, 1, 2, 1, '139'),
	(189, 'OPT000140', 327, 2, 16, 1, '天津医院手机工具', 33000.00, 9900.00, 5000.00, 2000.00, NULL, NULL, '2017-05-30', NULL, 3, 5, 6, '2017-03-27 23:29:11', NULL, 3, 1, 0, NULL, 6, 2, 1, 1, '140'),
	(190, 'OPT000141', 328, 3, 9, 1, '中国人民解放军第一七五医院牙椅设备', 130000.00, 52000.00, 20000.00, 8000.00, NULL, NULL, '2017-05-04', '2017-05-04', 3, 1, 6, '2017-03-28 01:19:23', NULL, 4, 1, 0, NULL, 6, 2, 1, 1, '141'),
	(191, 'OPT000142', 248, 2, 40, 1, '乐山梁医生诊所影像设备', 230000.00, 115000.00, 35400.00, 17700.00, NULL, NULL, '2017-06-21', '2017-06-21', 4, 7, 3, '2017-03-28 05:01:01', NULL, 2, 1, 0, NULL, 3, 1, 2, 1, '142'),
	(192, 'OPT000143', NULL, 2, 45, 1, '福华中西医院手机工具', 29000.00, 8700.00, 4000.00, 1000.00, NULL, NULL, '2017-06-18', '2017-06-18', 4, 7, 5, '2017-03-30 15:23:17', NULL, 2, 1, 0, NULL, 5, 1, 2, 1, '143'),
	(222, 'OPT000144', NULL, 2, 25, 1, '佛山崔医生牙科手机工具', 100000.00, 30000.00, 15000.00, 5000.00, NULL, NULL, '2017-06-23', '2017-06-23', 4, 7, 5, '2017-04-01 03:07:50', NULL, 2, 1, 0, NULL, 5, 1, 2, 1, '144'),
	(223, 'OPT000145', 249, 2, 37, 1, '成都温江劲游牙科影像设备', 300000.00, 150000.00, 46200.00, 23100.00, NULL, NULL, '2017-06-26', '2017-06-26', 3, 7, 3, '2017-04-01 12:08:46', NULL, 2, 1, 0, NULL, 3, 1, 2, 1, '145'),
	(224, 'OPT000146', NULL, 2, 33, 1, '清远市妇幼保健院手机工具', 29000.00, 8700.00, 4000.00, 1000.00, NULL, NULL, '2017-05-30', NULL, 3, 5, 5, '2017-04-04 01:05:10', NULL, 3, 1, 0, NULL, 5, 2, 2, 1, '146'),
	(225, 'OPT000147', NULL, 2, 28, 1, '佛山向阳医院影像设备', 1250000.00, 625000.00, 192300.00, 96200.00, NULL, NULL, '2017-07-17', '2017-07-17', 3, 7, 5, '2017-04-04 06:54:32', NULL, 2, 1, 0, NULL, 5, 1, 2, 1, '147'),
	(226, 'OPT000148', NULL, 2, 31, 1, '南海永福口腔影像设备', 690000.00, 345000.00, 106200.00, 53100.00, NULL, NULL, '2017-06-17', '2017-06-17', 4, 7, 5, '2017-04-04 13:37:02', NULL, 2, 1, 0, NULL, 5, 1, 2, 1, '148'),
	(227, 'OPT000149', 329, 2, 7, 1, '青岛美伦美口腔门诊部手机工具', 100000.00, 30000.00, 15000.00, 5000.00, NULL, NULL, '2017-07-27', '2017-07-27', 4, 7, 6, '2017-04-07 03:01:53', NULL, 2, 1, 0, NULL, 6, 1, 1, 1, '149'),
	(228, 'OPT000150', 330, 2, 13, 1, '天津滨海东江医院教学设备', 160000.00, 48000.00, 24600.00, 7400.00, NULL, NULL, '2017-08-18', '2017-08-18', 4, 7, 6, '2017-04-07 03:24:02', NULL, 2, 1, 0, NULL, 6, 2, 1, 1, '150'),
	(229, 'OPT000151', NULL, 4, 22, 1, '宜昌市中心人民医院牙椅设备', 130000.00, 52000.00, 20000.00, 8000.00, NULL, NULL, '2017-09-25', '2017-09-25', 4, 7, 5, '2017-04-09 21:42:21', NULL, 2, 1, 0, NULL, 5, 2, 2, 1, '151'),
	(230, 'OPT000152', 357, 2, 17, 1, '天津中北镇社区服务中心牙椅设备', 130000.00, 52000.00, 20000.00, 8000.00, NULL, NULL, '2017-05-27', '2017-05-27', 2, 1, 6, '2017-04-10 00:33:57', NULL, 4, 1, 0, NULL, 6, 2, 1, 1, '152'),
	(231, 'OPT000153', 250, 2, 43, 1, '汶川县人民医院牙椅设备', 130000.00, 52000.00, 20000.00, 8000.00, NULL, NULL, '2017-06-19', '2017-06-19', 2, 7, 3, '2017-04-10 01:06:40', NULL, 2, 1, 0, NULL, 3, 2, 2, 1, '153'),
	(232, 'OPT000154', 276, 2, 54, 1, '常州北极星口腔门诊部教学设备', 260000.00, 78000.00, 39600.00, 12400.00, NULL, NULL, '2017-05-30', NULL, 2, 4, 3, '2017-04-11 12:19:41', NULL, 3, 1, 0, NULL, 3, 1, 2, 1, '154'),
	(233, 'OPT000155', 277, 2, 63, 1, '迈皋桥医院手机工具', 29000.00, 8700.00, 4000.00, 1000.00, NULL, NULL, '2017-06-28', '2017-06-28', 4, 7, 3, '2017-04-11 17:48:07', NULL, 2, 1, 0, NULL, 3, 1, 2, 1, '155'),
	(234, 'OPT000156', NULL, 2, 32, 1, '祈福医院影像设备', 230000.00, 115000.00, 35400.00, 17700.00, NULL, NULL, '2017-05-29', '2017-05-29', 2, 7, 5, '2017-04-11 21:49:56', NULL, 2, 1, 0, NULL, 5, 1, 2, 1, '156'),
	(235, 'OPT000157', 278, 2, 60, 1, '键卫口腔手机工具', 29000.00, 8700.00, 4000.00, 1000.00, NULL, NULL, '2017-05-04', '2017-05-04', 2, 1, 3, '2017-04-15 12:32:48', NULL, 4, 1, 0, NULL, 3, 1, 2, 1, '157'),
	(236, 'OPT000158', NULL, 2, 35, 1, '信宜口腔门诊医院教学设备', 160000.00, 48000.00, 24600.00, 7400.00, NULL, NULL, '2017-05-27', '2017-05-27', 2, 7, 5, '2017-04-15 13:55:11', NULL, 2, 1, 0, NULL, 5, 1, 2, 1, '158'),
	(237, 'OPT000159', NULL, 2, 46, 1, '林耿真口腔诊所牙椅设备', 130000.00, 52000.00, 20000.00, 8000.00, NULL, NULL, '2017-06-21', '2017-06-21', 3, 7, 5, '2017-04-17 23:10:58', NULL, 2, 1, 0, NULL, 5, 1, 2, 1, '159'),
	(238, 'OPT000160', 279, 2, 55, 1, '峰江街道社区卫生服务中心影像设备', 690000.00, 345000.00, 106200.00, 53100.00, NULL, NULL, '2017-05-30', NULL, 2, 4, 3, '2017-04-18 06:00:09', NULL, 5, 1, 0, NULL, 3, 2, 2, 1, '160'),
	(239, 'OPT000161', 358, 2, 1, 1, '山东麦芽口腔连锁机构牙椅设备', 130000.00, 52000.00, 20000.00, 8000.00, NULL, NULL, '2017-05-30', NULL, 1, 3, 6, '2017-04-19 03:39:00', NULL, 5, 1, 0, NULL, 6, 1, 1, 1, '161'),
	(240, 'OPT000162', 359, 2, 87, 1, '韩亮口腔诊所牙椅设备', 130000.00, 52000.00, 20000.00, 8000.00, NULL, NULL, '2017-06-30', NULL, 3, 5, 6, '2017-04-21 09:56:19', NULL, 3, 1, 0, NULL, 6, 1, 1, 1, '162'),
	(241, 'OPT000163', 360, 2, 90, 1, '北京儿童医院牙椅设备', 130000.00, 52000.00, 20000.00, 8000.00, NULL, NULL, '2017-07-28', '2017-07-28', 4, 7, 6, '2017-04-23 17:43:04', NULL, 2, 1, 0, NULL, 6, 2, 1, 1, '163'),
	(242, 'OPT000164', NULL, 2, 27, 1, '佛山天博瑞口腔牙椅设备', 130000.00, 52000.00, 20000.00, 8000.00, NULL, NULL, '2017-07-22', '2017-07-22', 1, 7, 5, '2017-04-25 06:13:32', NULL, 2, 1, 0, NULL, 5, 1, 2, 1, '164'),
	(243, 'OPT000165', NULL, 2, 2, 1, '山东省级机关医院教学设备', 160000.00, 48000.00, 24600.00, 7400.00, NULL, NULL, '2017-05-30', NULL, 1, 3, 6, '2017-04-26 13:57:51', NULL, 5, 1, 0, NULL, 6, 2, 1, 1, '165'),
	(244, 'OPT000166', NULL, 3, 10, 1, '北京军区三门诊社区服务中心影像设备', 480000.00, 240000.00, 73800.00, 36900.00, NULL, NULL, '2017-05-30', NULL, 1, 3, 6, '2017-04-26 15:16:40', NULL, 5, 1, 0, NULL, 6, 2, 1, 1, '166'),
	(245, 'OPT000167', 280, 2, 67, 1, '宁海口腔医院手机工具', 29000.00, 8700.00, 4000.00, 1000.00, NULL, NULL, '2017-07-18', '2017-07-18', 4, 7, 3, '2017-04-26 22:53:42', NULL, 2, 1, 0, NULL, 3, 2, 2, 1, '167'),
	(246, 'OPT000168', 306, 2, 62, 1, '靖江牙博士口腔门诊影像设备', 230000.00, 115000.00, 35400.00, 17700.00, NULL, NULL, '2017-06-29', '2017-06-29', 3, 7, 3, '2017-04-27 08:01:02', NULL, 2, 1, 0, NULL, 3, 1, 2, 1, '168'),
	(247, 'OPT000169', NULL, 2, 6, 1, '济南市中医院影像设备', 300000.00, 150000.00, 46200.00, 23100.00, NULL, NULL, '2017-06-03', '2017-06-03', 3, 1, 6, '2017-04-28 12:52:12', NULL, 4, 1, 0, NULL, 6, 2, 1, 1, '169'),
	(248, 'OPT000170', NULL, 2, 30, 1, '恒大中心牙椅设备', 130000.00, 52000.00, 20000.00, 8000.00, NULL, NULL, '2017-08-30', NULL, 3, 5, 5, '2017-04-28 18:16:41', NULL, 3, 1, 0, NULL, 5, 1, 2, 1, '170'),
	(249, 'OPT000171', NULL, 2, 24, 1, '大都会国际牙科中心影像设备', 300000.00, 150000.00, 46200.00, 23100.00, NULL, NULL, '2017-06-24', '2017-06-24', 3, 7, 5, '2017-04-29 02:20:48', NULL, 2, 1, 0, NULL, 5, 1, 2, 1, '171'),
	(250, 'OPT000172', NULL, 2, 29, 1, '广东协大口腔医院手机工具', 48000.00, 14400.00, 7000.00, 2000.00, NULL, NULL, '2017-06-27', '2017-06-27', 3, 7, 5, '2017-04-29 02:59:31', NULL, 2, 1, 0, NULL, 5, 1, 2, 1, '172'),
	(251, 'OPT000173', NULL, 2, 49, 1, '深圳市龙华人民医院牙椅设备', 130000.00, 52000.00, 20000.00, 8000.00, NULL, NULL, '2017-07-30', NULL, 4, 6, 5, '2017-04-29 22:18:14', NULL, 5, 1, 0, NULL, 5, 2, 2, 1, '173'),
	(253, 'OPT000174', NULL, 3, 18, 1, '中国解放军301医院影像设备', 230000.00, 115000.00, 35400.00, 17700.00, NULL, NULL, '2017-06-06', '2017-06-06', 3, 1, 6, '2017-05-01 00:21:24', NULL, 4, 1, 0, NULL, 6, 2, 1, 1, '174'),
	(254, 'OPT000175', 307, 2, 43, 1, '汶川县人民医院教学设备', 160000.00, 48000.00, 24600.00, 7400.00, NULL, NULL, '2017-07-24', '2017-07-24', 4, 7, 3, '2017-05-01 02:14:19', NULL, 2, 1, 0, NULL, 3, 2, 2, 1, '175'),
	(255, 'OPT000176', NULL, 2, 33, 1, '清远市妇幼保健院牙椅设备', 130000.00, 52000.00, 20000.00, 8000.00, NULL, NULL, '2017-07-26', '2017-07-26', 4, 7, 5, '2017-05-03 03:47:24', NULL, 2, 1, 0, NULL, 5, 2, 2, 1, '176'),
	(256, 'OPT000177', NULL, 2, 5, 1, '济南市妇幼保健院牙椅设备', 130000.00, 52000.00, 20000.00, 8000.00, NULL, NULL, '2017-06-30', NULL, 2, 4, 6, '2017-05-03 06:22:43', NULL, 5, 1, 0, NULL, 6, 2, 1, 1, '177'),
	(257, 'OPT000178', NULL, 2, 32, 1, '祈福医院手机工具', 48000.00, 14400.00, 7000.00, 2000.00, NULL, NULL, '2017-08-18', '2017-08-18', 4, 7, 5, '2017-05-04 14:26:35', NULL, 2, 1, 0, NULL, 5, 1, 2, 1, '178'),
	(258, 'OPT000179', 308, 2, 41, 1, '眉山市青神悦尔口腔手机工具', 100000.00, 30000.00, 15000.00, 5000.00, NULL, NULL, '2017-07-14', '2017-07-14', 3, 7, 3, '2017-05-05 10:02:15', NULL, 2, 1, 0, NULL, 3, 1, 2, 1, '179'),
	(259, 'OPT000180', NULL, 2, 14, 1, '天津人民医院影像设备', 690000.00, 345000.00, 106200.00, 53100.00, NULL, NULL, '2017-06-30', NULL, 3, 5, 6, '2017-05-05 19:25:16', NULL, 5, 1, 0, NULL, 6, 2, 1, 1, '180'),
	(260, 'OPT000181', NULL, 2, 91, 1, '北京航天中心医院(721医院)教学设备', 160000.00, 48000.00, 24600.00, 7400.00, NULL, NULL, '2017-07-20', '2017-07-20', 4, 7, 6, '2017-05-06 00:31:36', NULL, 2, 1, 0, NULL, 6, 2, 1, 1, '181'),
	(261, 'OPT000182', 309, 2, 61, 1, '江苏省人民医院影像设备', 570000.00, 285000.00, 87700.00, 43800.00, NULL, NULL, '2017-07-28', '2017-07-28', 4, 7, 3, '2017-05-06 03:31:49', NULL, 2, 1, 0, NULL, 3, 2, 2, 1, '182'),
	(262, 'OPT000183', NULL, 2, 28, 1, '佛山向阳医院手机工具', 100000.00, 30000.00, 15000.00, 5000.00, NULL, NULL, '2017-09-10', '2017-09-10', 4, 7, 5, '2017-05-10 11:43:41', NULL, 2, 1, 0, NULL, 5, 1, 2, 1, '183'),
	(263, 'OPT000184', NULL, 2, 48, 1, '汕头市潮阳区郑则洪口腔诊所手机工具', 29000.00, 8700.00, 4000.00, 1000.00, NULL, NULL, '2017-07-30', '2017-07-30', 4, 7, 5, '2017-05-12 01:04:55', NULL, 2, 1, 0, NULL, 5, 1, 2, 1, '184'),
	(264, 'OPT000185', NULL, 2, 12, 1, '泰达医院牙椅设备', 130000.00, 52000.00, 20000.00, 8000.00, NULL, NULL, '2017-06-30', NULL, 2, 4, 6, '2017-05-14 06:20:49', NULL, 5, 1, 0, NULL, 6, 1, 1, 1, '185'),
	(265, 'OPT000186', 310, 2, 56, 1, '海安县人民医院手机工具', 48000.00, 14400.00, 7000.00, 2000.00, NULL, NULL, '2017-07-05', '2017-07-05', 2, 7, 3, '2017-05-14 09:47:01', NULL, 2, 1, 0, NULL, 3, 2, 2, 1, '186'),
	(266, 'OPT000187', NULL, 2, 23, 1, 'Global Dental 儿童诊所教学设备', 160000.00, 48000.00, 24600.00, 7400.00, NULL, NULL, '2017-06-30', NULL, 2, 4, 5, '2017-05-14 19:10:41', NULL, 5, 1, 0, NULL, 5, 1, 2, 1, '187'),
	(267, 'OPT000188', 336, 2, 57, 1, '杭州高技街口腔牙椅设备', 130000.00, 52000.00, 20000.00, 8000.00, NULL, NULL, '2017-06-30', NULL, 2, 4, 3, '2017-05-16 05:17:59', NULL, 3, 1, 0, NULL, 3, 1, 2, 1, '188'),
	(268, 'OPT000189', NULL, 2, 89, 1, '北京朝阳医院手机工具', 33000.00, 9900.00, 5000.00, 2000.00, NULL, NULL, '2017-08-16', '2017-08-16', 4, 7, 6, '2017-05-17 02:37:59', NULL, 2, 1, 0, NULL, 6, 2, 1, 1, '189'),
	(269, 'OPT000190', 337, 2, 42, 1, '眉山市中医院牙椅设备', 130000.00, 52000.00, 20000.00, 8000.00, NULL, NULL, '2017-07-20', '2017-07-20', 3, 7, 3, '2017-05-17 18:37:10', NULL, 2, 1, 0, NULL, 3, 2, 2, 1, '190'),
	(270, 'OPT000191', NULL, 3, 10, 1, '北京军区三门诊社区服务中心手机工具', 100000.00, 30000.00, 15000.00, 5000.00, NULL, NULL, '2017-08-26', '2017-08-26', 3, 7, 6, '2017-05-19 00:41:07', NULL, 2, 1, 0, NULL, 6, 2, 1, 1, '191'),
	(271, 'OPT000192', NULL, 2, 88, 1, '明德医院影像设备', 76500.00, 38250.00, 11800.00, 5900.00, NULL, NULL, '2017-07-30', NULL, 4, 6, 6, '2017-05-19 10:50:49', NULL, 3, 1, 0, NULL, 6, 1, 1, 1, '192'),
	(272, 'OPT000193', 338, 2, 65, 1, '南京天使口腔门诊教学设备', 160000.00, 48000.00, 24600.00, 7400.00, NULL, NULL, '2017-06-28', '2017-06-28', 2, 1, 3, '2017-05-21 00:13:20', NULL, 4, 1, 0, NULL, 3, 1, 2, 1, '193'),
	(273, 'OPT000194', NULL, 2, 16, 1, '天津医院牙椅设备', 130000.00, 52000.00, 20000.00, 8000.00, NULL, NULL, '2017-07-15', '2017-07-15', 3, 1, 6, '2017-05-21 12:40:35', NULL, 4, 1, 0, NULL, 6, 2, 1, 1, '194'),
	(274, 'OPT000195', 339, 2, 59, 1, '湖州市中心医院手机工具', 48000.00, 14400.00, 7000.00, 2000.00, NULL, NULL, '2017-07-24', '2017-07-24', 3, 7, 3, '2017-05-24 12:06:52', NULL, 2, 1, 0, NULL, 3, 2, 2, 1, '195'),
	(275, 'OPT000196', 340, 2, 58, 1, '湖州市第一人民医院手机工具', 100000.00, 30000.00, 15000.00, 5000.00, NULL, NULL, '2017-08-12', '2017-08-12', 4, 7, 3, '2017-05-25 06:36:12', NULL, 2, 1, 0, NULL, 3, 2, 2, 1, '196'),
	(276, 'OPT000197', NULL, 2, 44, 1, '拜博口腔深圳事业部手机工具', 48000.00, 14400.00, 7000.00, 2000.00, NULL, NULL, '2017-08-18', '2017-08-18', 4, 7, 5, '2017-05-25 17:45:58', NULL, 2, 1, 0, NULL, 5, 1, 2, 1, '197'),
	(277, 'OPT000198', NULL, 2, 64, 1, '南京市口腔医院牙椅设备', 130000.00, 52000.00, 20000.00, 8000.00, NULL, NULL, '2017-06-30', NULL, 2, 4, 3, '2017-05-25 19:42:09', NULL, 5, 1, 0, NULL, 3, 2, 2, 1, '198'),
	(278, 'OPT000199', NULL, 2, 68, 1, '山德齿科牙椅设备', 130000.00, 52000.00, 20000.00, 8000.00, NULL, NULL, '2017-09-09', '2017-09-09', 3, 7, 3, '2017-05-26 19:26:24', NULL, 2, 1, 0, NULL, 3, 1, 2, 1, '199'),
	(279, 'OPT000200', NULL, 2, 27, 1, '佛山天博瑞口腔影像设备', 230000.00, 115000.00, 35400.00, 17700.00, NULL, NULL, '2017-07-29', '2017-07-29', 3, 7, 5, '2017-05-29 03:14:28', NULL, 2, 1, 0, NULL, 5, 1, 2, 1, '200'),
	(280, 'OPT000201', NULL, 3, 18, 1, '中国解放军301医院手机工具', 37000.00, 11100.00, 6000.00, 2000.00, NULL, NULL, '2017-08-24', '2017-08-24', 4, 7, 6, '2017-05-29 12:38:38', NULL, 2, 1, 0, NULL, 6, 2, 1, 1, '201'),
	(284, 'OPT000202', NULL, 2, 55, 1, '峰江街道社区卫生服务中心手机工具', 100000.00, 30000.00, 15000.00, 5000.00, NULL, NULL, '2017-09-16', '2017-09-16', 2, 7, 3, '2017-06-03 07:15:44', NULL, 2, 1, 0, NULL, 3, 2, 2, 1, '202'),
	(285, 'OPT000203', NULL, 3, 9, 1, '中国人民解放军第一七五医院影像设备', 300000.00, 150000.00, 46200.00, 23100.00, NULL, NULL, '2017-07-23', '2017-07-23', 3, 1, 6, '2017-06-06 04:10:47', NULL, 4, 1, 0, NULL, 6, 2, 1, 1, '203'),
	(286, 'OPT000204', NULL, 2, 60, 1, '键卫口腔牙椅设备', 130000.00, 52000.00, 20000.00, 8000.00, NULL, NULL, '2017-07-30', NULL, 3, 5, 3, '2017-06-06 07:07:17', NULL, 3, 1, 0, NULL, 3, 1, 2, 1, '204'),
	(287, 'OPT000205', NULL, 2, 35, 1, '信宜口腔门诊医院影像设备', 1150000.00, 575000.00, 176900.00, 88500.00, NULL, NULL, '2017-07-02', '2017-07-02', 2, 1, 5, '2017-06-07 03:08:16', NULL, 4, 1, 0, NULL, 5, 1, 2, 1, '205'),
	(288, 'OPT000206', NULL, 2, 62, 1, '靖江牙博士口腔门诊手机工具', 48000.00, 14400.00, 7000.00, 2000.00, NULL, NULL, '2017-08-18', '2017-08-18', 4, 7, 3, '2017-06-08 10:15:02', NULL, 2, 1, 0, NULL, 3, 1, 2, 1, '206'),
	(289, 'OPT000207', NULL, 2, 45, 1, '福华中西医院牙椅设备', 130000.00, 52000.00, 20000.00, 8000.00, NULL, NULL, '2017-08-26', '2017-08-26', 4, 7, 5, '2017-06-08 13:08:16', NULL, 2, 1, 0, NULL, 5, 1, 2, 1, '207'),
	(290, 'OPT000208', NULL, 2, 93, 1, '北京协和医院手机工具', 33000.00, 9900.00, 5000.00, 2000.00, NULL, NULL, '2017-08-29', '2017-08-29', 4, 7, 6, '2017-06-09 22:31:12', NULL, 2, 1, 0, NULL, 6, 2, 1, 1, '208'),
	(291, 'OPT000209', NULL, 2, 57, 1, '杭州高技街口腔影像设备', 230000.00, 115000.00, 35400.00, 17700.00, NULL, NULL, '2017-08-24', '2017-08-24', 4, 7, 3, '2017-06-10 01:52:52', NULL, 2, 1, 0, NULL, 3, 1, 2, 1, '209'),
	(292, 'OPT000210', NULL, 2, 86, 1, '北京嘉信泽洋口腔诊所牙椅设备', 130000.00, 52000.00, 20000.00, 8000.00, NULL, NULL, '2017-10-19', '2017-10-19', 4, 7, 6, '2017-06-10 07:53:19', NULL, 2, 1, 0, NULL, 6, 1, 1, 1, '210'),
	(293, 'OPT000211', NULL, 2, 66, 1, '南通市口腔医院影像设备', 690000.00, 345000.00, 106200.00, 53100.00, NULL, NULL, '2017-07-22', '2017-07-22', 2, 1, 3, '2017-06-12 18:11:04', NULL, 4, 1, 0, NULL, 3, 2, 2, 1, '211'),
	(294, 'OPT000212', NULL, 2, 31, 1, '南海永福口腔手机工具', 100000.00, 30000.00, 15000.00, 5000.00, NULL, NULL, '2017-08-30', NULL, 3, 5, 5, '2017-06-18 15:07:03', NULL, 5, 1, 0, NULL, 5, 1, 2, 1, '212'),
	(295, 'OPT000213', NULL, 4, 70, 1, '苏州工业园区星海医院手机工具', 29000.00, 8700.00, 4000.00, 1000.00, NULL, NULL, '2017-08-27', '2017-08-27', 3, 7, 3, '2017-06-19 23:06:41', NULL, 2, 1, 0, NULL, 3, 2, 2, 1, '213'),
	(296, 'OPT000214', NULL, 2, 26, 1, '佛山市口腔医院牙椅设备', 130000.00, 52000.00, 20000.00, 8000.00, NULL, NULL, '2017-07-30', NULL, 1, 3, 5, '2017-06-20 02:06:18', NULL, 3, 1, 0, NULL, 5, 2, 2, 1, '214'),
	(297, 'OPT000215', NULL, 2, 15, 1, '天津市口腔医院手机工具', 37000.00, 11100.00, 6000.00, 2000.00, NULL, NULL, '2017-07-30', NULL, 2, 4, 6, '2017-06-20 11:03:20', NULL, 5, 1, 0, NULL, 6, 2, 1, 1, '215'),
	(298, 'OPT000216', NULL, 2, 29, 1, '广东协大口腔医院牙椅设备', 130000.00, 52000.00, 20000.00, 8000.00, NULL, NULL, '2017-08-27', '2017-08-27', 4, 1, 5, '2017-06-20 18:06:56', NULL, 4, 1, 0, NULL, 5, 1, 2, 1, '216'),
	(299, 'OPT000217', NULL, 2, 46, 1, '林耿真口腔诊所影像设备', 570000.00, 285000.00, 87700.00, 43800.00, NULL, NULL, '2017-08-29', '2017-08-29', 3, 7, 5, '2017-06-22 06:22:38', NULL, 2, 1, 0, NULL, 5, 1, 2, 1, '217'),
	(300, 'OPT000218', NULL, 2, 53, 1, '珠海市口腔医院教学设备', 160000.00, 48000.00, 24600.00, 7400.00, NULL, NULL, '2017-10-30', NULL, 3, 5, 5, '2017-06-23 06:05:30', NULL, 3, 1, 0, NULL, 5, 2, 2, 1, '218'),
	(301, 'OPT000219', NULL, 2, 95, 1, '朝阳区社区卫生服务管理中心影像设备', 690000.00, 345000.00, 106200.00, 53100.00, NULL, NULL, '2017-09-21', '2017-09-21', 4, 7, 6, '2017-06-23 13:53:24', NULL, 2, 1, 0, NULL, 6, 2, 1, 1, '219'),
	(302, 'OPT000220', NULL, 2, 90, 1, '北京儿童医院教学设备', 100000.00, 30000.00, 15000.00, 5000.00, NULL, NULL, '2017-09-12', '2017-09-12', 4, 7, 6, '2017-06-24 02:40:23', NULL, 2, 1, 0, NULL, 6, 2, 1, 1, '220'),
	(303, 'OPT000221', NULL, 2, 54, 1, '常州北极星口腔门诊部影像设备', 76500.00, 38250.00, 11800.00, 5900.00, NULL, NULL, '2017-07-30', NULL, 1, 3, 3, '2017-06-24 04:42:30', NULL, 5, 1, 0, NULL, 3, 1, 2, 1, '221'),
	(304, 'OPT000222', NULL, 2, 34, 1, '若德口腔门诊教学设备', 160000.00, 48000.00, 24600.00, 7400.00, NULL, NULL, '2017-07-16', '2017-07-16', 1, 7, 5, '2017-06-24 06:46:43', NULL, 2, 1, 0, NULL, 5, 1, 2, 1, '222'),
	(305, 'OPT000223', NULL, 2, 47, 1, '梅州市大埔县人民医院影像设备', 230000.00, 115000.00, 35400.00, 17700.00, NULL, NULL, '2017-07-16', '2017-07-16', 1, 7, 5, '2017-06-26 08:55:20', NULL, 2, 1, 0, NULL, 5, 2, 2, 1, '223'),
	(306, 'OPT000224', NULL, 2, 56, 1, '海安县人民医院牙椅设备', 240000.00, 96000.00, 37000.00, 14800.00, NULL, NULL, '2017-08-29', '2017-08-29', 3, 7, 3, '2017-06-26 09:56:07', NULL, 2, 1, 0, NULL, 3, 2, 2, 1, '224'),
	(307, 'OPT000225', NULL, 2, 8, 1, '青岛市第五医院牙椅设备', 130000.00, 52000.00, 20000.00, 8000.00, NULL, NULL, '2017-07-30', NULL, 1, 3, 6, '2017-06-26 15:28:46', NULL, 5, 1, 0, NULL, 6, 2, 1, 1, '225'),
	(308, 'OPT000226', NULL, 2, 34, 1, '若德口腔门诊影像设备', 230000.00, 115000.00, 35400.00, 17700.00, NULL, NULL, '2017-11-10', '2017-11-10', 4, 7, 5, '2017-06-26 19:55:17', NULL, 2, 1, 0, NULL, 5, 1, 2, 1, '226'),
	(309, 'OPT000227', NULL, 2, 17, 1, '天津中北镇社区服务中心影像设备', 690000.00, 345000.00, 106200.00, 53100.00, NULL, NULL, '2017-07-30', NULL, 1, 3, 6, '2017-06-26 22:53:16', NULL, 5, 1, 0, NULL, 6, 2, 1, 1, '227'),
	(310, 'OPT000228', NULL, 2, 35, 1, '信宜口腔门诊医院手机工具', 100000.00, 30000.00, 15000.00, 5000.00, NULL, NULL, '2017-09-30', NULL, 4, 6, 5, '2017-06-27 00:45:33', NULL, 3, 1, 0, NULL, 5, 1, 2, 1, '228'),
	(311, 'OPT000229', NULL, 4, 69, 1, '上虞人民医院影像设备', 690000.00, 345000.00, 106200.00, 53100.00, NULL, NULL, '2017-08-26', '2017-08-26', 3, 7, 3, '2017-06-27 09:23:42', NULL, 2, 1, 0, NULL, 3, 2, 2, 1, '229'),
	(312, 'OPT000230', NULL, 4, 74, 1, '温岭郎德口腔门诊牙椅设备', 240000.00, 96000.00, 37000.00, 14800.00, NULL, NULL, '2017-09-22', '2017-09-22', 4, 7, 3, '2017-06-28 05:06:21', NULL, 2, 1, 0, NULL, 3, 1, 2, 1, '230'),
	(313, 'OPT000231', NULL, 2, 99, 1, '连云港妇幼保健医院牙椅设备', 240000.00, 96000.00, 37000.00, 14800.00, NULL, NULL, '2017-09-23', '2017-09-23', 4, 7, 5, '2017-06-28 13:53:15', NULL, 2, 1, 0, NULL, 5, 2, 2, 1, '231'),
	(314, 'OPT000232', NULL, 2, 63, 1, '迈皋桥医院牙椅设备', 130000.00, 52000.00, 20000.00, 8000.00, NULL, NULL, '2017-09-05', '2017-09-05', 3, 7, 3, '2017-06-28 15:39:06', NULL, 2, 1, 0, NULL, 3, 1, 2, 1, '232'),
	(315, 'OPT000233', NULL, 2, 67, 1, '宁海口腔医院牙椅设备', 240000.00, 96000.00, 37000.00, 14800.00, NULL, NULL, '2017-09-18', '2017-09-18', 4, 7, 3, '2017-06-29 15:38:16', NULL, 2, 1, 0, NULL, 3, 2, 2, 1, '233'),
	(316, 'OPT000234', NULL, 2, 92, 1, '北京市口腔医院影像设备', 480000.00, 240000.00, 73800.00, 36900.00, NULL, NULL, '2017-09-18', '2017-09-18', 3, 7, 6, '2017-06-29 21:32:32', NULL, 2, 1, 0, NULL, 6, 2, 1, 1, '234'),
	(347, 'OPT000235', NULL, 2, 52, 1, '友睦齿科牙椅设备', 130000.00, 52000.00, 20000.00, 8000.00, NULL, NULL, '2017-08-30', '2017-08-30', 3, 7, 5, '2017-07-02 07:31:59', NULL, 2, 1, 0, NULL, 5, 1, 2, 1, '235'),
	(348, 'OPT000236', NULL, 2, 65, 1, '南京天使口腔门诊教影像设备', 300000.00, 150000.00, 46200.00, 23100.00, NULL, NULL, '2017-10-28', '2017-10-28', 3, 7, 3, '2017-07-05 05:49:19', NULL, 2, 1, 0, NULL, 3, 1, 2, 1, '236'),
	(349, 'OPT000237', NULL, 2, 60, 1, '键卫口腔影像设备', 690000.00, 345000.00, 106200.00, 53100.00, NULL, NULL, '2017-09-20', '2017-09-20', 4, 7, 3, '2017-07-06 20:30:02', NULL, 2, 1, 0, NULL, 3, 1, 2, 1, '237'),
	(350, 'OPT000238', NULL, 2, 110, 1, '韩大夫口腔牙椅设备', 240000.00, 96000.00, 37000.00, 14800.00, NULL, NULL, '2017-09-26', '2017-09-26', 4, 7, 6, '2017-07-08 17:35:06', NULL, 2, 1, 0, NULL, 6, 1, 1, 1, '238'),
	(351, 'OPT000239', NULL, 2, 94, 1, '北京中日友好医院牙椅设备', 130000.00, 52000.00, 20000.00, 8000.00, NULL, NULL, '2017-08-30', NULL, 2, 4, 6, '2017-07-10 14:08:46', NULL, 3, 1, 0, NULL, 6, 1, 1, 1, '239'),
	(352, 'OPT000240', NULL, 2, 12, 1, '泰达医院教学设备', 100000.00, 30000.00, 15000.00, 5000.00, NULL, NULL, '2017-08-22', '2017-08-22', 2, 1, 6, '2017-07-11 13:46:19', NULL, 4, 1, 0, NULL, 6, 1, 1, 1, '240'),
	(353, 'OPT000241', NULL, 2, 64, 1, '南京市口腔医院教学设备', 100000.00, 30000.00, 15000.00, 5000.00, NULL, NULL, '2017-08-30', NULL, 2, 4, 3, '2017-07-12 00:58:00', NULL, 3, 1, 0, NULL, 3, 2, 2, 1, '241'),
	(354, 'OPT000242', NULL, 2, 50, 1, '深圳市南山区西丽人民医院影像设备', 1250000.00, 625000.00, 192300.00, 96200.00, NULL, NULL, '2017-08-29', '2017-08-29', 2, 7, 5, '2017-07-12 18:41:06', NULL, 2, 1, 0, NULL, 5, 2, 2, 1, '242'),
	(355, 'OPT000243', NULL, 4, 72, 1, '苏州市吴中区人民医院影像设备', 1150000.00, 575000.00, 176900.00, 88500.00, NULL, NULL, '2017-09-29', '2017-09-29', 4, 7, 3, '2017-07-13 21:23:35', NULL, 2, 1, 0, NULL, 3, 2, 2, 1, '243'),
	(356, 'OPT000244', NULL, 3, 11, 1, '国防大学校医院牙椅设备', 130000.00, 52000.00, 20000.00, 8000.00, NULL, NULL, '2017-08-10', '2017-08-10', 2, 1, 6, '2017-07-15 20:00:28', NULL, 4, 1, 0, NULL, 6, 2, 1, 1, '244'),
	(357, 'OPT000245', NULL, 4, 71, 1, '苏州市高新区科技城医院牙椅设备', 130000.00, 52000.00, 20000.00, 8000.00, NULL, NULL, '2017-08-03', '2017-08-03', 2, 1, 3, '2017-07-16 10:58:45', NULL, 4, 1, 0, NULL, 3, 2, 2, 1, '245'),
	(358, 'OPT000246', NULL, 2, 14, 1, '天津人民医院手机工具', 100000.00, 30000.00, 15000.00, 5000.00, NULL, NULL, '2017-08-30', NULL, 2, 4, 6, '2017-07-17 11:47:46', NULL, 5, 1, 0, NULL, 6, 2, 1, 1, '246'),
	(359, 'OPT000247', NULL, 2, 88, 1, '明德医院手机工具', 37000.00, 11100.00, 6000.00, 2000.00, NULL, NULL, '2017-10-25', '2017-10-25', 4, 7, 6, '2017-07-17 13:08:37', NULL, 2, 1, 0, NULL, 6, 1, 1, 1, '247'),
	(360, 'OPT000248', NULL, 2, 13, 1, '天津滨海东江医院影像设备', 230000.00, 115000.00, 35400.00, 17700.00, NULL, NULL, '2017-08-30', NULL, 2, 4, 6, '2017-07-18 05:31:36', NULL, 5, 1, 0, NULL, 6, 2, 1, 1, '248'),
	(361, 'OPT000249', NULL, 2, 59, 1, '湖州市中心医院牙椅设备', 480000.00, 192000.00, 73800.00, 29600.00, NULL, NULL, '2017-11-15', '2017-11-15', 4, 7, 3, '2017-07-18 14:42:33', NULL, 2, 1, 0, NULL, 3, 2, 2, 1, '249'),
	(362, 'OPT000250', NULL, 4, 75, 1, '温州医科大学附属口腔医院教学设备', 100000.00, 30000.00, 15000.00, 5000.00, NULL, NULL, '2017-11-18', '2017-11-18', 3, 7, 3, '2017-07-23 20:28:03', NULL, 2, 1, 0, NULL, 3, 2, 2, 1, '250'),
	(363, 'OPT000251', NULL, 2, 97, 1, '淮安诺贝尔口腔医院影像设备', 690000.00, 345000.00, 106200.00, 53100.00, NULL, NULL, '2017-09-29', '2017-09-29', 3, 7, 5, '2017-07-24 10:04:33', NULL, 2, 1, 0, NULL, 5, 1, 2, 1, '251'),
	(364, 'OPT000252', NULL, 2, 92, 1, '北京市口腔医院手机设备', 37000.00, 11100.00, 6000.00, 2000.00, NULL, NULL, '2017-10-18', '2017-10-18', 4, 7, 6, '2017-07-24 21:17:42', NULL, 2, 1, 0, NULL, 6, 2, 1, 1, '252'),
	(365, 'OPT000253', NULL, 4, 76, 1, '温州医科大学温州市第三临床学院影像设备', 300000.00, 150000.00, 46200.00, 23100.00, NULL, NULL, '2017-10-21', '2017-10-21', 4, 7, 3, '2017-07-25 01:01:33', NULL, 2, 1, 0, NULL, 3, 2, 2, 1, '253'),
	(366, 'OPT000254', NULL, 2, 51, 1, '兴宁市人民医院手机工具', 29000.00, 8700.00, 4000.00, 1000.00, NULL, NULL, '2017-09-07', '2017-09-07', 1, 7, 5, '2017-07-25 23:16:00', NULL, 2, 1, 0, NULL, 5, 2, 2, 1, '254'),
	(367, 'OPT000255', NULL, 2, 87, 1, '韩亮口腔诊所影像设备', 1150000.00, 575000.00, 176900.00, 88500.00, NULL, NULL, '2017-08-30', NULL, 1, 3, 6, '2017-07-26 00:10:59', NULL, 5, 1, 0, NULL, 6, 1, 1, 1, '255'),
	(368, 'OPT000256', NULL, 2, 98, 1, '江苏省中医院手机工具', 33000.00, 9900.00, 5000.00, 2000.00, NULL, NULL, '2017-09-29', '2017-09-29', 3, 7, 5, '2017-07-26 18:24:54', NULL, 2, 1, 0, NULL, 5, 2, 2, 1, '256'),
	(369, 'OPT000257', NULL, 2, 30, 1, '恒大中心影像设备', 76500.00, 38250.00, 11800.00, 5900.00, NULL, NULL, '2017-08-15', '2017-08-15', 1, 7, 5, '2017-07-27 06:32:54', NULL, 2, 1, 0, NULL, 5, 1, 2, 1, '257'),
	(370, 'OPT000258', NULL, 2, 48, 1, '汕头市潮阳区郑则洪口腔诊所牙椅设备', 240000.00, 96000.00, 37000.00, 14800.00, NULL, NULL, '2017-11-05', '2017-11-05', 3, 7, 5, '2017-07-27 21:39:45', NULL, 2, 1, 0, NULL, 5, 1, 2, 1, '258'),
	(371, 'OPT000259', NULL, 4, 73, 1, '台州医院路桥分院手机工具', 29000.00, 8700.00, 4000.00, 1000.00, NULL, NULL, '2017-09-30', NULL, 3, 5, 3, '2017-07-28 17:26:46', NULL, 3, 1, 0, NULL, 3, 1, 2, 1, '259'),
	(372, 'OPT000260', NULL, 4, 70, 1, '苏州工业园区星海医院牙椅设备', 254000.00, 101600.00, 39000.00, 15600.00, NULL, NULL, '2017-10-25', '2017-10-25', 4, 7, 3, '2017-07-28 17:42:43', NULL, 2, 1, 0, NULL, 3, 2, 2, 1, '260'),
	(378, 'OPT000261', NULL, 2, 114, 1, '西安第8医院教学设备', 100000.00, 30000.00, 15000.00, 5000.00, NULL, NULL, '2017-10-22', '2017-10-22', 4, 7, 6, '2017-08-01 06:56:33', NULL, 2, 1, 0, NULL, 6, 2, 1, 1, '261'),
	(379, 'OPT000262', NULL, 2, 33, 1, '清远市妇幼保健院教学设备', 100000.00, 30000.00, 15000.00, 5000.00, NULL, NULL, '2017-09-22', '2017-09-22', 3, 1, 5, '2017-08-04 08:24:13', NULL, 4, 1, 0, NULL, 5, 2, 2, 1, '262'),
	(380, 'OPT000263', NULL, 2, 91, 1, '北京航天中心医院(721医院)影像设备', 570000.00, 285000.00, 87700.00, 43800.00, NULL, NULL, '2017-10-29', '2017-10-29', 3, 7, 6, '2017-08-04 23:00:24', NULL, 2, 1, 0, NULL, 6, 2, 1, 1, '263'),
	(381, 'OPT000264', NULL, 2, 102, 1, '南京浦口中医院牙椅设备', 480000.00, 192000.00, 73800.00, 29600.00, NULL, NULL, '2017-10-26', '2017-10-26', 4, 7, 5, '2017-08-07 10:52:53', NULL, 2, 1, 0, NULL, 5, 2, 2, 1, '264'),
	(382, 'OPT000265', NULL, 2, 17, 1, '天津中北镇社区服务中心手机工具', 100000.00, 30000.00, 15000.00, 5000.00, NULL, NULL, '2017-09-30', NULL, 3, 5, 6, '2017-08-08 20:22:26', NULL, 3, 1, 0, NULL, 6, 2, 1, 1, '265'),
	(383, 'OPT000266', NULL, 2, 89, 1, '北京朝阳医院牙椅设备', 240000.00, 96000.00, 37000.00, 14800.00, NULL, NULL, '2017-09-18', '2017-09-18', 2, 1, 6, '2017-08-09 01:30:25', NULL, 4, 1, 0, NULL, 6, 2, 1, 1, '266'),
	(384, 'OPT000267', NULL, 2, 96, 1, '欢乐口腔手机工具', 33000.00, 9900.00, 5000.00, 2000.00, NULL, NULL, '2017-09-18', '2017-09-18', 2, 1, 6, '2017-08-10 04:52:08', NULL, 4, 1, 0, NULL, 6, 1, 1, 1, '267'),
	(385, 'OPT000268', NULL, 2, 53, 1, '珠海市口腔医院影像设备', 230000.00, 115000.00, 35400.00, 17700.00, NULL, NULL, '2017-10-27', '2017-10-27', 4, 7, 5, '2017-08-10 05:36:19', NULL, 2, 1, 0, NULL, 5, 2, 2, 1, '268'),
	(386, 'OPT000269', NULL, 4, 71, 1, '苏州市高新区科技城医院影像设备', 76500.00, 38250.00, 11800.00, 5900.00, NULL, NULL, '2017-10-24', '2017-10-24', 3, 7, 3, '2017-08-12 02:38:58', NULL, 2, 1, 0, NULL, 3, 2, 2, 1, '269'),
	(387, 'OPT000270', NULL, 2, 32, 1, '祈福医院牙椅设备', 480000.00, 192000.00, 73800.00, 29600.00, NULL, NULL, '2017-11-06', '2017-11-06', 2, 7, 5, '2017-08-12 14:24:03', NULL, 2, 1, 0, NULL, 5, 1, 2, 1, '270'),
	(388, 'OPT000271', NULL, 2, 49, 1, '深圳市龙华人民医院影像设备', 300000.00, 150000.00, 46200.00, 23100.00, NULL, NULL, '2017-09-29', '2017-09-29', 2, 7, 5, '2017-08-14 05:19:22', NULL, 2, 1, 0, NULL, 5, 2, 2, 1, '271'),
	(389, 'OPT000272', NULL, 2, 62, 1, '靖江牙博士口腔门诊牙椅设备', 254000.00, 101600.00, 39000.00, 15600.00, NULL, NULL, '2017-10-30', '2017-10-30', 4, 7, 3, '2017-08-15 07:30:36', NULL, 2, 1, 0, NULL, 3, 1, 2, 1, '272'),
	(390, 'OPT000273', NULL, 2, 65, 1, '南京天使口腔门诊教手机工具', 100000.00, 30000.00, 15000.00, 5000.00, NULL, NULL, '2017-10-29', '2017-10-29', 4, 7, 3, '2017-08-15 11:38:41', NULL, 2, 1, 0, NULL, 3, 1, 2, 1, '273'),
	(391, 'OPT000274', NULL, 2, 15, 1, '天津市口腔医院牙椅设备', 480000.00, 192000.00, 73800.00, 29600.00, NULL, NULL, '2017-09-30', NULL, 2, 4, 6, '2017-08-15 19:12:35', NULL, 5, 1, 0, NULL, 6, 2, 1, 1, '274'),
	(392, 'OPT000275', NULL, 2, 63, 1, '迈皋桥医院教学设备', 160000.00, 48000.00, 24600.00, 7400.00, NULL, NULL, '2017-12-22', '2017-12-22', 4, 7, 3, '2017-08-15 19:54:37', NULL, 2, 1, 0, NULL, 3, 1, 2, 1, '275'),
	(393, 'OPT000276', NULL, 2, 45, 1, '福华中西医院影像设备', 690000.00, 345000.00, 106200.00, 53100.00, NULL, NULL, '2017-10-30', NULL, 3, 5, 5, '2017-08-17 22:50:23', NULL, 5, 1, 0, NULL, 5, 1, 2, 1, '276'),
	(394, 'OPT000277', NULL, 2, 66, 1, '南通市口腔医院手机工具', 48000.00, 14400.00, 7000.00, 2000.00, NULL, NULL, '2017-09-14', '2017-09-14', 2, 1, 3, '2017-08-18 05:27:26', NULL, 4, 1, 0, NULL, 3, 2, 2, 1, '277'),
	(395, 'OPT000278', NULL, 2, 47, 1, '梅州市大埔县人民医院手机工具', 48000.00, 14400.00, 7000.00, 2000.00, NULL, NULL, '2017-09-30', NULL, 2, 4, 5, '2017-08-20 01:32:33', NULL, 5, 1, 0, NULL, 5, 2, 2, 1, '278'),
	(396, 'OPT000279', NULL, 2, 61, 1, '江苏省人民医院手机工具', 100000.00, 30000.00, 15000.00, 5000.00, NULL, NULL, '2017-09-30', NULL, 2, 4, 3, '2017-08-21 01:17:17', NULL, 5, 1, 0, NULL, 3, 2, 2, 1, '279'),
	(397, 'OPT000280', NULL, 4, 69, 1, '上虞人民医院手机工具', 48000.00, 14400.00, 7000.00, 2000.00, NULL, NULL, '2017-12-12', '2017-12-12', 4, 7, 3, '2017-08-21 16:30:59', NULL, 2, 1, 0, NULL, 3, 2, 2, 1, '280'),
	(398, 'OPT000281', NULL, 2, 64, 1, '南京市口腔医院影像设备', 690000.00, 345000.00, 106200.00, 53100.00, NULL, NULL, '2017-10-30', NULL, 3, 5, 3, '2017-08-22 04:46:09', NULL, 3, 1, 0, NULL, 3, 2, 2, 1, '281'),
	(399, 'OPT000282', NULL, 3, 18, 1, '中国解放军301医院牙椅设备', 254000.00, 101600.00, 39000.00, 15600.00, NULL, NULL, '2017-12-10', '2017-12-10', 3, 7, 6, '2017-08-22 08:40:16', NULL, 2, 1, 0, NULL, 6, 2, 1, 1, '282'),
	(400, 'OPT000283', NULL, 2, 93, 1, '北京协和医院牙椅设备', 254000.00, 101600.00, 39000.00, 15600.00, NULL, NULL, '2017-12-28', '2017-12-28', 3, 7, 6, '2017-08-22 21:58:56', NULL, 2, 1, 0, NULL, 6, 2, 1, 1, '283'),
	(401, 'OPT000284', NULL, 2, 113, 1, '西安拜博920口腔牙椅设备', 480000.00, 192000.00, 73800.00, 29600.00, NULL, NULL, '2017-10-30', NULL, 3, 5, 6, '2017-08-23 06:54:18', NULL, 3, 1, 0, NULL, 6, 1, 1, 1, '284'),
	(402, 'OPT000285', NULL, 2, 106, 1, '熊猫集团医院教学设备', 160000.00, 48000.00, 24600.00, 7400.00, NULL, NULL, '2017-11-18', '2017-11-18', 4, 7, 5, '2017-08-23 12:07:33', NULL, 2, 1, 0, NULL, 5, 1, 2, 1, '285'),
	(403, 'OPT000286', NULL, 2, 16, 1, '天津医院影像设备', 76500.00, 38250.00, 11800.00, 5900.00, NULL, NULL, '2017-09-30', NULL, 2, 4, 6, '2017-08-23 14:44:19', NULL, 5, 1, 0, NULL, 6, 2, 1, 1, '286'),
	(404, 'OPT000287', NULL, 2, 68, 1, '山德齿科影像设备', 230000.00, 115000.00, 35400.00, 17700.00, NULL, NULL, '2017-09-30', NULL, 1, 3, 3, '2017-08-24 09:17:46', NULL, 5, 1, 0, NULL, 3, 1, 2, 1, '287'),
	(405, 'OPT000288', NULL, 2, 44, 1, '拜博口腔深圳事业部牙椅设备', 254000.00, 101600.00, 39000.00, 15600.00, NULL, NULL, '2017-10-23', '2017-10-23', 3, 7, 5, '2017-08-27 10:12:59', NULL, 2, 1, 0, NULL, 5, 1, 2, 1, '288'),
	(406, 'OPT000289', NULL, 4, 80, 1, '无锡冯友伟口腔手机工具', 29000.00, 8700.00, 4000.00, 1000.00, NULL, NULL, '2017-11-22', '2017-11-22', 4, 7, 3, '2017-08-28 13:35:05', NULL, 2, 1, 0, NULL, 3, 1, 2, 1, '289'),
	(407, 'OPT000290', NULL, 4, 75, 1, '温州医科大学附属口腔医院影像设备', 230000.00, 115000.00, 35400.00, 17700.00, NULL, NULL, '2017-11-21', '2017-11-21', 4, 7, 3, '2017-08-29 16:51:05', NULL, 2, 1, 0, NULL, 3, 2, 2, 1, '290'),
	(408, 'OPT000291', NULL, 2, 68, 1, '山德齿科手机工具', 100000.00, 30000.00, 15000.00, 5000.00, NULL, NULL, '2017-11-23', '2017-11-23', 4, 7, 3, '2017-08-30 07:56:30', NULL, 2, 1, 0, NULL, 3, 1, 2, 1, '291'),
	(409, 'OPT000292', NULL, 2, 89, 1, '北京朝阳医院教学设备', 160000.00, 48000.00, 24600.00, 7400.00, NULL, NULL, '2017-11-23', '2017-11-23', 4, 7, 6, '2017-09-02 16:30:20', NULL, 2, 1, 0, NULL, 6, 2, 1, 1, '292'),
	(410, 'OPT000293', NULL, 4, 72, 1, '苏州市吴中区人民医院手机工具', 69000.00, 20700.00, 11000.00, 3000.00, NULL, NULL, '2017-11-24', '2017-11-24', 4, 7, 3, '2017-09-03 06:45:14', NULL, 2, 1, 0, NULL, 3, 2, 2, 1, '293'),
	(411, 'OPT000294', NULL, 2, 87, 1, '韩亮口腔诊所手机工具', 100000.00, 30000.00, 15000.00, 5000.00, NULL, NULL, '2017-10-08', '2017-10-08', 3, 1, 6, '2017-09-03 21:40:47', NULL, 4, 1, 0, NULL, 6, 1, 1, 1, '294'),
	(412, 'OPT000295', NULL, 2, 99, 1, '连云港妇幼保健医院影像设备', 76500.00, 38250.00, 11800.00, 5900.00, NULL, NULL, '2017-11-22', '2017-11-22', 4, 7, 5, '2017-09-04 12:42:45', NULL, 2, 1, 0, NULL, 5, 2, 2, 1, '295'),
	(413, 'OPT000296', NULL, 2, 115, 1, '西安欢乐口腔影像设备', 1150000.00, 575000.00, 176900.00, 88500.00, NULL, NULL, '2017-11-27', '2017-11-27', 4, 7, 6, '2017-09-04 19:21:35', NULL, 2, 1, 0, NULL, 6, 1, 1, 1, '296'),
	(414, 'OPT000297', NULL, 2, 86, 1, '北京嘉信泽洋口腔诊所影像设备', 230000.00, 115000.00, 35400.00, 17700.00, NULL, NULL, '2017-10-10', '2017-10-10', 2, 1, 6, '2017-09-05 01:38:30', NULL, 4, 1, 0, NULL, 6, 1, 1, 1, '297'),
	(415, 'OPT000298', NULL, 2, 100, 1, '涟水县人民医院影像设备', 1150000.00, 575000.00, 176900.00, 88500.00, NULL, NULL, '2017-10-19', '2017-10-19', 2, 7, 5, '2017-09-05 13:12:02', NULL, 2, 1, 0, NULL, 5, 2, 2, 1, '298'),
	(416, 'OPT000299', NULL, 2, 90, 1, '北京儿童医院影像设备', 690000.00, 345000.00, 106200.00, 53100.00, NULL, NULL, '2017-11-28', '2017-11-28', 4, 7, 6, '2017-09-05 14:25:01', NULL, 2, 1, 0, NULL, 6, 2, 1, 1, '299'),
	(417, 'OPT000300', NULL, 2, 91, 1, '北京航天中心医院(721医院)手机工具', 100000.00, 30000.00, 15000.00, 5000.00, NULL, NULL, '2017-11-28', '2017-11-28', 4, 7, 6, '2017-09-05 23:21:46', NULL, 2, 1, 0, NULL, 6, 2, 1, 1, '300'),
	(418, 'OPT000301', NULL, 2, 48, 1, '汕头市潮阳区郑则洪口腔诊所影像设备', 690000.00, 345000.00, 106200.00, 53100.00, NULL, NULL, '2017-11-26', '2017-11-26', 4, 7, 5, '2017-09-07 01:14:31', NULL, 2, 1, 0, NULL, 5, 1, 2, 1, '301'),
	(419, 'OPT000302', NULL, 4, 73, 1, '台州医院路桥分院牙椅设备', 254000.00, 101600.00, 39000.00, 15600.00, NULL, NULL, '2017-11-29', '2017-11-29', 4, 7, 3, '2017-09-08 02:25:48', NULL, 2, 1, 0, NULL, 3, 1, 2, 1, '302'),
	(420, 'OPT000303', NULL, 2, 95, 1, '朝阳区社区卫生服务管理中心手机工具', 37000.00, 11100.00, 6000.00, 2000.00, NULL, NULL, '2017-12-26', '2017-12-26', 4, 7, 6, '2017-09-09 01:00:37', NULL, 2, 1, 0, NULL, 6, 2, 1, 1, '303'),
	(421, 'OPT000304', NULL, 2, 88, 1, '明德医院牙椅设备', 254000.00, 101600.00, 39000.00, 15600.00, NULL, NULL, '2018-01-30', NULL, 4, 6, 6, '2017-09-11 07:27:19', NULL, 1, 1, 0, NULL, 6, 1, 1, 1, '304'),
	(422, 'OPT000305', NULL, 2, 111, 1, '陕西户县森工医院影像设备', 690000.00, 345000.00, 106200.00, 53100.00, NULL, NULL, '2017-10-30', NULL, 2, 4, 6, '2017-09-11 22:52:14', NULL, 5, 1, 0, NULL, 6, 2, 1, 1, '305'),
	(423, 'OPT000306', NULL, 2, 46, 1, '林耿真口腔诊所手机工具', 100000.00, 30000.00, 15000.00, 5000.00, NULL, NULL, '2017-10-28', '2017-10-28', 2, 7, 5, '2017-09-12 16:36:34', NULL, 2, 1, 0, NULL, 5, 1, 2, 1, '306'),
	(424, 'OPT000307', NULL, 4, 74, 1, '温岭郎德口腔门诊教学设备', 320000.00, 96000.00, 49200.00, 14800.00, NULL, NULL, '2018-01-30', NULL, 4, 6, 3, '2017-09-13 03:51:32', NULL, 1, 1, 0, NULL, 3, 1, 2, 1, '307'),
	(425, 'OPT000308', NULL, 2, 67, 1, '宁海口腔医院影像设备', 1150000.00, 575000.00, 176900.00, 88500.00, NULL, NULL, '2018-01-30', NULL, 4, 6, 3, '2017-09-13 17:57:02', NULL, 1, 1, 0, NULL, 3, 2, 2, 1, '308'),
	(426, 'OPT000309', NULL, 2, 112, 1, '西安爱雅口腔医院手机工具', 33000.00, 9900.00, 5000.00, 2000.00, NULL, NULL, '2017-10-30', NULL, 2, 4, 6, '2017-09-14 00:56:07', NULL, 5, 1, 0, NULL, 6, 1, 1, 1, '309'),
	(427, 'OPT000310', NULL, 4, 77, 1, '无锡101医院手机工具', 29000.00, 8700.00, 4000.00, 1000.00, NULL, NULL, '2017-10-14', '2017-10-14', 2, 1, 3, '2017-09-15 11:14:56', NULL, 4, 1, 0, NULL, 3, 2, 2, 1, '310'),
	(428, 'OPT000311', NULL, 4, 78, 1, '无锡爱牙口腔牙椅设备', 480000.00, 192000.00, 73800.00, 29600.00, NULL, NULL, '2017-10-30', NULL, 2, 4, 3, '2017-09-15 11:39:20', NULL, 5, 1, 0, NULL, 3, 1, 2, 1, '311'),
	(429, 'OPT000312', NULL, 2, 94, 1, '北京中日友好医院影像设备', 300000.00, 150000.00, 46200.00, 23100.00, NULL, NULL, '2017-10-30', NULL, 2, 4, 6, '2017-09-17 20:45:51', NULL, 5, 1, 0, NULL, 6, 1, 1, 1, '312'),
	(430, 'OPT000313', NULL, 2, 101, 1, '南京军区南京药品器材供应站手机工具', 29000.00, 8700.00, 4000.00, 1000.00, NULL, NULL, '2017-10-29', '2017-10-29', 2, 7, 5, '2017-09-17 22:58:57', NULL, 2, 1, 0, NULL, 5, 2, 2, 1, '313'),
	(431, 'OPT000314', NULL, 2, 50, 1, '深圳市南山区西丽人民医院手机工具', 48000.00, 14400.00, 7000.00, 2000.00, NULL, NULL, '2017-12-13', '2017-12-13', 2, 7, 5, '2017-09-21 11:30:10', NULL, 2, 1, 0, NULL, 5, 2, 2, 1, '314'),
	(432, 'OPT000315', NULL, 2, 81, 1, '萧山中医院牙椅设备', 254000.00, 101600.00, 39000.00, 15600.00, NULL, NULL, '2017-11-30', NULL, 4, 6, 3, '2017-09-21 22:25:42', NULL, 3, 1, 0, NULL, 3, 2, 2, 1, '315'),
	(433, 'OPT000316', NULL, 2, 49, 1, '深圳市龙华人民医院手机工具', 100000.00, 30000.00, 15000.00, 5000.00, NULL, NULL, '2018-01-30', NULL, 3, 5, 5, '2017-09-23 01:50:19', NULL, 1, 1, 0, NULL, 5, 2, 2, 1, '316'),
	(434, 'OPT000317', NULL, 2, 51, 1, '兴宁市人民医院牙椅设备', 254000.00, 101600.00, 39000.00, 15600.00, NULL, NULL, '2017-10-10', '2017-10-10', 1, 1, 5, '2017-09-24 13:09:30', NULL, 4, 1, 0, NULL, 5, 2, 2, 1, '317'),
	(435, 'OPT000318', NULL, 2, 52, 1, '友睦齿科教学设备', 160000.00, 48000.00, 24600.00, 7400.00, NULL, NULL, '2017-10-13', '2017-10-13', 1, 7, 5, '2017-09-24 22:33:27', NULL, 2, 1, 0, NULL, 5, 1, 2, 1, '318'),
	(436, 'OPT000319', NULL, 2, 107, 1, '宿迁第一人民医院影像设备', 300000.00, 150000.00, 46200.00, 23100.00, NULL, NULL, '2017-12-30', NULL, 4, 6, 5, '2017-09-26 04:01:54', NULL, 5, 1, 0, NULL, 5, 2, 2, 1, '319'),
	(437, 'OPT000320', NULL, 4, 76, 1, '温州医科大学温州市第三临床学院手机工具', 48000.00, 14400.00, 7000.00, 2000.00, NULL, NULL, '2017-12-22', '2017-12-22', 4, 7, 3, '2017-09-26 07:15:09', NULL, 2, 1, 0, NULL, 3, 2, 2, 1, '320'),
	(438, 'OPT000321', NULL, 2, 85, 1, '郑博口腔门诊部教学设备', 160000.00, 48000.00, 24600.00, 7400.00, NULL, NULL, '2017-12-23', '2017-12-23', 4, 7, 3, '2017-09-26 18:25:33', NULL, 2, 1, 0, NULL, 3, 1, 2, 1, '321'),
	(439, 'OPT000322', NULL, 2, 103, 1, '南京市武警医院影像设备', 300000.00, 150000.00, 46200.00, 23100.00, NULL, NULL, '2017-11-30', NULL, 3, 5, 5, '2017-09-28 18:07:54', NULL, 5, 1, 0, NULL, 5, 2, 2, 1, '322'),
	(440, 'OPT000323', NULL, 4, 79, 1, '无锡电力疗养院影像设备', 300000.00, 150000.00, 46200.00, 23100.00, NULL, NULL, '2017-11-24', '2017-11-24', 3, 1, 3, '2017-09-29 12:46:18', NULL, 4, 1, 0, NULL, 3, 1, 2, 1, '323'),
	(472, 'OPT000324', NULL, 2, 101, 1, '南京军区南京药品器材供应站牙椅设备', 254000.00, 101600.00, 39000.00, 15600.00, NULL, NULL, '2017-12-17', '2017-12-17', 4, 7, 5, '2017-10-02 12:06:12', NULL, 2, 1, 0, NULL, 5, 2, 2, 1, '324'),
	(473, 'OPT000325', NULL, 2, 47, 1, '梅州市大埔县人民医院牙椅设备', 254000.00, 101600.00, 39000.00, 15600.00, NULL, NULL, '2017-11-27', '2017-11-27', 2, 1, 5, '2017-10-04 22:58:34', NULL, 4, 1, 0, NULL, 5, 2, 2, 1, '325'),
	(474, 'OPT000326', NULL, 2, 119, 1, '西安优意口腔医院中视野CT手机工具', 33000.00, 9900.00, 5000.00, 2000.00, NULL, NULL, '2017-12-27', '2017-12-27', 4, 7, 6, '2017-10-08 11:02:47', NULL, 2, 1, 0, NULL, 6, 1, 1, 1, '326'),
	(475, 'OPT000327', NULL, 2, 94, 1, '北京中日友好医院手机工具', 100000.00, 30000.00, 15000.00, 5000.00, NULL, NULL, '2017-12-29', '2017-12-29', 4, 7, 6, '2017-10-09 01:46:28', NULL, 2, 1, 0, NULL, 6, 1, 1, 1, '327'),
	(476, 'OPT000328', NULL, 6, 120, 1, '延安大学附属医院牙椅设备', 254000.00, 101600.00, 39000.00, 15600.00, NULL, NULL, '2018-01-30', NULL, 4, 6, 6, '2017-10-09 17:23:48', NULL, 1, 1, 0, NULL, 6, 2, 1, 1, '328'),
	(477, 'OPT000329', NULL, 2, 105, 1, '泗阳县中医院牙椅设备', 254000.00, 101600.00, 39000.00, 15600.00, NULL, NULL, '2017-11-24', '2017-11-24', 2, 7, 5, '2017-10-10 03:27:48', NULL, 2, 1, 0, NULL, 5, 2, 2, 1, '329'),
	(478, 'OPT000330', NULL, 2, 116, 1, '西安联帮口腔手机工具', 33000.00, 9900.00, 5000.00, 2000.00, NULL, NULL, '2017-11-30', NULL, 2, 4, 6, '2017-10-11 14:02:12', NULL, 3, 1, 0, NULL, 6, 1, 1, 1, '330'),
	(479, 'OPT000331', NULL, 2, 92, 1, '北京市口腔医院牙椅设备', 254000.00, 101600.00, 39000.00, 15600.00, NULL, NULL, '2018-02-28', NULL, 4, 6, 6, '2017-10-12 06:35:10', NULL, 1, 1, 0, NULL, 6, 2, 1, 1, '331'),
	(480, 'OPT000332', NULL, 2, 51, 1, '兴宁市人民医院教学设备', 160000.00, 48000.00, 24600.00, 7400.00, NULL, NULL, '2018-02-28', NULL, 4, 6, 5, '2017-10-12 11:34:59', NULL, 1, 1, 0, NULL, 5, 2, 2, 1, '332'),
	(481, 'OPT000333', NULL, 2, 96, 1, '欢乐口腔牙椅设备', 254000.00, 101600.00, 39000.00, 15600.00, NULL, NULL, '2017-11-27', '2017-11-27', 2, 1, 6, '2017-10-13 22:45:25', NULL, 4, 1, 0, NULL, 6, 1, 1, 1, '333'),
	(482, 'OPT000334', NULL, 2, 109, 1, '扬州高邮市中医院牙椅设备', 254000.00, 101600.00, 39000.00, 15600.00, NULL, NULL, '2018-01-30', NULL, 4, 6, 5, '2017-10-15 09:49:38', NULL, 1, 1, 0, NULL, 5, 2, 2, 1, '334'),
	(483, 'OPT000335', NULL, 2, 53, 1, '珠海市口腔医院手机工具', 100000.00, 30000.00, 15000.00, 5000.00, NULL, NULL, '2017-12-20', '2017-12-20', 3, 7, 5, '2017-10-18 20:59:07', NULL, 2, 1, 0, NULL, 5, 2, 2, 1, '335'),
	(484, 'OPT000336', NULL, 2, 93, 1, '北京协和医院影像设备', 690000.00, 345000.00, 106200.00, 53100.00, NULL, NULL, '2017-12-30', NULL, 3, 5, 6, '2017-10-19 01:41:07', NULL, 3, 1, 0, NULL, 6, 2, 1, 1, '336'),
	(485, 'OPT000337', NULL, 2, 117, 1, '西安市第5医院牙椅设备', 254000.00, 101600.00, 39000.00, 15600.00, NULL, NULL, '2017-11-18', '2017-11-18', 2, 1, 6, '2017-10-19 05:39:19', NULL, 4, 1, 0, NULL, 6, 2, 1, 1, '337'),
	(486, 'OPT000338', NULL, 2, 118, 1, '西安市中心医院影像设备', 300000.00, 150000.00, 46200.00, 23100.00, NULL, NULL, '2017-12-07', '2017-12-07', 4, 1, 6, '2017-10-20 13:33:30', NULL, 4, 1, 0, NULL, 6, 2, 1, 1, '338'),
	(487, 'OPT000339', NULL, 2, 98, 1, '江苏省中医院牙椅设备', 254000.00, 101600.00, 39000.00, 15600.00, NULL, NULL, '2017-11-30', NULL, 2, 4, 5, '2017-10-20 16:33:16', NULL, 3, 1, 0, NULL, 5, 2, 2, 1, '339'),
	(488, 'OPT000340', NULL, 2, 52, 1, '友睦齿科影像设备', 1150000.00, 575000.00, 176900.00, 88500.00, NULL, NULL, '2017-12-18', '2017-12-18', 3, 7, 5, '2017-10-21 15:45:31', NULL, 2, 1, 0, NULL, 5, 1, 2, 1, '340'),
	(489, 'OPT000341', NULL, 2, 104, 1, '泗阳胡氏口腔医院手机工具', 29000.00, 8700.00, 4000.00, 1000.00, NULL, NULL, '2017-11-27', '2017-11-27', 1, 7, 5, '2017-10-23 02:58:33', NULL, 2, 1, 0, NULL, 5, 1, 2, 1, '341'),
	(490, 'OPT000342', NULL, 2, 5, 1, '济南市妇幼保健院教学设备', 160000.00, 48000.00, 24600.00, 7400.00, NULL, NULL, '2018-01-30', NULL, 4, 6, 6, '2017-10-24 13:13:51', NULL, 1, 1, 0, NULL, 6, 2, 1, 1, '342'),
	(491, 'OPT000343', NULL, 2, 110, 1, '韩大夫口腔影像设备', 230000.00, 115000.00, 35400.00, 17700.00, NULL, NULL, '2017-11-30', NULL, 2, 4, 6, '2017-10-24 19:35:32', NULL, 5, 1, 0, NULL, 6, 1, 1, 1, '343'),
	(492, 'OPT000344', NULL, 2, 66, 1, '南通市口腔医院牙椅设备', 254000.00, 101600.00, 39000.00, 15600.00, NULL, NULL, '2017-11-30', NULL, 1, 3, 3, '2017-10-25 02:17:21', NULL, 5, 1, 0, NULL, 3, 2, 2, 1, '344'),
	(493, 'OPT000345', NULL, 2, 97, 1, '淮安诺贝尔口腔医院手机工具', 48000.00, 14400.00, 7000.00, 2000.00, NULL, NULL, '2017-12-30', NULL, 1, 3, 5, '2017-10-26 22:11:07', NULL, 3, 1, 0, NULL, 5, 1, 2, 1, '345'),
	(494, 'OPT000346', NULL, 2, 39, 1, '华西口腔种植医院教学设备', 160000.00, 48000.00, 24600.00, 7400.00, NULL, NULL, '2018-01-30', NULL, 4, 6, 3, '2017-10-27 02:21:24', NULL, 1, 1, 0, NULL, 3, 1, 2, 1, '346'),
	(495, 'OPT000347', NULL, 2, 25, 1, '佛山崔医生牙科牙椅设备', 130000.00, 52000.00, 20000.00, 8000.00, NULL, NULL, '2018-01-30', NULL, 4, 6, 5, '2017-10-27 18:32:23', NULL, 1, 1, 0, NULL, 5, 1, 2, 1, '347'),
	(496, 'OPT000348', NULL, 2, 111, 1, '陕西户县森工医院手机工具', 37000.00, 11100.00, 6000.00, 2000.00, NULL, NULL, '2017-12-27', '2017-12-27', 3, 1, 6, '2017-10-27 23:50:07', NULL, 4, 1, 0, NULL, 6, 2, 1, 1, '348'),
	(497, 'OPT000349', NULL, 2, 41, 1, '眉山市青神悦尔口腔教学设备', 160000.00, 48000.00, 24600.00, 7400.00, NULL, NULL, '2018-01-30', NULL, 4, 6, 3, '2017-10-30 02:02:40', NULL, 1, 1, 0, NULL, 3, 1, 2, 1, '349'),
	(503, 'OPT000350', NULL, 2, 55, 1, '峰江街道社区卫生服务中心牙椅设备', 130000.00, 52000.00, 20000.00, 8000.00, NULL, NULL, '2018-01-30', NULL, 4, 6, 3, '2017-11-03 00:03:42', NULL, 1, 1, 0, NULL, 3, 2, 2, 1, '350'),
	(504, 'OPT000351', NULL, 2, 113, 1, '西安拜博920口腔教学设备', 160000.00, 48000.00, 24600.00, 7400.00, NULL, NULL, '2017-12-30', NULL, 2, 4, 6, '2017-11-03 17:02:48', NULL, 5, 1, 0, NULL, 6, 1, 1, 1, '351'),
	(505, 'OPT000352', NULL, 2, 102, 1, '南京浦口中医院影像设备', 230000.00, 115000.00, 35400.00, 17700.00, NULL, NULL, '2017-12-27', '2017-12-27', 3, 7, 5, '2017-11-03 18:19:36', NULL, 2, 1, 0, NULL, 5, 2, 2, 1, '352'),
	(506, 'OPT000353', NULL, 4, 69, 1, '上虞人民医院牙椅设备', 254000.00, 101600.00, 39000.00, 15600.00, NULL, NULL, '2017-12-29', '2017-12-29', 3, 7, 3, '2017-11-04 13:30:24', NULL, 2, 1, 0, NULL, 3, 2, 2, 1, '353'),
	(507, 'OPT000354', NULL, 2, 114, 1, '西安第8医院影像设备', 76500.00, 38250.00, 11800.00, 5900.00, NULL, NULL, '2017-12-30', NULL, 2, 4, 6, '2017-11-04 20:09:47', NULL, 5, 1, 0, NULL, 6, 2, 1, 1, '354'),
	(508, 'OPT000355', NULL, 2, 108, 1, '徐州沛县口腔医院手机工具', 29000.00, 8700.00, 4000.00, 1000.00, NULL, NULL, '2017-12-25', '2017-12-25', 2, 7, 5, '2017-11-06 14:31:54', NULL, 2, 1, 0, NULL, 5, 2, 2, 1, '355'),
	(509, 'OPT000356', NULL, 2, 12, 1, '泰达医院影像设备', 480000.00, 240000.00, 73800.00, 36900.00, NULL, NULL, '2018-01-30', NULL, 4, 6, 6, '2017-11-06 15:42:29', NULL, 1, 1, 0, NULL, 6, 1, 1, 1, '356'),
	(510, 'OPT000357', NULL, 2, 43, 1, '汶川县人民医院影像设备', 76500.00, 38250.00, 11800.00, 5900.00, NULL, NULL, '2018-01-30', NULL, 4, 6, 3, '2017-11-06 20:13:57', NULL, 1, 1, 0, NULL, 3, 2, 2, 1, '357'),
	(511, 'OPT000358', NULL, 2, 31, 1, '南海永福口腔教学设备', 160000.00, 48000.00, 24600.00, 7400.00, NULL, NULL, '2018-01-30', NULL, 4, 6, 5, '2017-11-08 23:25:54', NULL, 1, 1, 0, NULL, 5, 1, 2, 1, '358'),
	(512, 'OPT000359', NULL, 4, 77, 1, '无锡101医院牙椅设备', 254000.00, 101600.00, 39000.00, 15600.00, NULL, NULL, '2017-12-23', '2017-12-23', 2, 7, 3, '2017-11-10 13:48:34', NULL, 2, 1, 0, NULL, 3, 2, 2, 1, '359'),
	(513, 'OPT000360', NULL, 2, 36, 1, '成都瑞泰口腔医院教学设备', 160000.00, 48000.00, 24600.00, 7400.00, NULL, NULL, '2018-01-30', NULL, 4, 6, 3, '2017-11-10 19:36:24', NULL, 1, 1, 0, NULL, 3, 1, 2, 1, '360'),
	(514, 'OPT000361', NULL, 2, 54, 1, '常州北极星口腔门诊部教学设备', NULL, NULL, NULL, NULL, NULL, NULL, '2018-01-30', NULL, 4, 6, 3, '2017-11-11 21:04:54', NULL, 1, 1, 0, NULL, 3, 1, 2, 1, '361'),
	(515, 'OPT000362', NULL, 2, 3, 1, '山东医科大学附属第二医院手机工具', 33000.00, 9900.00, 5000.00, 2000.00, NULL, NULL, '2018-01-30', NULL, 4, 6, 6, '2017-11-11 22:16:46', NULL, 1, 1, 0, NULL, 6, 2, 1, 1, '362'),
	(516, 'OPT000363', NULL, 2, 7, 1, '青岛美伦美口腔门诊部教学设备', 160000.00, 48000.00, 24600.00, 7400.00, NULL, NULL, '2018-01-30', NULL, 4, 6, 6, '2017-11-12 01:40:59', NULL, 1, 1, 0, NULL, 6, 1, 1, 1, '363'),
	(517, 'OPT000364', NULL, 3, 11, 1, '国防大学校医院教学设备', 100000.00, 30000.00, 15000.00, 5000.00, NULL, NULL, '2018-01-30', NULL, 4, 6, 6, '2017-11-12 06:42:12', NULL, 1, 1, 0, NULL, 6, 2, 1, 1, '364'),
	(518, 'OPT000365', NULL, 2, 112, 1, '西安爱雅口腔医院牙椅设备', 254000.00, 101600.00, 39000.00, 15600.00, NULL, NULL, '2017-12-30', NULL, 2, 4, 6, '2017-11-14 00:12:29', NULL, 5, 1, 0, NULL, 6, 1, 1, 1, '365'),
	(519, 'OPT000366', NULL, 2, 24, 1, '大都会国际牙科中心手机工具', 33000.00, 9900.00, 5000.00, 2000.00, NULL, NULL, '2018-01-30', NULL, 4, 6, 5, '2017-11-14 19:28:39', NULL, 1, 1, 0, NULL, 5, 1, 2, 1, '366'),
	(520, 'OPT000367', NULL, 2, 4, 1, '济南金源口腔牙椅设备', 130000.00, 52000.00, 20000.00, 8000.00, NULL, NULL, '2018-01-30', NULL, 4, 6, 6, '2017-11-14 22:34:40', NULL, 1, 1, 0, NULL, 6, 1, 1, 1, '367'),
	(521, 'OPT000368', NULL, 2, 28, 1, '佛山向阳医院教学设备', 100000.00, 30000.00, 15000.00, 5000.00, NULL, NULL, '2018-01-30', NULL, 3, 5, 5, '2017-11-17 10:55:14', NULL, 1, 1, 0, NULL, 5, 1, 2, 1, '368'),
	(522, 'OPT000369', NULL, 2, 83, 1, '镇江第一人民医院手机工具', 29000.00, 8700.00, 4000.00, 1000.00, NULL, NULL, '2017-12-25', '2017-12-25', 2, 7, 3, '2017-11-18 00:26:14', NULL, 2, 1, 0, NULL, 3, 2, 2, 1, '369'),
	(523, 'OPT000370', NULL, 2, 100, 1, '涟水县人民医院手机工具', 48000.00, 14400.00, 7000.00, 2000.00, NULL, NULL, '2017-12-27', '2017-12-27', 2, 7, 5, '2017-11-18 08:44:27', NULL, 2, 1, 0, NULL, 5, 2, 2, 1, '370'),
	(524, 'OPT000371', NULL, 4, 71, 1, '苏州市高新区科技城医院手机工具', 100000.00, 30000.00, 15000.00, 5000.00, NULL, NULL, '2018-01-30', NULL, 2, 4, 3, '2017-11-18 08:57:41', NULL, 1, 1, 0, NULL, 3, 2, 2, 1, '371'),
	(525, 'OPT000372', NULL, 2, 29, 1, '广东协大口腔医院教学设备', 160000.00, 48000.00, 24600.00, 7400.00, NULL, NULL, '2018-01-30', NULL, 3, 5, 5, '2017-11-19 22:26:36', NULL, 1, 1, 0, NULL, 5, 1, 2, 1, '372'),
	(526, 'OPT000373', NULL, 2, 58, 1, '湖州市第一人民医院教学设备', 160000.00, 48000.00, 24600.00, 7400.00, NULL, NULL, '2018-01-30', NULL, 3, 5, 3, '2017-11-20 05:47:17', NULL, 1, 1, 0, NULL, 3, 2, 2, 1, '373'),
	(527, 'OPT000374', NULL, 2, 116, 1, '西安联帮口腔教学设备', 100000.00, 30000.00, 15000.00, 5000.00, NULL, NULL, '2018-03-30', NULL, 4, 6, 6, '2017-11-20 13:23:08', NULL, 1, 1, 0, NULL, 6, 1, 1, 1, '374'),
	(528, 'OPT000375', NULL, 4, 71, 1, '苏州市高新区科技城医院教学设备', 160000.00, 48000.00, 24600.00, 7400.00, NULL, NULL, '2018-02-28', NULL, 4, 6, 3, '2017-11-20 20:05:16', NULL, 1, 1, 0, NULL, 3, 2, 2, 1, '375'),
	(529, 'OPT000376', NULL, 2, 91, 1, '北京航天中心医院(721医院)牙椅设备', 130000.00, 52000.00, 20000.00, 8000.00, NULL, NULL, '2018-02-28', NULL, 4, 6, 6, '2017-11-20 21:08:00', NULL, 1, 1, 0, NULL, 6, 2, 1, 1, '376'),
	(530, 'OPT000377', NULL, 4, 79, 1, '无锡电力疗养院教学设备', 100000.00, 30000.00, 15000.00, 5000.00, NULL, NULL, '2018-03-30', NULL, 4, 6, 3, '2017-11-22 07:32:56', NULL, 1, 1, 0, NULL, 3, 1, 2, 1, '377'),
	(531, 'OPT000378', NULL, 4, 78, 1, '无锡爱牙口腔影像设备', 690000.00, 345000.00, 106200.00, 53100.00, NULL, NULL, '2018-02-28', NULL, 1, 3, 3, '2017-11-22 20:43:47', NULL, 1, 1, 0, NULL, 3, 1, 2, 1, '378'),
	(532, 'OPT000379', NULL, 4, 80, 1, '无锡冯友伟口腔教学设备', 100000.00, 30000.00, 15000.00, 5000.00, NULL, NULL, '2018-03-30', NULL, 4, 6, 3, '2017-11-23 02:47:17', NULL, 1, 1, 0, NULL, 3, 1, 2, 1, '379'),
	(533, 'OPT000380', NULL, 4, 70, 1, '苏州工业园区星海医院影像设备', 570000.00, 285000.00, 87700.00, 43800.00, NULL, NULL, '2017-12-30', NULL, 2, 4, 3, '2017-11-23 13:24:29', NULL, 3, 1, 0, NULL, 3, 2, 2, 1, '380'),
	(534, 'OPT000381', NULL, 2, 42, 1, '眉山市中医院教学设备', 100000.00, 30000.00, 15000.00, 5000.00, NULL, NULL, '2018-01-30', NULL, 3, 5, 3, '2017-11-23 14:06:00', NULL, 1, 1, 0, NULL, 3, 2, 2, 1, '381'),
	(535, 'OPT000382', NULL, 2, 49, 1, '深圳市龙华人民医院教学设备', 160000.00, 48000.00, 24600.00, 7400.00, NULL, NULL, '2018-02-28', NULL, 4, 6, 5, '2017-11-23 21:38:55', NULL, 1, 1, 0, NULL, 5, 2, 2, 1, '382'),
	(536, 'OPT000383', NULL, 2, 50, 1, '深圳市南山区西丽人民医院牙椅设备', 254000.00, 101600.00, 39000.00, 15600.00, NULL, NULL, '2017-12-11', '2017-12-11', 1, 1, 5, '2017-11-24 15:25:29', NULL, 4, 1, 0, NULL, 5, 2, 2, 1, '383'),
	(537, 'OPT000384', NULL, 2, 84, 1, '镇江口腔医院牙椅设备', 254000.00, 101600.00, 39000.00, 15600.00, NULL, NULL, '2017-12-11', '2017-12-11', 2, 1, 3, '2017-11-25 05:27:29', NULL, 4, 1, 0, NULL, 3, 2, 2, 1, '384'),
	(538, 'OPT000385', NULL, 2, 111, 1, '陕西户县森工医院教学设备', 160000.00, 48000.00, 24600.00, 7400.00, NULL, NULL, '2018-03-30', NULL, 4, 6, 6, '2017-11-25 07:09:43', NULL, 1, 1, 0, NULL, 6, 2, 1, 1, '385'),
	(539, 'OPT000386', NULL, 2, 82, 1, '张家港市人民医院影像设备', 230000.00, 115000.00, 35400.00, 17700.00, NULL, NULL, '2017-12-30', NULL, 1, 3, 3, '2017-11-26 08:59:20', NULL, 5, 1, 0, NULL, 3, 2, 2, 1, '386'),
	(540, 'OPT000387', NULL, 2, 30, 1, '恒大中心教学设备', 160000.00, 48000.00, 24600.00, 7400.00, NULL, NULL, '2018-01-30', NULL, 3, 5, 5, '2017-11-26 12:13:41', NULL, 1, 1, 0, NULL, 5, 1, 2, 1, '387'),
	(541, 'OPT000388', NULL, 4, 77, 1, '无锡101医院教学设备', 160000.00, 48000.00, 24600.00, 7400.00, NULL, NULL, '2018-03-30', NULL, 4, 6, 3, '2017-11-26 16:51:20', NULL, 1, 1, 0, NULL, 3, 2, 2, 1, '388'),
	(542, 'OPT000389', NULL, 4, 74, 1, '温岭郎德口腔门诊教学设备', NULL, NULL, NULL, NULL, NULL, NULL, '2018-03-30', NULL, 4, 6, 3, '2017-11-27 02:42:54', NULL, 1, 1, 0, NULL, 3, 1, 2, 1, '389'),
	(543, 'OPT000390', NULL, 2, 50, 1, '深圳市南山区西丽人民医院教学设备', 160000.00, 48000.00, 24600.00, 7400.00, NULL, NULL, '2018-02-28', NULL, 4, 6, 5, '2017-11-27 15:27:17', NULL, 1, 1, 0, NULL, 5, 2, 2, 1, '390'),
	(544, 'OPT000391', NULL, 2, 6, 1, '济南市中医院教学设备', 160000.00, 48000.00, 24600.00, 7400.00, NULL, NULL, '2018-01-30', NULL, 3, 5, 6, '2017-11-28 13:56:33', NULL, 1, 1, 0, NULL, 6, 2, 1, 1, '391'),
	(545, 'OPT000392', NULL, 4, 76, 1, '温州医科大学温州市第三临床学院教学设备', 160000.00, 48000.00, 24600.00, 7400.00, NULL, NULL, '2018-03-30', NULL, 4, 6, 3, '2017-11-29 01:46:50', NULL, 1, 1, 0, NULL, 3, 2, 2, 1, '392'),
	(546, 'OPT000393', NULL, 2, 114, 1, '西安第8医院牙椅设备', 240000.00, 96000.00, 37000.00, 14800.00, NULL, NULL, '2018-03-30', NULL, 4, 6, 6, '2017-11-29 03:30:41', NULL, 1, 1, 0, NULL, 6, 2, 1, 1, '393'),
	(547, 'OPT000394', NULL, 2, 96, 1, '欢乐口腔教学设备', 160000.00, 48000.00, 24600.00, 7400.00, NULL, NULL, '2018-03-30', NULL, 4, 6, 6, '2017-11-29 05:25:49', NULL, 1, 1, 0, NULL, 6, 1, 1, 1, '394'),
	(548, 'OPT000395', NULL, 4, 70, 1, '苏州工业园区星海医院教学设备', 160000.00, 48000.00, 24600.00, 7400.00, NULL, NULL, '2018-02-28', NULL, 4, 6, 3, '2017-11-29 07:08:38', NULL, 1, 1, 0, NULL, 3, 2, 2, 1, '395'),
	(549, 'OPT000396', NULL, 2, 87, 1, '韩亮口腔诊所教学设备', 160000.00, 48000.00, 24600.00, 7400.00, NULL, NULL, '2018-02-28', NULL, 4, 6, 6, '2017-11-29 23:47:05', NULL, 1, 1, 0, NULL, 6, 1, 1, 1, '396'),
	(550, 'OPT000397', NULL, 2, 104, 1, '泗阳胡氏口腔医院影像设备', 76500.00, 38250.00, 11800.00, 5900.00, NULL, NULL, '2018-03-30', NULL, 4, 6, 5, '2017-11-30 00:56:21', NULL, 1, 1, 0, NULL, 5, 1, 2, 1, '397'),
	(566, 'OPT000398', NULL, 2, 17, 1, '天津中北镇社区服务中心教学设备', 160000.00, 48000.00, 24600.00, 7400.00, NULL, NULL, '2018-02-28', NULL, 4, 6, 6, '2017-12-02 05:29:01', NULL, 1, 1, 0, NULL, 6, 2, 1, 1, '398'),
	(567, 'OPT000399', NULL, 3, 10, 1, '北京军区三门诊社区服务中心教学设备', 160000.00, 48000.00, 24600.00, 7400.00, NULL, NULL, '2018-01-30', NULL, 3, 5, 6, '2017-12-02 06:25:52', NULL, 1, 1, 0, NULL, 6, 2, 1, 1, '399'),
	(568, 'OPT000400', NULL, 4, 20, 1, '南宁梁芳丽口腔诊所教学设备', 160000.00, 48000.00, 24600.00, 7400.00, NULL, NULL, '2018-01-30', NULL, 3, 5, 5, '2017-12-02 10:45:45', NULL, 1, 1, 0, NULL, 5, 1, 2, 1, '400'),
	(569, 'OPT000401', NULL, 2, 59, 1, '湖州市中心医院教学设备', 160000.00, 48000.00, 24600.00, 7400.00, NULL, NULL, '2018-02-28', NULL, 4, 6, 3, '2017-12-02 16:17:13', NULL, 1, 1, 0, NULL, 3, 2, 2, 1, '401'),
	(570, 'OPT000402', NULL, 2, 1, 1, '山东麦芽口腔连锁机构教学设备', 160000.00, 48000.00, 24600.00, 7400.00, NULL, NULL, '2018-01-30', NULL, 3, 5, 6, '2017-12-03 07:01:30', NULL, 1, 1, 0, NULL, 6, 1, 1, 1, '402'),
	(571, 'OPT000403', NULL, 2, 34, 1, '若德口腔门诊手机工具', 37000.00, 11100.00, 6000.00, 2000.00, NULL, NULL, '2018-02-28', NULL, 4, 6, 5, '2017-12-03 10:48:53', NULL, 1, 1, 0, NULL, 5, 1, 2, 1, '403'),
	(572, 'OPT000404', NULL, 2, 65, 1, '南京天使口腔门诊教牙椅设备', 130000.00, 52000.00, 20000.00, 8000.00, NULL, NULL, '2018-02-28', NULL, 4, 6, 3, '2017-12-03 15:06:10', NULL, 1, 1, 0, NULL, 3, 1, 2, 1, '404'),
	(573, 'OPT000405', NULL, 2, 84, 1, '镇江口腔医院手机工具', 33000.00, 9900.00, 5000.00, 2000.00, NULL, NULL, '2018-03-30', NULL, 4, 6, 3, '2017-12-03 20:30:53', NULL, 1, 1, 0, NULL, 3, 2, 2, 1, '405'),
	(574, 'OPT000406', NULL, 2, 23, 1, 'Global Dental 儿童诊所影像设备', 230000.00, 115000.00, 35400.00, 17700.00, NULL, NULL, '2018-01-30', NULL, 3, 5, 5, '2017-12-03 20:53:05', NULL, 1, 1, 0, NULL, 5, 1, 2, 1, '406'),
	(575, 'OPT000407', NULL, 2, 90, 1, '北京儿童医院手机工具', 69000.00, 20700.00, 11000.00, 3000.00, NULL, NULL, '2018-02-28', NULL, 4, 6, 6, '2017-12-04 08:51:48', NULL, 1, 1, 0, NULL, 6, 2, 1, 1, '407'),
	(576, 'OPT000408', NULL, 2, 61, 1, '江苏省人民医院教学设备', 160000.00, 48000.00, 24600.00, 7400.00, NULL, NULL, '2018-02-28', NULL, 4, 6, 3, '2017-12-04 19:54:53', NULL, 1, 1, 0, NULL, 3, 2, 2, 1, '408'),
	(577, 'OPT000409', NULL, 2, 13, 1, '天津滨海东江医院手机工具', 29000.00, 8700.00, 4000.00, 1000.00, NULL, NULL, '2018-01-30', NULL, 3, 5, 6, '2017-12-05 01:16:53', NULL, 1, 1, 0, NULL, 6, 2, 1, 1, '409'),
	(578, 'OPT000410', NULL, 2, 22, 1, '宜昌市中心人民医院教学设备', 160000.00, 48000.00, 24600.00, 7400.00, NULL, NULL, '2018-01-30', NULL, 3, 5, 5, '2017-12-05 01:44:35', NULL, 1, 1, 0, NULL, 5, 2, 2, 1, '410'),
	(579, 'OPT000411', NULL, 2, 63, 1, '迈皋桥医院影像设备', 690000.00, 345000.00, 106200.00, 53100.00, NULL, NULL, '2018-02-28', NULL, 4, 6, 3, '2017-12-06 22:51:34', NULL, 1, 1, 0, NULL, 3, 1, 2, 1, '411'),
	(580, 'OPT000412', NULL, 2, 2, 1, '山东省级机关医院影像设备', 300000.00, 150000.00, 46200.00, 23100.00, NULL, NULL, '2018-01-30', NULL, 3, 5, 6, '2017-12-07 05:47:29', NULL, 1, 1, 0, NULL, 6, 2, 1, 1, '412'),
	(581, 'OPT000413', NULL, 2, 66, 1, '南通市口腔医院教学设备', 160000.00, 48000.00, 24600.00, 7400.00, NULL, NULL, '2018-02-28', NULL, 4, 6, 3, '2017-12-07 10:08:16', NULL, 1, 1, 0, NULL, 3, 2, 2, 1, '413'),
	(582, 'OPT000414', NULL, 3, 18, 1, '中国解放军301医院教学设备', 160000.00, 48000.00, 24600.00, 7400.00, NULL, NULL, '2018-02-28', NULL, 4, 6, 6, '2017-12-07 10:54:15', NULL, 1, 1, 0, NULL, 6, 2, 1, 1, '414'),
	(583, 'OPT000415', NULL, 2, 56, 1, '海安县人民医院教学设备', 160000.00, 48000.00, 24600.00, 7400.00, NULL, NULL, '2018-01-30', NULL, 3, 5, 3, '2017-12-07 11:14:46', NULL, 1, 1, 0, NULL, 3, 2, 2, 1, '415'),
	(584, 'OPT000416', NULL, 2, 98, 1, '江苏省中医院教学设备', 160000.00, 48000.00, 24600.00, 7400.00, NULL, NULL, '2018-03-30', NULL, 4, 6, 5, '2017-12-07 13:25:21', NULL, 1, 1, 0, NULL, 5, 2, 2, 1, '416'),
	(585, 'OPT000417', NULL, 2, 93, 1, '北京协和医院教学设备', 160000.00, 48000.00, 24600.00, 7400.00, NULL, NULL, '2018-02-28', NULL, 4, 6, 6, '2017-12-07 23:47:45', NULL, 1, 1, 0, NULL, 6, 2, 1, 1, '417'),
	(586, 'OPT000418', NULL, 2, 88, 1, '明德医院教学设备', 160000.00, 48000.00, 24600.00, 7400.00, NULL, NULL, '2018-02-28', NULL, 4, 6, 6, '2017-12-08 10:46:05', NULL, 1, 1, 0, NULL, 6, 1, 1, 1, '418'),
	(587, 'OPT000419', NULL, 2, 67, 1, '宁海口腔医院教学设备', 160000.00, 48000.00, 24600.00, 7400.00, NULL, NULL, '2018-02-28', NULL, 4, 6, 3, '2017-12-08 16:53:19', NULL, 1, 1, 0, NULL, 3, 2, 2, 1, '419'),
	(588, 'OPT000420', NULL, 3, 9, 1, '中国人民解放军第一七五医院教学设备', 160000.00, 48000.00, 24600.00, 7400.00, NULL, NULL, '2018-01-30', NULL, 2, 4, 6, '2017-12-08 21:18:10', NULL, 1, 1, 0, NULL, 6, 2, 1, 1, '420'),
	(589, 'OPT000421', NULL, 2, 82, 1, '张家港市人民医院教学设备', 160000.00, 48000.00, 24600.00, 7400.00, NULL, NULL, '2018-03-30', NULL, 4, 6, 3, '2017-12-09 14:04:25', NULL, 1, 1, 0, NULL, 3, 2, 2, 1, '421'),
	(590, 'OPT000422', NULL, 2, 106, 1, '熊猫集团医院牙椅设备', 240000.00, 96000.00, 37000.00, 14800.00, NULL, NULL, '2018-03-30', NULL, 4, 6, 5, '2017-12-09 15:13:32', NULL, 1, 1, 0, NULL, 5, 1, 2, 1, '422'),
	(591, 'OPT000423', NULL, 2, 97, 1, '淮安诺贝尔口腔医院教学设备', 160000.00, 48000.00, 24600.00, 7400.00, NULL, NULL, '2018-03-30', NULL, 4, 6, 5, '2017-12-09 15:41:07', NULL, 1, 1, 0, NULL, 5, 1, 2, 1, '423'),
	(592, 'OPT000424', NULL, 2, 118, 1, '西安市中心医院教学设备', 160000.00, 48000.00, 24600.00, 7400.00, NULL, NULL, '2018-03-30', NULL, 4, 6, 6, '2017-12-09 18:30:58', NULL, 1, 1, 0, NULL, 6, 2, 1, 1, '424'),
	(593, 'OPT000425', NULL, 4, 19, 1, '湖北十堰郧西县人民医院教学设备', 160000.00, 48000.00, 24600.00, 7400.00, NULL, NULL, '2018-01-30', NULL, 2, 4, 5, '2017-12-10 06:54:07', NULL, 1, 1, 0, NULL, 5, 2, 2, 1, '425'),
	(594, 'OPT000426', NULL, 2, 68, 1, '山德齿科教学设备', 160000.00, 48000.00, 24600.00, 7400.00, NULL, NULL, '2018-02-28', NULL, 4, 6, 3, '2017-12-10 17:17:07', NULL, 1, 1, 0, NULL, 3, 1, 2, 1, '426'),
	(595, 'OPT000427', NULL, 2, 101, 1, '南京军区南京药品器材供应站教学设备', 160000.00, 48000.00, 24600.00, 7400.00, NULL, NULL, '2018-03-30', NULL, 4, 6, 5, '2017-12-11 08:13:35', NULL, 1, 1, 0, NULL, 5, 2, 2, 1, '427'),
	(596, 'OPT000428', NULL, 2, 45, 1, '福华中西医院教学设备', 160000.00, 48000.00, 24600.00, 7400.00, NULL, NULL, '2018-02-28', NULL, 4, 6, 5, '2017-12-11 16:57:12', NULL, 1, 1, 0, NULL, 5, 1, 2, 1, '428'),
	(597, 'OPT000429', NULL, 2, 92, 1, '北京市口腔医院教学设备', 160000.00, 48000.00, 24600.00, 7400.00, NULL, NULL, '2018-02-28', NULL, 4, 6, 6, '2017-12-11 19:00:00', NULL, 1, 1, 0, NULL, 6, 2, 1, 1, '429'),
	(598, 'OPT000430', NULL, 2, 37, 1, '成都温江劲游牙科教学设备', 160000.00, 48000.00, 24600.00, 7400.00, NULL, NULL, '2018-01-30', NULL, 2, 4, 3, '2017-12-11 19:53:21', NULL, 1, 1, 0, NULL, 3, 1, 2, 1, '430'),
	(599, 'OPT000431', NULL, 6, 120, 1, '延安大学附属医院教学设备', 160000.00, 48000.00, 24600.00, 7400.00, NULL, NULL, '2018-03-30', NULL, 4, 6, 6, '2017-12-13 04:51:37', NULL, 1, 1, 0, NULL, 6, 2, 1, 1, '431'),
	(600, 'OPT000432', NULL, 2, 44, 1, '拜博口腔深圳事业部教学设备', 160000.00, 48000.00, 24600.00, 7400.00, NULL, NULL, '2018-02-28', NULL, 4, 6, 5, '2017-12-13 13:02:58', NULL, 1, 1, 0, NULL, 5, 1, 2, 1, '432'),
	(601, 'OPT000433', NULL, 2, 26, 1, '佛山市口腔医院教学设备', 160000.00, 48000.00, 24600.00, 7400.00, NULL, NULL, '2018-01-30', NULL, 2, 4, 5, '2017-12-13 18:02:32', NULL, 1, 1, 0, NULL, 5, 2, 2, 1, '433'),
	(602, 'OPT000434', NULL, 2, 102, 1, '南京浦口中医院教学设备', 160000.00, 48000.00, 24600.00, 7400.00, NULL, NULL, '2018-03-30', NULL, 4, 6, 5, '2017-12-13 21:47:34', NULL, 1, 1, 0, NULL, 5, 2, 2, 1, '434'),
	(603, 'OPT000435', NULL, 2, 40, 1, '乐山梁医生诊所教学设备', 160000.00, 48000.00, 24600.00, 7400.00, NULL, NULL, '2018-01-30', NULL, 2, 4, 3, '2017-12-13 23:35:07', NULL, 1, 1, 0, NULL, 3, 1, 2, 1, '435'),
	(604, 'OPT000436', NULL, 2, 103, 1, '南京市武警医院教学设备', 100000.00, 30000.00, 15000.00, 5000.00, NULL, NULL, '2018-03-30', NULL, 4, 6, 5, '2017-12-14 11:43:56', NULL, 1, 1, 0, NULL, 5, 2, 2, 1, '436'),
	(605, 'OPT000437', NULL, 2, 86, 1, '北京嘉信泽洋口腔诊所教学设备', 160000.00, 48000.00, 24600.00, 7400.00, NULL, NULL, '2018-02-28', NULL, 4, 6, 6, '2017-12-15 04:18:35', NULL, 1, 1, 0, NULL, 6, 1, 1, 1, '437'),
	(606, 'OPT000438', NULL, 2, 51, 1, '兴宁市人民医院影像设备', 300000.00, 150000.00, 46200.00, 23100.00, NULL, NULL, '2018-02-28', NULL, 4, 6, 5, '2017-12-15 10:42:00', NULL, 1, 1, 0, NULL, 5, 2, 2, 1, '438'),
	(607, 'OPT000439', NULL, 2, 47, 1, '梅州市大埔县人民医院教学设备', 160000.00, 48000.00, 24600.00, 7400.00, NULL, NULL, '2018-02-28', NULL, 4, 6, 5, '2017-12-15 14:04:03', NULL, 1, 1, 0, NULL, 5, 2, 2, 1, '439'),
	(608, 'OPT000440', NULL, 2, 14, 1, '天津人民医院牙椅设备', 130000.00, 52000.00, 20000.00, 8000.00, NULL, NULL, '2018-01-30', NULL, 2, 4, 6, '2017-12-15 17:44:52', NULL, 1, 1, 0, NULL, 6, 2, 1, 1, '440'),
	(609, 'OPT000441', NULL, 2, 46, 1, '林耿真口腔诊所教学设备', 160000.00, 48000.00, 24600.00, 7400.00, NULL, NULL, '2018-02-28', NULL, 4, 6, 5, '2017-12-16 12:23:25', NULL, 1, 1, 0, NULL, 5, 1, 2, 1, '441'),
	(610, 'OPT000442', NULL, 4, 21, 1, '武汉天姿口腔门诊教学设备', 160000.00, 48000.00, 24600.00, 7400.00, NULL, NULL, '2018-01-30', NULL, 2, 4, 5, '2017-12-16 13:18:39', NULL, 1, 1, 0, NULL, 5, 1, 2, 1, '442'),
	(611, 'OPT000443', NULL, 2, 62, 1, '靖江牙博士口腔门诊教学设备', 160000.00, 48000.00, 24600.00, 7400.00, NULL, NULL, '2018-02-28', NULL, 4, 6, 3, '2017-12-16 15:27:20', NULL, 1, 1, 0, NULL, 3, 1, 2, 1, '443'),
	(612, 'OPT000444', NULL, 4, 75, 1, '温州医科大学附属口腔医院牙椅设备', 240000.00, 96000.00, 37000.00, 14800.00, NULL, NULL, '2018-03-30', NULL, 4, 6, 3, '2017-12-17 16:32:38', NULL, 1, 1, 0, NULL, 3, 2, 2, 1, '444'),
	(613, 'OPT000445', NULL, 4, 69, 1, '上虞人民医院教学设备', 160000.00, 48000.00, 24600.00, 7400.00, NULL, NULL, '2018-02-28', NULL, 4, 6, 3, '2017-12-17 20:02:12', NULL, 1, 1, 0, NULL, 3, 2, 2, 1, '445'),
	(614, 'OPT000446', NULL, 2, 60, 1, '键卫口腔教学设备', 160000.00, 48000.00, 24600.00, 7400.00, NULL, NULL, '2018-02-28', NULL, 4, 6, 3, '2017-12-18 01:27:14', NULL, 1, 1, 0, NULL, 3, 1, 2, 1, '446'),
	(615, 'OPT000447', NULL, 2, 8, 1, '青岛市第五医院教学设备', 160000.00, 48000.00, 24600.00, 7400.00, NULL, NULL, '2018-01-30', NULL, 2, 4, 6, '2017-12-18 15:10:30', NULL, 1, 1, 0, NULL, 6, 2, 1, 1, '447'),
	(616, 'OPT000448', NULL, 4, 78, 1, '无锡爱牙口腔教学设备', 160000.00, 48000.00, 24600.00, 7400.00, NULL, NULL, '2018-03-30', NULL, 4, 6, 3, '2017-12-18 20:47:44', NULL, 1, 1, 0, NULL, 3, 1, 2, 1, '448'),
	(617, 'OPT000449', NULL, 2, 85, 1, '郑博口腔门诊部牙椅设备', 240000.00, 96000.00, 37000.00, 14800.00, NULL, NULL, '2018-03-30', NULL, 4, 6, 3, '2017-12-18 21:21:37', NULL, 1, 1, 0, NULL, 3, 1, 2, 1, '449'),
	(618, 'OPT000450', NULL, 2, 99, 1, '连云港妇幼保健医院教学设备', 160000.00, 48000.00, 24600.00, 7400.00, NULL, NULL, '2018-03-30', NULL, 4, 6, 5, '2017-12-18 23:31:22', NULL, 1, 1, 0, NULL, 5, 2, 2, 1, '450'),
	(619, 'OPT000451', NULL, 2, 110, 1, '韩大夫口腔教学设备', 160000.00, 48000.00, 24600.00, 7400.00, NULL, NULL, '2018-03-30', NULL, 4, 6, 6, '2017-12-19 17:31:45', NULL, 1, 1, 0, NULL, 6, 1, 1, 1, '451'),
	(620, 'OPT000452', NULL, 2, 81, 1, '萧山中医院教学设备', 160000.00, 48000.00, 24600.00, 7400.00, NULL, NULL, '2018-03-30', NULL, 4, 6, 3, '2017-12-19 21:20:23', NULL, 1, 1, 0, NULL, 3, 2, 2, 1, '452'),
	(621, 'OPT000453', NULL, 2, 113, 1, '西安拜博920口腔手机工具', 100000.00, 30000.00, 15000.00, 5000.00, NULL, NULL, '2018-03-30', NULL, 4, 6, 6, '2017-12-20 07:59:39', NULL, 1, 1, 0, NULL, 6, 1, 1, 1, '453'),
	(622, 'OPT000454', NULL, 2, 105, 1, '泗阳县中医院手机工具', 100000.00, 30000.00, 15000.00, 5000.00, NULL, NULL, '2018-03-30', NULL, 4, 6, 5, '2017-12-20 17:01:39', NULL, 1, 1, 0, NULL, 5, 2, 2, 1, '454'),
	(623, 'OPT000455', NULL, 2, 95, 1, '朝阳区社区卫生服务管理中心教学设备', 160000.00, 48000.00, 24600.00, 7400.00, NULL, NULL, '2018-03-30', NULL, 4, 6, 6, '2017-12-21 15:11:40', NULL, 1, 1, 0, NULL, 6, 2, 1, 1, '455'),
	(624, 'OPT000456', NULL, 2, 57, 1, '杭州高技街口腔教学设备', 160000.00, 48000.00, 24600.00, 7400.00, NULL, NULL, '2018-01-30', NULL, 2, 4, 3, '2017-12-21 20:43:35', NULL, 1, 1, 0, NULL, 3, 1, 2, 1, '456'),
	(625, 'OPT000457', NULL, 2, 109, 1, '扬州高邮市中医院教学设备', 160000.00, 48000.00, 24600.00, 7400.00, NULL, NULL, '2018-03-30', NULL, 4, 6, 5, '2017-12-21 22:49:54', NULL, 1, 1, 0, NULL, 5, 2, 2, 1, '457'),
	(626, 'OPT000458', NULL, 2, 35, 1, '信宜口腔门诊医院牙椅设备', 130000.00, 52000.00, 20000.00, 8000.00, NULL, NULL, '2018-02-28', NULL, 4, 6, 5, '2017-12-22 14:26:25', NULL, 1, 1, 0, NULL, 5, 1, 2, 1, '458'),
	(627, 'OPT000459', NULL, 2, 27, 1, '佛山天博瑞口腔教学设备', 100000.00, 30000.00, 15000.00, 5000.00, NULL, NULL, '2018-01-30', NULL, 2, 4, 5, '2017-12-22 15:29:53', NULL, 1, 1, 0, NULL, 5, 1, 2, 1, '459'),
	(628, 'OPT000460', NULL, 2, 115, 1, '西安欢乐口腔教学设备', 160000.00, 48000.00, 24600.00, 7400.00, NULL, NULL, '2018-03-30', NULL, 4, 6, 6, '2017-12-22 16:34:54', NULL, 1, 1, 0, NULL, 6, 1, 1, 1, '460'),
	(629, 'OPT000461', NULL, 2, 32, 1, '祈福医院教学设备', 160000.00, 48000.00, 24600.00, 7400.00, NULL, NULL, '2018-02-28', NULL, 3, 5, 5, '2017-12-22 22:04:37', NULL, 1, 1, 0, NULL, 5, 1, 2, 1, '461'),
	(630, 'OPT000462', NULL, 4, 72, 1, '苏州市吴中区人民医院教学设备', 160000.00, 48000.00, 24600.00, 7400.00, NULL, NULL, '2018-03-30', NULL, 4, 6, 3, '2017-12-23 02:17:31', NULL, 1, 1, 0, NULL, 3, 2, 2, 1, '462'),
	(631, 'OPT000463', NULL, 2, 94, 1, '北京中日友好医院教学设备', 160000.00, 48000.00, 24600.00, 7400.00, NULL, NULL, '2018-02-28', NULL, 3, 5, 6, '2017-12-24 12:21:24', NULL, 1, 1, 0, NULL, 6, 1, 1, 1, '463'),
	(632, 'OPT000464', NULL, 2, 100, 1, '涟水县人民医院教学设备', 160000.00, 48000.00, 24600.00, 7400.00, NULL, NULL, '2018-03-30', NULL, 4, 6, 5, '2017-12-25 23:03:04', NULL, 1, 1, 0, NULL, 5, 2, 2, 1, '464'),
	(633, 'OPT000465', NULL, 2, 38, 1, '成都医学院附属医院教学设备', 160000.00, 48000.00, 24600.00, 7400.00, NULL, NULL, '2018-01-30', NULL, 1, 3, 3, '2017-12-26 01:43:14', NULL, 1, 1, 0, NULL, 3, 2, 2, 1, '465'),
	(634, 'OPT000466', NULL, 4, 73, 1, '台州医院路桥分院影像设备', 300000.00, 150000.00, 46200.00, 23100.00, NULL, NULL, '2018-03-30', NULL, 4, 6, 3, '2017-12-26 14:32:26', NULL, 1, 1, 0, NULL, 3, 1, 2, 1, '466'),
	(635, 'OPT000467', NULL, 2, 53, 1, '珠海市口腔医院牙椅设备', 130000.00, 52000.00, 20000.00, 8000.00, NULL, NULL, '2018-02-28', NULL, 3, 5, 5, '2017-12-27 10:08:14', NULL, 1, 1, 0, NULL, 5, 2, 2, 1, '467'),
	(636, 'OPT000468', NULL, 2, 48, 1, '汕头市潮阳区郑则洪口腔诊所教学设备', 160000.00, 48000.00, 24600.00, 7400.00, NULL, NULL, '2018-02-28', NULL, 3, 5, 5, '2017-12-27 12:03:53', NULL, 1, 1, 0, NULL, 5, 1, 2, 1, '468'),
	(637, 'OPT000469', NULL, 2, 15, 1, '天津市口腔医院教学设备', 160000.00, 48000.00, 24600.00, 7400.00, NULL, NULL, '2018-02-28', NULL, 3, 5, 6, '2017-12-27 18:20:48', NULL, 1, 1, 0, NULL, 6, 2, 1, 1, '469'),
	(638, 'OPT000470', NULL, 2, 117, 1, '西安市第5医院教学设备', 100000.00, 30000.00, 15000.00, 5000.00, NULL, NULL, '2018-03-30', NULL, 4, 6, 6, '2017-12-27 19:31:40', NULL, 1, 1, 0, NULL, 6, 2, 1, 1, '470'),
	(639, 'OPT000471', NULL, 2, 52, 1, '友睦齿科手机工具', 100000.00, 30000.00, 15000.00, 5000.00, NULL, NULL, '2018-02-28', NULL, 3, 5, 5, '2017-12-28 15:12:01', NULL, 1, 1, 0, NULL, 5, 1, 2, 1, '471'),
	(640, 'OPT000472', NULL, 2, 119, 1, '西安优意口腔医院中视野CT教学设备', 160000.00, 48000.00, 24600.00, 7400.00, NULL, NULL, '2018-03-30', NULL, 4, 6, 6, '2017-12-29 00:56:29', NULL, 1, 1, 0, NULL, 6, 1, 1, 1, '472'),
	(641, 'OPT000473', NULL, 2, 83, 1, '镇江第一人民医院影像设备', 230000.00, 115000.00, 35400.00, 17700.00, NULL, NULL, '2018-03-30', NULL, 4, 6, 3, '2017-12-29 06:55:12', NULL, 1, 1, 0, NULL, 3, 2, 2, 1, '473'),
	(642, 'OPT000474', NULL, 2, 89, 1, '北京朝阳医院影像设备', 1150000.00, 575000.00, 176900.00, 88500.00, NULL, NULL, '2018-02-28', NULL, 3, 5, 6, '2017-12-29 13:42:10', NULL, 1, 1, 0, NULL, 6, 2, 1, 1, '474'),
	(643, 'OPT000475', NULL, 2, 108, 1, '徐州沛县口腔医院教学设备', 160000.00, 48000.00, 24600.00, 7400.00, NULL, NULL, '2018-03-30', NULL, 4, 6, 5, '2017-12-30 03:52:35', NULL, 1, 1, 0, NULL, 5, 2, 2, 1, '475'),
	(644, 'OPT000476', NULL, 2, 107, 1, '宿迁第一人民医院教学设备', 160000.00, 48000.00, 24600.00, 7400.00, NULL, NULL, '2018-03-30', NULL, 4, 6, 5, '2017-12-30 05:28:15', NULL, 1, 1, 0, NULL, 5, 2, 2, 1, '476'),
	(645, 'OPT000477', NULL, 2, 16, 1, '天津医院教学设备', 160000.00, 48000.00, 24600.00, 7400.00, NULL, NULL, '2018-02-28', NULL, 3, 5, 6, '2017-12-30 13:05:21', NULL, 1, 1, 0, NULL, 6, 2, 1, 1, '477'),
	(646, 'OPT000478', NULL, 2, 64, 1, '南京市口腔医院手机工具', 48000.00, 14400.00, 7000.00, 2000.00, NULL, NULL, '2018-02-28', NULL, 3, 5, 3, '2017-12-30 17:20:31', NULL, 1, 1, 0, NULL, 3, 2, 2, 1, '478'),
	(647, 'OPT000479', NULL, 2, 33, 1, '清远市妇幼保健院影像设备', 690000.00, 345000.00, 106200.00, 53100.00, NULL, NULL, '2018-02-28', NULL, 3, 5, 5, '2017-12-31 07:26:41', NULL, 1, 1, 0, NULL, 5, 2, 2, 1, '479'),
	(648, 'OPT000480', NULL, 2, 112, 1, '西安爱雅口腔医院影像设备', 230000.00, 115000.00, 35400.00, 17700.00, NULL, NULL, '2018-03-30', NULL, 4, 6, 6, '2017-12-31 22:17:24', NULL, 1, 1, 0, NULL, 6, 1, 1, 1, '480');
/*!40000 ALTER TABLE `opt` ENABLE KEYS */;

-- 导出  表 vsms.optagent 结构
DROP TABLE IF EXISTS `optagent`;
CREATE TABLE IF NOT EXISTS `optagent` (
  `id` int(10) NOT NULL AUTO_INCREMENT COMMENT 'ID',
  `optid` int(10) DEFAULT NULL COMMENT '机会id',
  `companyname` varchar(500) DEFAULT NULL COMMENT '单位名称',
  `contact` varchar(500) DEFAULT NULL COMMENT '联系人',
  `tel` varchar(500) DEFAULT NULL COMMENT '电话',
  `mobile` varchar(500) DEFAULT NULL COMMENT '手机',
  `fax` varchar(500) DEFAULT NULL COMMENT '传真',
  `email` varchar(500) DEFAULT NULL COMMENT '邮箱',
  `position` varchar(500) DEFAULT NULL COMMENT '职位',
  `agenttypeid` smallint(5) DEFAULT NULL COMMENT '合作方类型id',
  PRIMARY KEY (`id`)
) ENGINE=InnoDB DEFAULT CHARSET=utf8 COMMENT='机会经销商表';

-- 正在导出表  vsms.optagent 的数据：~0 rows (大约)
/*!40000 ALTER TABLE `optagent` DISABLE KEYS */;
/*!40000 ALTER TABLE `optagent` ENABLE KEYS */;

-- 导出  表 vsms.optcompetitor 结构
DROP TABLE IF EXISTS `optcompetitor`;
CREATE TABLE IF NOT EXISTS `optcompetitor` (
  `id` int(10) NOT NULL AUTO_INCREMENT COMMENT 'ID',
  `optid` int(10) DEFAULT NULL COMMENT '机会id',
  `competitorname` varchar(500) DEFAULT NULL COMMENT '竞争对手名称',
  `productname` text COMMENT '竞争产品',
  `remark` text COMMENT '说明',
  PRIMARY KEY (`id`)
) ENGINE=InnoDB DEFAULT CHARSET=utf8 COMMENT='竞争对手表';

-- 正在导出表  vsms.optcompetitor 的数据：~0 rows (大约)
/*!40000 ALTER TABLE `optcompetitor` DISABLE KEYS */;
/*!40000 ALTER TABLE `optcompetitor` ENABLE KEYS */;

-- 导出  表 vsms.optcontact 结构
DROP TABLE IF EXISTS `optcontact`;
CREATE TABLE IF NOT EXISTS `optcontact` (
  `id` int(10) NOT NULL AUTO_INCREMENT COMMENT 'ID',
  `optid` int(10) DEFAULT NULL COMMENT '机会id',
  `contactid` int(10) DEFAULT NULL COMMENT '联系人id',
  `depart` varchar(500) DEFAULT NULL COMMENT '部门',
  `fullname` varchar(500) DEFAULT NULL COMMENT '姓名',
  `sex` tinyint(1) DEFAULT NULL COMMENT '性别：0-女，1-男',
  `tel` varchar(500) DEFAULT NULL COMMENT '电话',
  `mobile` varchar(500) DEFAULT NULL COMMENT '手机',
  `fax` varchar(500) DEFAULT NULL COMMENT '传真',
  `email` varchar(500) DEFAULT NULL COMMENT '邮箱',
  `qq` varchar(500) DEFAULT NULL COMMENT 'QQ号',
  `wechat` varchar(500) DEFAULT NULL COMMENT '微信号',
  `addr` varchar(500) DEFAULT NULL COMMENT '地址',
  `remark` text COMMENT '备注',
  `role` varchar(500) DEFAULT NULL COMMENT '角色',
  `position` varchar(500) DEFAULT NULL COMMENT '职位',
  `importreferid` varchar(200) DEFAULT NULL COMMENT '导入引用id',
  PRIMARY KEY (`id`),
  UNIQUE KEY `importreferid` (`importreferid`)
) ENGINE=InnoDB DEFAULT CHARSET=utf8 COMMENT='机会联系人表';

-- 正在导出表  vsms.optcontact 的数据：~480 rows (大约)
/*!40000 ALTER TABLE `optcontact` DISABLE KEYS */;
INSERT INTO `optcontact` (`id`, `optid`, `contactid`, `depart`, `fullname`, `sex`, `tel`, `mobile`, `fax`, `email`, `qq`, `wechat`, `addr`, `remark`, `role`, `position`, `importreferid`) VALUES
	(1, 1, 42, '口腔科', '孙林涛', 1, '88888888', '13666668888', '66666666', 'demo@ql-crm.com', NULL, NULL, NULL, NULL, '使用者', '医生', '1'),
	(2, 2, 77, '口腔科', '叶海荣', 1, '88888888', '13666668888', '66666666', 'demo@ql-crm.com', NULL, NULL, NULL, NULL, '使用者', '医生', '2'),
	(3, 3, 83, '口腔科', '任亮亮', 1, '88888888', '13666668888', '66666666', 'demo@ql-crm.com', NULL, NULL, NULL, NULL, '使用者', '医生', '3'),
	(4, 4, 41, '口腔科', '苏海宁', 1, '88888888', '13666668888', '66666666', 'demo@ql-crm.com', NULL, NULL, NULL, NULL, '使用者', '医生', '4'),
	(5, 5, 2, '口腔科', '姚雷雷', 0, '88888888', '13666668888', '66666666', 'demo@ql-crm.com', NULL, NULL, NULL, NULL, '使用者', '医生', '5'),
	(6, 6, 110, '口腔科', '姚松柏', 1, '88888888', '13666668888', '66666666', 'demo@ql-crm.com', NULL, NULL, NULL, NULL, '使用者', '医生', '6'),
	(7, 7, 107, '口腔科', '王先进', 1, '88888888', '13666668888', '66666666', 'demo@ql-crm.com', NULL, NULL, NULL, NULL, '使用者', '医生', '7'),
	(8, 8, 36, '口腔科', '夏斯洋', 1, '88888888', '13666668888', '66666666', 'demo@ql-crm.com', NULL, NULL, NULL, NULL, '使用者', '医生', '8'),
	(9, 9, 43, '口腔科', '江卫东', 1, '88888888', '13666668888', '66666666', 'demo@ql-crm.com', NULL, NULL, NULL, NULL, '使用者', '医生', '9'),
	(10, 10, 68, '口腔科', '童希明', 1, '88888888', '13666668888', '66666666', 'demo@ql-crm.com', NULL, NULL, NULL, NULL, '使用者', '医生', '10'),
	(11, 11, 37, '口腔科', '丁新胜', 1, '88888888', '13666668888', '66666666', 'demo@ql-crm.com', NULL, NULL, NULL, NULL, '使用者', '医生', '11'),
	(12, 12, 70, '口腔科', '范琳辉', 1, '88888888', '13666668888', '66666666', 'demo@ql-crm.com', NULL, NULL, NULL, NULL, '使用者', '医生', '12'),
	(13, 13, 114, '口腔科', '宋云龙', 1, '88888888', '13666668888', '66666666', 'demo@ql-crm.com', NULL, NULL, NULL, NULL, '使用者', '医生', '13'),
	(14, 14, 28, '口腔科', '李光源', 1, '88888888', '13666668888', '66666666', 'demo@ql-crm.com', NULL, NULL, NULL, NULL, '使用者', '医生', '14'),
	(15, 15, 29, '口腔科', '季雪峰', 1, '88888888', '13666668888', '66666666', 'demo@ql-crm.com', NULL, NULL, NULL, NULL, '使用者', '医生', '15'),
	(16, 16, 69, '口腔科', '韩国富', 1, '88888888', '13666668888', '66666666', 'demo@ql-crm.com', NULL, NULL, NULL, NULL, '使用者', '医生', '16'),
	(17, 17, 82, '口腔科', '梁源', 1, '88888888', '13666668888', '66666666', 'demo@ql-crm.com', NULL, NULL, NULL, NULL, '使用者', '医生', '17'),
	(18, 18, 117, '口腔科', '姚恒山', 1, '88888888', '13666668888', '66666666', 'demo@ql-crm.com', NULL, NULL, NULL, NULL, '使用者', '医生', '18'),
	(19, 19, 31, '口腔科', '邓亮', 1, '88888888', '13666668888', '66666666', 'demo@ql-crm.com', NULL, NULL, NULL, NULL, '使用者', '医生', '19'),
	(20, 20, 71, '口腔科', '王建剑', 1, '88888888', '13666668888', '66666666', 'demo@ql-crm.com', NULL, NULL, NULL, NULL, '使用者', '医生', '20'),
	(21, 21, 35, '口腔科', '庄国卫', 1, '88888888', '13666668888', '66666666', 'demo@ql-crm.com', NULL, NULL, NULL, NULL, '使用者', '医生', '21'),
	(22, 22, 80, '口腔科', '蔡伟峰', 1, '88888888', '13666668888', '66666666', 'demo@ql-crm.com', NULL, NULL, NULL, NULL, '使用者', '医生', '22'),
	(23, 23, 1, '口腔科', '肖道春', 1, '88888888', '13666668888', '66666666', 'demo@ql-crm.com', NULL, NULL, NULL, NULL, '使用者', '医生', '23'),
	(24, 24, 76, '口腔科', '梁源', 1, '88888888', '13666668888', '66666666', 'demo@ql-crm.com', NULL, NULL, NULL, NULL, '使用者', '医生', '24'),
	(25, 25, 118, '口腔科', '周维民', 1, '88888888', '13666668888', '66666666', 'demo@ql-crm.com', NULL, NULL, NULL, NULL, '使用者', '医生', '25'),
	(26, 26, 46, '口腔科', '饶波', 1, '88888888', '13666668888', '66666666', 'demo@ql-crm.com', NULL, NULL, NULL, NULL, '使用者', '医生', '26'),
	(27, 27, 6, '口腔科', '许春敏', 1, '88888888', '13666668888', '66666666', 'demo@ql-crm.com', NULL, NULL, NULL, NULL, '使用者', '医生', '27'),
	(28, 28, 38, '口腔科', '张巍', 1, '88888888', '13666668888', '66666666', 'demo@ql-crm.com', NULL, NULL, NULL, NULL, '使用者', '医生', '28'),
	(29, 29, 119, '口腔科', '李海强', 1, '88888888', '13666668888', '66666666', 'demo@ql-crm.com', NULL, NULL, NULL, NULL, '使用者', '医生', '29'),
	(30, 30, 78, '口腔科', '阮仁权', 1, '88888888', '13666668888', '66666666', 'demo@ql-crm.com', NULL, NULL, NULL, NULL, '使用者', '医生', '30'),
	(31, 31, 115, '口腔科', '卢志学', 1, '88888888', '13666668888', '66666666', 'demo@ql-crm.com', NULL, NULL, NULL, NULL, '使用者', '医生', '31'),
	(32, 32, 81, '口腔科', '钱考锦', 1, '88888888', '13666668888', '66666666', 'demo@ql-crm.com', NULL, NULL, NULL, NULL, '使用者', '医生', '32'),
	(33, 33, 108, '口腔科', '舒春燕', 0, '88888888', '13666668888', '66666666', 'demo@ql-crm.com', NULL, NULL, NULL, NULL, '使用者', '医生', '33'),
	(34, 34, 47, '口腔科', '陈则劭', 1, '88888888', '13666668888', '66666666', 'demo@ql-crm.com', NULL, NULL, NULL, NULL, '使用者', '医生', '34'),
	(35, 35, 120, '口腔科', '刘振宇', 1, '88888888', '13666668888', '66666666', 'demo@ql-crm.com', NULL, NULL, NULL, NULL, '使用者', '医生', '35'),
	(36, 36, 109, '口腔科', '朱婷婷', 0, '88888888', '13666668888', '66666666', 'demo@ql-crm.com', NULL, NULL, NULL, NULL, '使用者', '医生', '36'),
	(37, 37, 74, '口腔科', '宋道鹏', 1, '88888888', '13666668888', '66666666', 'demo@ql-crm.com', NULL, NULL, NULL, NULL, '使用者', '医生', '37'),
	(38, 38, 75, '口腔科', '钱考锦', 1, '88888888', '13666668888', '66666666', 'demo@ql-crm.com', NULL, NULL, NULL, NULL, '使用者', '医生', '38'),
	(39, 39, 116, '口腔科', '李景荣', 1, '88888888', '13666668888', '66666666', 'demo@ql-crm.com', NULL, NULL, NULL, NULL, '使用者', '医生', '39'),
	(40, 40, 44, '口腔科', '汪世航', 1, '88888888', '13666668888', '66666666', 'demo@ql-crm.com', NULL, NULL, NULL, NULL, '使用者', '医生', '40'),
	(41, 41, 86, '口腔科', '金明星', 1, '88888888', '13666668888', '66666666', 'demo@ql-crm.com', NULL, NULL, NULL, NULL, '使用者', '医生', '41'),
	(42, 42, 3, '口腔科', '田树宏', 1, '88888888', '13666668888', '66666666', 'demo@ql-crm.com', NULL, NULL, NULL, NULL, '使用者', '医生', '42'),
	(43, 43, 114, '口腔科', '宋云龙', 1, '88888888', '13666668888', '66666666', 'demo@ql-crm.com', NULL, NULL, NULL, NULL, '使用者', '医生', '43'),
	(44, 44, 112, '口腔科', '杨华山', 1, '88888888', '13666668888', '66666666', 'demo@ql-crm.com', NULL, NULL, NULL, NULL, '使用者', '医生', '44'),
	(45, 45, 4, '口腔科', '杨海华', 0, '88888888', '13666668888', '66666666', 'demo@ql-crm.com', NULL, NULL, NULL, NULL, '使用者', '医生', '45'),
	(46, 46, 89, '口腔科', '曹太群', 1, '88888888', '13666668888', '66666666', 'demo@ql-crm.com', NULL, NULL, NULL, NULL, '使用者', '医生', '46'),
	(47, 47, 30, '口腔科', '王大培', 1, '88888888', '13666668888', '66666666', 'demo@ql-crm.com', NULL, NULL, NULL, NULL, '使用者', '医生', '47'),
	(48, 48, 116, '口腔科', '李景荣', 1, '88888888', '13666668888', '66666666', 'demo@ql-crm.com', NULL, NULL, NULL, NULL, '使用者', '医生', '48'),
	(49, 49, 77, '口腔科', '叶海荣', 1, '88888888', '13666668888', '66666666', 'demo@ql-crm.com', NULL, NULL, NULL, NULL, '使用者', '医生', '49'),
	(50, 50, 45, '口腔科', '田树宏', 1, '88888888', '13666668888', '66666666', 'demo@ql-crm.com', NULL, NULL, NULL, NULL, '使用者', '医生', '50'),
	(51, 51, 41, '口腔科', '苏海宁', 1, '88888888', '13666668888', '66666666', 'demo@ql-crm.com', NULL, NULL, NULL, NULL, '使用者', '医生', '51'),
	(52, 52, 74, '口腔科', '宋道鹏', 1, '88888888', '13666668888', '66666666', 'demo@ql-crm.com', NULL, NULL, NULL, NULL, '使用者', '医生', '52'),
	(53, 53, 32, '口腔科', '毛瑜', 1, '88888888', '13666668888', '66666666', 'demo@ql-crm.com', NULL, NULL, NULL, NULL, '使用者', '医生', '53'),
	(54, 54, 82, '口腔科', '梁源', 1, '88888888', '13666668888', '66666666', 'demo@ql-crm.com', NULL, NULL, NULL, NULL, '使用者', '医生', '54'),
	(55, 55, 7, '口腔科', '倪春飞', 1, '88888888', '13666668888', '66666666', 'demo@ql-crm.com', NULL, NULL, NULL, NULL, '使用者', '医生', '55'),
	(56, 56, 5, '口腔科', '水新荣', 1, '88888888', '13666668888', '66666666', 'demo@ql-crm.com', NULL, NULL, NULL, NULL, '使用者', '医生', '56'),
	(57, 57, 72, '口腔科', '王文俊', 1, '88888888', '13666668888', '66666666', 'demo@ql-crm.com', NULL, NULL, NULL, NULL, '使用者', '医生', '57'),
	(58, 58, 3, '口腔科', '田树宏', 1, '88888888', '13666668888', '66666666', 'demo@ql-crm.com', NULL, NULL, NULL, NULL, '使用者', '医生', '58'),
	(59, 59, 84, '口腔科', '顾利峰', 1, '88888888', '13666668888', '66666666', 'demo@ql-crm.com', NULL, NULL, NULL, NULL, '使用者', '医生', '59'),
	(60, 60, 73, '口腔科', '柳振华', 1, '88888888', '13666668888', '66666666', 'demo@ql-crm.com', NULL, NULL, NULL, NULL, '使用者', '医生', '60'),
	(61, 61, 83, '口腔科', '任亮亮', 1, '88888888', '13666668888', '66666666', 'demo@ql-crm.com', NULL, NULL, NULL, NULL, '使用者', '医生', '61'),
	(62, 62, 36, '口腔科', '夏斯洋', 1, '88888888', '13666668888', '66666666', 'demo@ql-crm.com', NULL, NULL, NULL, NULL, '使用者', '医生', '62'),
	(63, 63, 8, '口腔科', '殷博', 1, '88888888', '13666668888', '66666666', 'demo@ql-crm.com', NULL, NULL, NULL, NULL, '使用者', '医生', '63'),
	(64, 64, 34, '口腔科', '严栋梁', 1, '88888888', '13666668888', '66666666', 'demo@ql-crm.com', NULL, NULL, NULL, NULL, '使用者', '医生', '64'),
	(65, 65, 9, '口腔科', '李从全', 1, '88888888', '13666668888', '66666666', 'demo@ql-crm.com', NULL, NULL, NULL, NULL, '使用者', '医生', '65'),
	(66, 66, 111, '口腔科', '王新', 1, '88888888', '13666668888', '66666666', 'demo@ql-crm.com', NULL, NULL, NULL, NULL, '使用者', '医生', '66'),
	(67, 67, 40, '口腔科', '郑圣平', 1, '88888888', '13666668888', '66666666', 'demo@ql-crm.com', NULL, NULL, NULL, NULL, '使用者', '医生', '67'),
	(68, 68, 79, '口腔科', '蔡红亮', 1, '88888888', '13666668888', '66666666', 'demo@ql-crm.com', NULL, NULL, NULL, NULL, '使用者', '医生', '68'),
	(69, 69, 50, '口腔科', '季雪峰', 1, '88888888', '13666668888', '66666666', 'demo@ql-crm.com', NULL, NULL, NULL, NULL, '使用者', '医生', '69'),
	(70, 70, 49, '口腔科', '李光源', 1, '88888888', '13666668888', '66666666', 'demo@ql-crm.com', NULL, NULL, NULL, NULL, '使用者', '医生', '70'),
	(71, 71, 113, '口腔科', '江步凡', 1, '88888888', '13666668888', '66666666', 'demo@ql-crm.com', NULL, NULL, NULL, NULL, '使用者', '医生', '71'),
	(72, 72, 85, '口腔科', '高经理', 1, '88888888', '13666668888', '66666666', 'demo@ql-crm.com', NULL, NULL, NULL, NULL, '使用者', '医生', '72'),
	(73, 73, 87, '口腔科', '叶海荣', 1, '88888888', '13666668888', '66666666', 'demo@ql-crm.com', NULL, NULL, NULL, NULL, '使用者', '医生', '73'),
	(74, 74, 13, '口腔科', '蔡东春', 1, '88888888', '13666668888', '66666666', 'demo@ql-crm.com', NULL, NULL, NULL, NULL, '使用者', '医生', '74'),
	(75, 75, 92, '口腔科', '王大培', 1, '88888888', '13666668888', '66666666', 'demo@ql-crm.com', NULL, NULL, NULL, NULL, '使用者', '医生', '75'),
	(76, 76, 43, '口腔科', '江卫东', 1, '88888888', '13666668888', '66666666', 'demo@ql-crm.com', NULL, NULL, NULL, NULL, '使用者', '医生', '76'),
	(77, 77, 42, '口腔科', '孙林涛', 1, '88888888', '13666668888', '66666666', 'demo@ql-crm.com', NULL, NULL, NULL, NULL, '使用者', '医生', '77'),
	(78, 78, 10, '口腔科', '严茂军', 1, '88888888', '13666668888', '66666666', 'demo@ql-crm.com', NULL, NULL, NULL, NULL, '使用者', '医生', '78'),
	(79, 79, 33, '口腔科', '梁源', 1, '88888888', '13666668888', '66666666', 'demo@ql-crm.com', NULL, NULL, NULL, NULL, '使用者', '医生', '79'),
	(80, 80, 48, '口腔科', '徐振华', 0, '88888888', '13666668888', '66666666', 'demo@ql-crm.com', NULL, NULL, NULL, NULL, '使用者', '医生', '80'),
	(81, 81, 39, '口腔科', '侯丽敏', 1, '88888888', '13666668888', '66666666', 'demo@ql-crm.com', NULL, NULL, NULL, NULL, '使用者', '医生', '81'),
	(82, 82, 1, '口腔科', '肖道春', 1, '88888888', '13666668888', '66666666', 'demo@ql-crm.com', NULL, NULL, NULL, NULL, '使用者', '医生', '82'),
	(83, 83, 11, '口腔科', '郑圣平', 1, '88888888', '13666668888', '66666666', 'demo@ql-crm.com', NULL, NULL, NULL, NULL, '使用者', '医生', '83'),
	(84, 84, 81, '口腔科', '钱考锦', 1, '88888888', '13666668888', '66666666', 'demo@ql-crm.com', NULL, NULL, NULL, NULL, '使用者', '医生', '84'),
	(85, 85, 115, '口腔科', '卢志学', 1, '88888888', '13666668888', '66666666', 'demo@ql-crm.com', NULL, NULL, NULL, NULL, '使用者', '医生', '85'),
	(128, 128, 5, '口腔科', '水新荣', 1, '88888888', '13666668888', '66666666', 'demo@ql-crm.com', NULL, NULL, NULL, NULL, '使用者', '医生', '86'),
	(129, 129, 80, '口腔科', '蔡伟峰', 1, '88888888', '13666668888', '66666666', 'demo@ql-crm.com', NULL, NULL, NULL, NULL, '使用者', '医生', '87'),
	(130, 130, 37, '口腔科', '丁新胜', 1, '88888888', '13666668888', '66666666', 'demo@ql-crm.com', NULL, NULL, NULL, NULL, '使用者', '医生', '88'),
	(131, 131, 44, '口腔科', '汪世航', 1, '88888888', '13666668888', '66666666', 'demo@ql-crm.com', NULL, NULL, NULL, NULL, '使用者', '医生', '89'),
	(132, 132, 40, '口腔科', '郑圣平', 1, '88888888', '13666668888', '66666666', 'demo@ql-crm.com', NULL, NULL, NULL, NULL, '使用者', '医生', '90'),
	(133, 133, 12, '口腔科', '韩寅驰', 1, '88888888', '13666668888', '66666666', 'demo@ql-crm.com', NULL, NULL, NULL, NULL, '使用者', '医生', '91'),
	(134, 134, 76, '口腔科', '梁源', 1, '88888888', '13666668888', '66666666', 'demo@ql-crm.com', NULL, NULL, NULL, NULL, '使用者', '医生', '92'),
	(135, 135, 4, '口腔科', '杨海华', 0, '88888888', '13666668888', '66666666', 'demo@ql-crm.com', NULL, NULL, NULL, NULL, '使用者', '医生', '93'),
	(136, 136, 90, '口腔科', '王彬', 1, '88888888', '13666668888', '66666666', 'demo@ql-crm.com', NULL, NULL, NULL, NULL, '使用者', '医生', '94'),
	(137, 137, 35, '口腔科', '庄国卫', 1, '88888888', '13666668888', '66666666', 'demo@ql-crm.com', NULL, NULL, NULL, NULL, '使用者', '医生', '95'),
	(138, 138, 88, '口腔科', '阮仁权', 1, '88888888', '13666668888', '66666666', 'demo@ql-crm.com', NULL, NULL, NULL, NULL, '使用者', '医生', '96'),
	(139, 139, 120, '口腔科', '刘振宇', 1, '88888888', '13666668888', '66666666', 'demo@ql-crm.com', NULL, NULL, NULL, NULL, '使用者', '医生', '97'),
	(140, 140, 75, '口腔科', '钱考锦', 1, '88888888', '13666668888', '66666666', 'demo@ql-crm.com', NULL, NULL, NULL, NULL, '使用者', '医生', '98'),
	(141, 141, 39, '口腔科', '侯丽敏', 1, '88888888', '13666668888', '66666666', 'demo@ql-crm.com', NULL, NULL, NULL, NULL, '使用者', '医生', '99'),
	(142, 142, 2, '口腔科', '姚雷雷', 0, '88888888', '13666668888', '66666666', 'demo@ql-crm.com', NULL, NULL, NULL, NULL, '使用者', '医生', '100'),
	(143, 143, 118, '口腔科', '周维民', 1, '88888888', '13666668888', '66666666', 'demo@ql-crm.com', NULL, NULL, NULL, NULL, '使用者', '医生', '101'),
	(144, 144, 86, '口腔科', '金明星', 1, '88888888', '13666668888', '66666666', 'demo@ql-crm.com', NULL, NULL, NULL, NULL, '使用者', '医生', '102'),
	(145, 145, 38, '口腔科', '张巍', 1, '88888888', '13666668888', '66666666', 'demo@ql-crm.com', NULL, NULL, NULL, NULL, '使用者', '医生', '103'),
	(146, 146, 53, '口腔科', '范琳辉', 1, '88888888', '13666668888', '66666666', 'demo@ql-crm.com', NULL, NULL, NULL, NULL, '使用者', '医生', '104'),
	(147, 147, 7, '口腔科', '倪春飞', 1, '88888888', '13666668888', '66666666', 'demo@ql-crm.com', NULL, NULL, NULL, NULL, '使用者', '医生', '105'),
	(148, 148, 117, '口腔科', '姚恒山', 1, '88888888', '13666668888', '66666666', 'demo@ql-crm.com', NULL, NULL, NULL, NULL, '使用者', '医生', '106'),
	(149, 149, 48, '口腔科', '徐振华', 0, '88888888', '13666668888', '66666666', 'demo@ql-crm.com', NULL, NULL, NULL, NULL, '使用者', '医生', '107'),
	(150, 150, 47, '口腔科', '陈则劭', 1, '88888888', '13666668888', '66666666', 'demo@ql-crm.com', NULL, NULL, NULL, NULL, '使用者', '医生', '108'),
	(151, 151, 56, '口腔科', '柳振华', 1, '88888888', '13666668888', '66666666', 'demo@ql-crm.com', NULL, NULL, NULL, NULL, '使用者', '医生', '109'),
	(159, 159, 94, '口腔科', '毛瑜', 1, '88888888', '13666668888', '66666666', 'demo@ql-crm.com', NULL, NULL, NULL, NULL, '使用者', '医生', '110'),
	(160, 160, 6, '口腔科', '许春敏', 1, '88888888', '13666668888', '66666666', 'demo@ql-crm.com', NULL, NULL, NULL, NULL, '使用者', '医生', '111'),
	(161, 161, 52, '口腔科', '韩国富', 1, '88888888', '13666668888', '66666666', 'demo@ql-crm.com', NULL, NULL, NULL, NULL, '使用者', '医生', '112'),
	(162, 162, 43, '口腔科', '江卫东', 1, '88888888', '13666668888', '66666666', 'demo@ql-crm.com', NULL, NULL, NULL, NULL, '使用者', '医生', '113'),
	(163, 163, 93, '口腔科', '邓亮', 1, '88888888', '13666668888', '66666666', 'demo@ql-crm.com', NULL, NULL, NULL, NULL, '使用者', '医生', '114'),
	(164, 164, 46, '口腔科', '饶波', 1, '88888888', '13666668888', '66666666', 'demo@ql-crm.com', NULL, NULL, NULL, NULL, '使用者', '医生', '115'),
	(165, 165, 45, '口腔科', '田树宏', 1, '88888888', '13666668888', '66666666', 'demo@ql-crm.com', NULL, NULL, NULL, NULL, '使用者', '医生', '116'),
	(166, 166, 119, '口腔科', '李海强', 1, '88888888', '13666668888', '66666666', 'demo@ql-crm.com', NULL, NULL, NULL, NULL, '使用者', '医生', '117'),
	(167, 167, 78, '口腔科', '阮仁权', 1, '88888888', '13666668888', '66666666', 'demo@ql-crm.com', NULL, NULL, NULL, NULL, '使用者', '医生', '118'),
	(168, 168, 41, '口腔科', '苏海宁', 1, '88888888', '13666668888', '66666666', 'demo@ql-crm.com', NULL, NULL, NULL, NULL, '使用者', '医生', '119'),
	(169, 169, 91, '口腔科', '虞立顺', 1, '88888888', '13666668888', '66666666', 'demo@ql-crm.com', NULL, NULL, NULL, NULL, '使用者', '医生', '120'),
	(170, 170, 3, '口腔科', '田树宏', 1, '88888888', '13666668888', '66666666', 'demo@ql-crm.com', NULL, NULL, NULL, NULL, '使用者', '医生', '121'),
	(171, 171, 84, '口腔科', '顾利峰', 1, '88888888', '13666668888', '66666666', 'demo@ql-crm.com', NULL, NULL, NULL, NULL, '使用者', '医生', '122'),
	(172, 172, 85, '口腔科', '高经理', 1, '88888888', '13666668888', '66666666', 'demo@ql-crm.com', NULL, NULL, NULL, NULL, '使用者', '医生', '123'),
	(173, 173, 4, '口腔科', '杨海华', 0, '88888888', '13666668888', '66666666', 'demo@ql-crm.com', NULL, NULL, NULL, NULL, '使用者', '医生', '124'),
	(174, 174, 8, '口腔科', '殷博', 1, '88888888', '13666668888', '66666666', 'demo@ql-crm.com', NULL, NULL, NULL, NULL, '使用者', '医生', '125'),
	(175, 175, 79, '口腔科', '蔡红亮', 1, '88888888', '13666668888', '66666666', 'demo@ql-crm.com', NULL, NULL, NULL, NULL, '使用者', '医生', '126'),
	(176, 176, 83, '口腔科', '任亮亮', 1, '88888888', '13666668888', '66666666', 'demo@ql-crm.com', NULL, NULL, NULL, NULL, '使用者', '医生', '127'),
	(177, 177, 14, '口腔科', '吴金金', 0, '88888888', '13666668888', '66666666', 'demo@ql-crm.com', NULL, NULL, NULL, NULL, '使用者', '医生', '128'),
	(178, 178, 81, '口腔科', '钱考锦', 1, '88888888', '13666668888', '66666666', 'demo@ql-crm.com', NULL, NULL, NULL, NULL, '使用者', '医生', '129'),
	(179, 179, 51, '口腔科', '童希明', 1, '88888888', '13666668888', '66666666', 'demo@ql-crm.com', NULL, NULL, NULL, NULL, '使用者', '医生', '130'),
	(180, 180, 93, '口腔科', '邓亮', 1, '88888888', '13666668888', '66666666', 'demo@ql-crm.com', NULL, NULL, NULL, NULL, '使用者', '医生', '131'),
	(181, 181, 15, '口腔科', '杨勇', 1, '88888888', '13666668888', '66666666', 'demo@ql-crm.com', NULL, NULL, NULL, NULL, '使用者', '医生', '132'),
	(182, 182, 87, '口腔科', '叶海荣', 1, '88888888', '13666668888', '66666666', 'demo@ql-crm.com', NULL, NULL, NULL, NULL, '使用者', '医生', '133'),
	(183, 183, 11, '口腔科', '郑圣平', 1, '88888888', '13666668888', '66666666', 'demo@ql-crm.com', NULL, NULL, NULL, NULL, '使用者', '医生', '134'),
	(184, 184, 19, '口腔科', '凌毅', 1, '88888888', '13666668888', '66666666', 'demo@ql-crm.com', NULL, NULL, NULL, NULL, '使用者', '医生', '135'),
	(185, 185, 42, '口腔科', '孙林涛', 1, '88888888', '13666668888', '66666666', 'demo@ql-crm.com', NULL, NULL, NULL, NULL, '使用者', '医生', '136'),
	(186, 186, 58, '口腔科', '蔡红亮', 1, '88888888', '13666668888', '66666666', 'demo@ql-crm.com', NULL, NULL, NULL, NULL, '使用者', '医生', '137'),
	(187, 187, 96, '口腔科', '严栋梁', 1, '88888888', '13666668888', '66666666', 'demo@ql-crm.com', NULL, NULL, NULL, NULL, '使用者', '医生', '138'),
	(188, 188, 84, '口腔科', '顾利峰', 1, '88888888', '13666668888', '66666666', 'demo@ql-crm.com', NULL, NULL, NULL, NULL, '使用者', '医生', '139'),
	(189, 189, 16, '口腔科', '詹初盛', 1, '88888888', '13666668888', '66666666', 'demo@ql-crm.com', NULL, NULL, NULL, NULL, '使用者', '医生', '140'),
	(190, 190, 9, '口腔科', '李从全', 1, '88888888', '13666668888', '66666666', 'demo@ql-crm.com', NULL, NULL, NULL, NULL, '使用者', '医生', '141'),
	(191, 191, 85, '口腔科', '高经理', 1, '88888888', '13666668888', '66666666', 'demo@ql-crm.com', NULL, NULL, NULL, NULL, '使用者', '医生', '142'),
	(192, 192, 59, '口腔科', '蔡伟峰', 1, '88888888', '13666668888', '66666666', 'demo@ql-crm.com', NULL, NULL, NULL, NULL, '使用者', '医生', '143'),
	(222, 222, 47, '口腔科', '陈则劭', 1, '88888888', '13666668888', '66666666', 'demo@ql-crm.com', NULL, NULL, NULL, NULL, '使用者', '医生', '144'),
	(223, 223, 82, '口腔科', '梁源', 1, '88888888', '13666668888', '66666666', 'demo@ql-crm.com', NULL, NULL, NULL, NULL, '使用者', '医生', '145'),
	(224, 224, 55, '口腔科', '王文俊', 1, '88888888', '13666668888', '66666666', 'demo@ql-crm.com', NULL, NULL, NULL, NULL, '使用者', '医生', '146'),
	(225, 225, 50, '口腔科', '季雪峰', 1, '88888888', '13666668888', '66666666', 'demo@ql-crm.com', NULL, NULL, NULL, NULL, '使用者', '医生', '147'),
	(226, 226, 53, '口腔科', '范琳辉', 1, '88888888', '13666668888', '66666666', 'demo@ql-crm.com', NULL, NULL, NULL, NULL, '使用者', '医生', '148'),
	(227, 227, 7, '口腔科', '倪春飞', 1, '88888888', '13666668888', '66666666', 'demo@ql-crm.com', NULL, NULL, NULL, NULL, '使用者', '医生', '149'),
	(228, 228, 13, '口腔科', '蔡东春', 1, '88888888', '13666668888', '66666666', 'demo@ql-crm.com', NULL, NULL, NULL, NULL, '使用者', '医生', '150'),
	(229, 229, 44, '口腔科', '汪世航', 1, '88888888', '13666668888', '66666666', 'demo@ql-crm.com', NULL, NULL, NULL, NULL, '使用者', '医生', '151'),
	(230, 230, 17, '口腔科', '何恒亮', 1, '88888888', '13666668888', '66666666', 'demo@ql-crm.com', NULL, NULL, NULL, NULL, '使用者', '医生', '152'),
	(231, 231, 88, '口腔科', '阮仁权', 1, '88888888', '13666668888', '66666666', 'demo@ql-crm.com', NULL, NULL, NULL, NULL, '使用者', '医生', '153'),
	(232, 232, 89, '口腔科', '曹太群', 1, '88888888', '13666668888', '66666666', 'demo@ql-crm.com', NULL, NULL, NULL, NULL, '使用者', '医生', '154'),
	(233, 232, 89, '口腔科', '曹太群', 1, '88888888', '13666668888', '66666666', 'demo@ql-crm.com', NULL, NULL, NULL, NULL, '使用者', '医生', '155'),
	(234, 233, 98, '口腔科', '夏斯洋', 1, '88888888', '13666668888', '66666666', 'demo@ql-crm.com', NULL, NULL, NULL, NULL, '使用者', '医生', '156'),
	(235, 234, 54, '口腔科', '王建剑', 1, '88888888', '13666668888', '66666666', 'demo@ql-crm.com', NULL, NULL, NULL, NULL, '使用者', '医生', '157'),
	(236, 235, 95, '口腔科', '梁源', 1, '88888888', '13666668888', '66666666', 'demo@ql-crm.com', NULL, NULL, NULL, NULL, '使用者', '医生', '158'),
	(237, 236, 57, '口腔科', '宋道鹏', 1, '88888888', '13666668888', '66666666', 'demo@ql-crm.com', NULL, NULL, NULL, NULL, '使用者', '医生', '159'),
	(238, 237, 60, '口腔科', '郑晓亮', 1, '88888888', '13666668888', '66666666', 'demo@ql-crm.com', NULL, NULL, NULL, NULL, '使用者', '医生', '160'),
	(239, 238, 90, '口腔科', '王彬', 1, '88888888', '13666668888', '66666666', 'demo@ql-crm.com', NULL, NULL, NULL, NULL, '使用者', '医生', '161'),
	(240, 239, 1, '口腔科', '肖道春', 1, '88888888', '13666668888', '66666666', 'demo@ql-crm.com', NULL, NULL, NULL, NULL, '使用者', '医生', '162'),
	(241, 240, 20, '口腔科', '张乐君', 0, '88888888', '13666668888', '66666666', 'demo@ql-crm.com', NULL, NULL, NULL, NULL, '使用者', '医生', '163'),
	(242, 241, 23, '口腔科', '李从全', 1, '88888888', '13666668888', '66666666', 'demo@ql-crm.com', NULL, NULL, NULL, NULL, '使用者', '医生', '164'),
	(243, 242, 49, '口腔科', '李光源', 1, '88888888', '13666668888', '66666666', 'demo@ql-crm.com', NULL, NULL, NULL, NULL, '使用者', '医生', '165'),
	(244, 243, 2, '口腔科', '姚雷雷', 0, '88888888', '13666668888', '66666666', 'demo@ql-crm.com', NULL, NULL, NULL, NULL, '使用者', '医生', '166'),
	(245, 244, 10, '口腔科', '严茂军', 1, '88888888', '13666668888', '66666666', 'demo@ql-crm.com', NULL, NULL, NULL, NULL, '使用者', '医生', '167'),
	(246, 245, 102, '口腔科', '林英辛', 0, '88888888', '13666668888', '66666666', 'demo@ql-crm.com', NULL, NULL, NULL, NULL, '使用者', '医生', '168'),
	(247, 246, 97, '口腔科', '庄国卫', 1, '88888888', '13666668888', '66666666', 'demo@ql-crm.com', NULL, NULL, NULL, NULL, '使用者', '医生', '169'),
	(248, 247, 6, '口腔科', '许春敏', 1, '88888888', '13666668888', '66666666', 'demo@ql-crm.com', NULL, NULL, NULL, NULL, '使用者', '医生', '170'),
	(249, 248, 52, '口腔科', '韩国富', 1, '88888888', '13666668888', '66666666', 'demo@ql-crm.com', NULL, NULL, NULL, NULL, '使用者', '医生', '171'),
	(250, 249, 46, '口腔科', '饶波', 1, '88888888', '13666668888', '66666666', 'demo@ql-crm.com', NULL, NULL, NULL, NULL, '使用者', '医生', '172'),
	(251, 250, 51, '口腔科', '童希明', 1, '88888888', '13666668888', '66666666', 'demo@ql-crm.com', NULL, NULL, NULL, NULL, '使用者', '医生', '173'),
	(253, 251, 63, '口腔科', '王晓峰', 1, '88888888', '13666668888', '66666666', 'demo@ql-crm.com', NULL, NULL, NULL, NULL, '使用者', '医生', '174'),
	(254, 253, 18, '口腔科', '夏仕培', 1, '88888888', '13666668888', '66666666', 'demo@ql-crm.com', NULL, NULL, NULL, NULL, '使用者', '医生', '175'),
	(255, 254, 88, '口腔科', '阮仁权', 1, '88888888', '13666668888', '66666666', 'demo@ql-crm.com', NULL, NULL, NULL, NULL, '使用者', '医生', '176'),
	(256, 255, 55, '口腔科', '王文俊', 1, '88888888', '13666668888', '66666666', 'demo@ql-crm.com', NULL, NULL, NULL, NULL, '使用者', '医生', '177'),
	(257, 256, 5, '口腔科', '水新荣', 1, '88888888', '13666668888', '66666666', 'demo@ql-crm.com', NULL, NULL, NULL, NULL, '使用者', '医生', '178'),
	(258, 257, 54, '口腔科', '王建剑', 1, '88888888', '13666668888', '66666666', 'demo@ql-crm.com', NULL, NULL, NULL, NULL, '使用者', '医生', '179'),
	(259, 258, 86, '口腔科', '金明星', 1, '88888888', '13666668888', '66666666', 'demo@ql-crm.com', NULL, NULL, NULL, NULL, '使用者', '医生', '180'),
	(260, 259, 14, '口腔科', '吴金金', 0, '88888888', '13666668888', '66666666', 'demo@ql-crm.com', NULL, NULL, NULL, NULL, '使用者', '医生', '181'),
	(261, 260, 24, '口腔科', '严茂军', 1, '88888888', '13666668888', '66666666', 'demo@ql-crm.com', NULL, NULL, NULL, NULL, '使用者', '医生', '182'),
	(262, 261, 96, '口腔科', '严栋梁', 1, '88888888', '13666668888', '66666666', 'demo@ql-crm.com', NULL, NULL, NULL, NULL, '使用者', '医生', '183'),
	(263, 262, 50, '口腔科', '季雪峰', 1, '88888888', '13666668888', '66666666', 'demo@ql-crm.com', NULL, NULL, NULL, NULL, '使用者', '医生', '184'),
	(264, 263, 62, '口腔科', '方冠飞', 1, '88888888', '13666668888', '66666666', 'demo@ql-crm.com', NULL, NULL, NULL, NULL, '使用者', '医生', '185'),
	(265, 264, 12, '口腔科', '韩寅驰', 1, '88888888', '13666668888', '66666666', 'demo@ql-crm.com', NULL, NULL, NULL, NULL, '使用者', '医生', '186'),
	(266, 265, 91, '口腔科', '虞立顺', 1, '88888888', '13666668888', '66666666', 'demo@ql-crm.com', NULL, NULL, NULL, NULL, '使用者', '医生', '187'),
	(267, 266, 45, '口腔科', '田树宏', 1, '88888888', '13666668888', '66666666', 'demo@ql-crm.com', NULL, NULL, NULL, NULL, '使用者', '医生', '188'),
	(268, 267, 92, '口腔科', '王大培', 1, '88888888', '13666668888', '66666666', 'demo@ql-crm.com', NULL, NULL, NULL, NULL, '使用者', '医生', '189'),
	(269, 268, 22, '口腔科', '宋大贵', 1, '88888888', '13666668888', '66666666', 'demo@ql-crm.com', NULL, NULL, NULL, NULL, '使用者', '医生', '190'),
	(270, 269, 87, '口腔科', '叶海荣', 1, '88888888', '13666668888', '66666666', 'demo@ql-crm.com', NULL, NULL, NULL, NULL, '使用者', '医生', '191'),
	(271, 270, 10, '口腔科', '严茂军', 1, '88888888', '13666668888', '66666666', 'demo@ql-crm.com', NULL, NULL, NULL, NULL, '使用者', '医生', '192'),
	(272, 271, 21, '口腔科', '梅炜炜', 1, '88888888', '13666668888', '66666666', 'demo@ql-crm.com', NULL, NULL, NULL, NULL, '使用者', '医生', '193'),
	(273, 272, 100, '口腔科', '张巍', 1, '88888888', '13666668888', '66666666', 'demo@ql-crm.com', NULL, NULL, NULL, NULL, '使用者', '医生', '194'),
	(274, 273, 16, '口腔科', '詹初盛', 1, '88888888', '13666668888', '66666666', 'demo@ql-crm.com', NULL, NULL, NULL, NULL, '使用者', '医生', '195'),
	(275, 274, 94, '口腔科', '毛瑜', 1, '88888888', '13666668888', '66666666', 'demo@ql-crm.com', NULL, NULL, NULL, NULL, '使用者', '医生', '196'),
	(276, 275, 93, '口腔科', '邓亮', 1, '88888888', '13666668888', '66666666', 'demo@ql-crm.com', NULL, NULL, NULL, NULL, '使用者', '医生', '197'),
	(277, 276, 58, '口腔科', '蔡红亮', 1, '88888888', '13666668888', '66666666', 'demo@ql-crm.com', NULL, NULL, NULL, NULL, '使用者', '医生', '198'),
	(278, 277, 99, '口腔科', '丁新胜', 1, '88888888', '13666668888', '66666666', 'demo@ql-crm.com', NULL, NULL, NULL, NULL, '使用者', '医生', '199'),
	(279, 278, 103, '口腔科', '唐胜健', 1, '88888888', '13666668888', '66666666', 'demo@ql-crm.com', NULL, NULL, NULL, NULL, '使用者', '医生', '200'),
	(280, 279, 49, '口腔科', '李光源', 1, '88888888', '13666668888', '66666666', 'demo@ql-crm.com', NULL, NULL, NULL, NULL, '使用者', '医生', '201'),
	(284, 280, 18, '口腔科', '夏仕培', 1, '88888888', '13666668888', '66666666', 'demo@ql-crm.com', NULL, NULL, NULL, NULL, '使用者', '医生', '202'),
	(285, 284, 90, '口腔科', '王彬', 1, '88888888', '13666668888', '66666666', 'demo@ql-crm.com', NULL, NULL, NULL, NULL, '使用者', '医生', '203'),
	(286, 285, 9, '口腔科', '李从全', 1, '88888888', '13666668888', '66666666', 'demo@ql-crm.com', NULL, NULL, NULL, NULL, '使用者', '医生', '204'),
	(287, 286, 95, '口腔科', '梁源', 1, '88888888', '13666668888', '66666666', 'demo@ql-crm.com', NULL, NULL, NULL, NULL, '使用者', '医生', '205'),
	(288, 287, 57, '口腔科', '宋道鹏', 1, '88888888', '13666668888', '66666666', 'demo@ql-crm.com', NULL, NULL, NULL, NULL, '使用者', '医生', '206'),
	(289, 288, 97, '口腔科', '庄国卫', 1, '88888888', '13666668888', '66666666', 'demo@ql-crm.com', NULL, NULL, NULL, NULL, '使用者', '医生', '207'),
	(290, 289, 59, '口腔科', '蔡伟峰', 1, '88888888', '13666668888', '66666666', 'demo@ql-crm.com', NULL, NULL, NULL, NULL, '使用者', '医生', '208'),
	(291, 290, 26, '口腔科', '韩寅驰', 1, '88888888', '13666668888', '66666666', 'demo@ql-crm.com', NULL, NULL, NULL, NULL, '使用者', '医生', '209'),
	(292, 291, 92, '口腔科', '王大培', 1, '88888888', '13666668888', '66666666', 'demo@ql-crm.com', NULL, NULL, NULL, NULL, '使用者', '医生', '210'),
	(293, 292, 19, '口腔科', '凌毅', 1, '88888888', '13666668888', '66666666', 'demo@ql-crm.com', NULL, NULL, NULL, NULL, '使用者', '医生', '211'),
	(294, 293, 101, '口腔科', '侯丽敏', 0, '88888888', '13666668888', '66666666', 'demo@ql-crm.com', NULL, NULL, NULL, NULL, '使用者', '医生', '212'),
	(295, 294, 53, '口腔科', '范琳辉', 1, '88888888', '13666668888', '66666666', 'demo@ql-crm.com', NULL, NULL, NULL, NULL, '使用者', '医生', '213'),
	(296, 295, 105, '口腔科', '包学兵', 1, '88888888', '13666668888', '66666666', 'demo@ql-crm.com', NULL, NULL, NULL, NULL, '使用者', '医生', '214'),
	(297, 296, 48, '口腔科', '徐振华', 0, '88888888', '13666668888', '66666666', 'demo@ql-crm.com', NULL, NULL, NULL, NULL, '使用者', '医生', '215'),
	(298, 297, 15, '口腔科', '杨勇', 1, '88888888', '13666668888', '66666666', 'demo@ql-crm.com', NULL, NULL, NULL, NULL, '使用者', '医生', '216'),
	(299, 298, 51, '口腔科', '童希明', 1, '88888888', '13666668888', '66666666', 'demo@ql-crm.com', NULL, NULL, NULL, NULL, '使用者', '医生', '217'),
	(300, 299, 60, '口腔科', '郑晓亮', 1, '88888888', '13666668888', '66666666', 'demo@ql-crm.com', NULL, NULL, NULL, NULL, '使用者', '医生', '218'),
	(301, 300, 67, '口腔科', '陈言惠', 1, '88888888', '13666668888', '66666666', 'demo@ql-crm.com', NULL, NULL, NULL, NULL, '使用者', '医生', '219'),
	(302, 301, 28, '口腔科', '李光源', 1, '88888888', '13666668888', '66666666', 'demo@ql-crm.com', NULL, NULL, NULL, NULL, '使用者', '医生', '220'),
	(303, 302, 23, '口腔科', '李从全', 1, '88888888', '13666668888', '66666666', 'demo@ql-crm.com', NULL, NULL, NULL, NULL, '使用者', '医生', '221'),
	(304, 303, 89, '口腔科', '曹太群', 1, '88888888', '13666668888', '66666666', 'demo@ql-crm.com', NULL, NULL, NULL, NULL, '使用者', '医生', '222'),
	(305, 304, 56, '口腔科', '柳振华', 1, '88888888', '13666668888', '66666666', 'demo@ql-crm.com', NULL, NULL, NULL, NULL, '使用者', '医生', '223'),
	(306, 305, 61, '口腔科', '张金强', 1, '88888888', '13666668888', '66666666', 'demo@ql-crm.com', NULL, NULL, NULL, NULL, '使用者', '医生', '224'),
	(307, 306, 91, '口腔科', '虞立顺', 1, '88888888', '13666668888', '66666666', 'demo@ql-crm.com', NULL, NULL, NULL, NULL, '使用者', '医生', '225'),
	(308, 307, 8, '口腔科', '殷博', 1, '88888888', '13666668888', '66666666', 'demo@ql-crm.com', NULL, NULL, NULL, NULL, '使用者', '医生', '226'),
	(309, 308, 56, '口腔科', '柳振华', 1, '88888888', '13666668888', '66666666', 'demo@ql-crm.com', NULL, NULL, NULL, NULL, '使用者', '医生', '227'),
	(310, 309, 17, '口腔科', '何恒亮', 1, '88888888', '13666668888', '66666666', 'demo@ql-crm.com', NULL, NULL, NULL, NULL, '使用者', '医生', '228'),
	(311, 310, 57, '口腔科', '宋道鹏', 1, '88888888', '13666668888', '66666666', 'demo@ql-crm.com', NULL, NULL, NULL, NULL, '使用者', '医生', '229'),
	(312, 311, 104, '口腔科', '张林冰', 1, '88888888', '13666668888', '66666666', 'demo@ql-crm.com', NULL, NULL, NULL, NULL, '使用者', '医生', '230'),
	(313, 312, 109, '口腔科', '朱婷婷', 0, '88888888', '13666668888', '66666666', 'demo@ql-crm.com', NULL, NULL, NULL, NULL, '使用者', '医生', '231'),
	(314, 313, 70, '口腔科', '范琳辉', 1, '88888888', '13666668888', '66666666', 'demo@ql-crm.com', NULL, NULL, NULL, NULL, '使用者', '医生', '232'),
	(315, 314, 98, '口腔科', '夏斯洋', 1, '88888888', '13666668888', '66666666', 'demo@ql-crm.com', NULL, NULL, NULL, NULL, '使用者', '医生', '233'),
	(316, 315, 102, '口腔科', '林英辛', 0, '88888888', '13666668888', '66666666', 'demo@ql-crm.com', NULL, NULL, NULL, NULL, '使用者', '医生', '234'),
	(347, 316, 25, '口腔科', '郑圣平', 1, '88888888', '13666668888', '66666666', 'demo@ql-crm.com', NULL, NULL, NULL, NULL, '使用者', '医生', '235'),
	(348, 347, 66, '口腔科', '赵儒勇', 1, '88888888', '13666668888', '66666666', 'demo@ql-crm.com', NULL, NULL, NULL, NULL, '使用者', '医生', '236'),
	(349, 348, 100, '口腔科', '张巍', 1, '88888888', '13666668888', '66666666', 'demo@ql-crm.com', NULL, NULL, NULL, NULL, '使用者', '医生', '237'),
	(350, 349, 95, '口腔科', '梁源', 1, '88888888', '13666668888', '66666666', 'demo@ql-crm.com', NULL, NULL, NULL, NULL, '使用者', '医生', '238'),
	(351, 350, 30, '口腔科', '王大培', 1, '88888888', '13666668888', '66666666', 'demo@ql-crm.com', NULL, NULL, NULL, NULL, '使用者', '医生', '239'),
	(352, 351, 27, '口腔科', '蔡东春', 1, '88888888', '13666668888', '66666666', 'demo@ql-crm.com', NULL, NULL, NULL, NULL, '使用者', '医生', '240'),
	(353, 352, 12, '口腔科', '韩寅驰', 1, '88888888', '13666668888', '66666666', 'demo@ql-crm.com', NULL, NULL, NULL, NULL, '使用者', '医生', '241'),
	(354, 353, 99, '口腔科', '丁新胜', 1, '88888888', '13666668888', '66666666', 'demo@ql-crm.com', NULL, NULL, NULL, NULL, '使用者', '医生', '242'),
	(355, 354, 64, '口腔科', '王春燕', 0, '88888888', '13666668888', '66666666', 'demo@ql-crm.com', NULL, NULL, NULL, NULL, '使用者', '医生', '243'),
	(356, 355, 107, '口腔科', '王先进', 1, '88888888', '13666668888', '66666666', 'demo@ql-crm.com', NULL, NULL, NULL, NULL, '使用者', '医生', '244'),
	(357, 356, 11, '口腔科', '郑圣平', 1, '88888888', '13666668888', '66666666', 'demo@ql-crm.com', NULL, NULL, NULL, NULL, '使用者', '医生', '245'),
	(358, 357, 106, '口腔科', '江步凡', 1, '88888888', '13666668888', '66666666', 'demo@ql-crm.com', NULL, NULL, NULL, NULL, '使用者', '医生', '246'),
	(359, 358, 14, '口腔科', '吴金金', 0, '88888888', '13666668888', '66666666', 'demo@ql-crm.com', NULL, NULL, NULL, NULL, '使用者', '医生', '247'),
	(360, 359, 21, '口腔科', '梅炜炜', 1, '88888888', '13666668888', '66666666', 'demo@ql-crm.com', NULL, NULL, NULL, NULL, '使用者', '医生', '248'),
	(361, 360, 13, '口腔科', '蔡东春', 1, '88888888', '13666668888', '66666666', 'demo@ql-crm.com', NULL, NULL, NULL, NULL, '使用者', '医生', '249'),
	(362, 361, 94, '口腔科', '毛瑜', 1, '88888888', '13666668888', '66666666', 'demo@ql-crm.com', NULL, NULL, NULL, NULL, '使用者', '医生', '250'),
	(363, 362, 110, '口腔科', '姚松柏', 1, '88888888', '13666668888', '66666666', 'demo@ql-crm.com', NULL, NULL, NULL, NULL, '使用者', '医生', '251'),
	(364, 363, 68, '口腔科', '童希明', 1, '88888888', '13666668888', '66666666', 'demo@ql-crm.com', NULL, NULL, NULL, NULL, '使用者', '医生', '252'),
	(365, 364, 25, '口腔科', '郑圣平', 1, '88888888', '13666668888', '66666666', 'demo@ql-crm.com', NULL, NULL, NULL, NULL, '使用者', '医生', '253'),
	(366, 365, 111, '口腔科', '王新', 1, '88888888', '13666668888', '66666666', 'demo@ql-crm.com', NULL, NULL, NULL, NULL, '使用者', '医生', '254'),
	(367, 366, 65, '口腔科', '张晏', 1, '88888888', '13666668888', '66666666', 'demo@ql-crm.com', NULL, NULL, NULL, NULL, '使用者', '医生', '255'),
	(368, 367, 20, '口腔科', '张乐君', 0, '88888888', '13666668888', '66666666', 'demo@ql-crm.com', NULL, NULL, NULL, NULL, '使用者', '医生', '256'),
	(369, 368, 69, '口腔科', '韩国富', 1, '88888888', '13666668888', '66666666', 'demo@ql-crm.com', NULL, NULL, NULL, NULL, '使用者', '医生', '257'),
	(370, 369, 52, '口腔科', '韩国富', 1, '88888888', '13666668888', '66666666', 'demo@ql-crm.com', NULL, NULL, NULL, NULL, '使用者', '医生', '258'),
	(371, 370, 62, '口腔科', '方冠飞', 1, '88888888', '13666668888', '66666666', 'demo@ql-crm.com', NULL, NULL, NULL, NULL, '使用者', '医生', '259'),
	(372, 371, 108, '口腔科', '舒春燕', 0, '88888888', '13666668888', '66666666', 'demo@ql-crm.com', NULL, NULL, NULL, NULL, '使用者', '医生', '260'),
	(378, 372, 105, '口腔科', '包学兵', 1, '88888888', '13666668888', '66666666', 'demo@ql-crm.com', NULL, NULL, NULL, NULL, '使用者', '医生', '261'),
	(379, 378, 34, '口腔科', '严栋梁', 1, '88888888', '13666668888', '66666666', 'demo@ql-crm.com', NULL, NULL, NULL, NULL, '使用者', '医生', '262'),
	(380, 379, 55, '口腔科', '王文俊', 1, '88888888', '13666668888', '66666666', 'demo@ql-crm.com', NULL, NULL, NULL, NULL, '使用者', '医生', '263'),
	(381, 380, 24, '口腔科', '严茂军', 1, '88888888', '13666668888', '66666666', 'demo@ql-crm.com', NULL, NULL, NULL, NULL, '使用者', '医生', '264'),
	(382, 381, 73, '口腔科', '柳振华', 1, '88888888', '13666668888', '66666666', 'demo@ql-crm.com', NULL, NULL, NULL, NULL, '使用者', '医生', '265'),
	(383, 382, 17, '口腔科', '何恒亮', 1, '88888888', '13666668888', '66666666', 'demo@ql-crm.com', NULL, NULL, NULL, NULL, '使用者', '医生', '266'),
	(384, 383, 22, '口腔科', '宋大贵', 1, '88888888', '13666668888', '66666666', 'demo@ql-crm.com', NULL, NULL, NULL, NULL, '使用者', '医生', '267'),
	(385, 384, 29, '口腔科', '季雪峰', 1, '88888888', '13666668888', '66666666', 'demo@ql-crm.com', NULL, NULL, NULL, NULL, '使用者', '医生', '268'),
	(386, 385, 67, '口腔科', '陈言惠', 1, '88888888', '13666668888', '66666666', 'demo@ql-crm.com', NULL, NULL, NULL, NULL, '使用者', '医生', '269'),
	(387, 386, 106, '口腔科', '江步凡', 1, '88888888', '13666668888', '66666666', 'demo@ql-crm.com', NULL, NULL, NULL, NULL, '使用者', '医生', '270'),
	(388, 387, 54, '口腔科', '王建剑', 1, '88888888', '13666668888', '66666666', 'demo@ql-crm.com', NULL, NULL, NULL, NULL, '使用者', '医生', '271'),
	(389, 388, 63, '口腔科', '王晓峰', 1, '88888888', '13666668888', '66666666', 'demo@ql-crm.com', NULL, NULL, NULL, NULL, '使用者', '医生', '272'),
	(390, 389, 97, '口腔科', '庄国卫', 1, '88888888', '13666668888', '66666666', 'demo@ql-crm.com', NULL, NULL, NULL, NULL, '使用者', '医生', '273'),
	(391, 390, 100, '口腔科', '张巍', 1, '88888888', '13666668888', '66666666', 'demo@ql-crm.com', NULL, NULL, NULL, NULL, '使用者', '医生', '274'),
	(392, 391, 15, '口腔科', '杨勇', 1, '88888888', '13666668888', '66666666', 'demo@ql-crm.com', NULL, NULL, NULL, NULL, '使用者', '医生', '275'),
	(393, 392, 98, '口腔科', '夏斯洋', 1, '88888888', '13666668888', '66666666', 'demo@ql-crm.com', NULL, NULL, NULL, NULL, '使用者', '医生', '276'),
	(394, 393, 59, '口腔科', '蔡伟峰', 1, '88888888', '13666668888', '66666666', 'demo@ql-crm.com', NULL, NULL, NULL, NULL, '使用者', '医生', '277'),
	(395, 394, 101, '口腔科', '侯丽敏', 0, '88888888', '13666668888', '66666666', 'demo@ql-crm.com', NULL, NULL, NULL, NULL, '使用者', '医生', '278'),
	(396, 395, 61, '口腔科', '张金强', 1, '88888888', '13666668888', '66666666', 'demo@ql-crm.com', NULL, NULL, NULL, NULL, '使用者', '医生', '279'),
	(397, 396, 96, '口腔科', '严栋梁', 1, '88888888', '13666668888', '66666666', 'demo@ql-crm.com', NULL, NULL, NULL, NULL, '使用者', '医生', '280'),
	(398, 397, 104, '口腔科', '张林冰', 1, '88888888', '13666668888', '66666666', 'demo@ql-crm.com', NULL, NULL, NULL, NULL, '使用者', '医生', '281'),
	(399, 398, 99, '口腔科', '丁新胜', 1, '88888888', '13666668888', '66666666', 'demo@ql-crm.com', NULL, NULL, NULL, NULL, '使用者', '医生', '282'),
	(400, 399, 18, '口腔科', '夏仕培', 1, '88888888', '13666668888', '66666666', 'demo@ql-crm.com', NULL, NULL, NULL, NULL, '使用者', '医生', '283'),
	(401, 400, 26, '口腔科', '韩寅驰', 1, '88888888', '13666668888', '66666666', 'demo@ql-crm.com', NULL, NULL, NULL, NULL, '使用者', '医生', '284'),
	(402, 401, 33, '口腔科', '梁源', 1, '88888888', '13666668888', '66666666', 'demo@ql-crm.com', NULL, NULL, NULL, NULL, '使用者', '医生', '285'),
	(403, 402, 77, '口腔科', '叶海荣', 1, '88888888', '13666668888', '66666666', 'demo@ql-crm.com', NULL, NULL, NULL, NULL, '使用者', '医生', '286'),
	(404, 403, 16, '口腔科', '詹初盛', 1, '88888888', '13666668888', '66666666', 'demo@ql-crm.com', NULL, NULL, NULL, NULL, '使用者', '医生', '287'),
	(405, 404, 103, '口腔科', '唐胜健', 1, '88888888', '13666668888', '66666666', 'demo@ql-crm.com', NULL, NULL, NULL, NULL, '使用者', '医生', '288'),
	(406, 405, 58, '口腔科', '蔡红亮', 1, '88888888', '13666668888', '66666666', 'demo@ql-crm.com', NULL, NULL, NULL, NULL, '使用者', '医生', '289'),
	(407, 406, 115, '口腔科', '卢志学', 1, '88888888', '13666668888', '66666666', 'demo@ql-crm.com', NULL, NULL, NULL, NULL, '使用者', '医生', '290'),
	(408, 407, 110, '口腔科', '姚松柏', 1, '88888888', '13666668888', '66666666', 'demo@ql-crm.com', NULL, NULL, NULL, NULL, '使用者', '医生', '291'),
	(409, 408, 103, '口腔科', '唐胜健', 1, '88888888', '13666668888', '66666666', 'demo@ql-crm.com', NULL, NULL, NULL, NULL, '使用者', '医生', '292'),
	(410, 409, 22, '口腔科', '宋大贵', 1, '88888888', '13666668888', '66666666', 'demo@ql-crm.com', NULL, NULL, NULL, NULL, '使用者', '医生', '293'),
	(411, 410, 107, '口腔科', '王先进', 1, '88888888', '13666668888', '66666666', 'demo@ql-crm.com', NULL, NULL, NULL, NULL, '使用者', '医生', '294'),
	(412, 411, 20, '口腔科', '张乐君', 0, '88888888', '13666668888', '66666666', 'demo@ql-crm.com', NULL, NULL, NULL, NULL, '使用者', '医生', '295'),
	(413, 412, 70, '口腔科', '范琳辉', 1, '88888888', '13666668888', '66666666', 'demo@ql-crm.com', NULL, NULL, NULL, NULL, '使用者', '医生', '296'),
	(414, 413, 35, '口腔科', '庄国卫', 1, '88888888', '13666668888', '66666666', 'demo@ql-crm.com', NULL, NULL, NULL, NULL, '使用者', '医生', '297'),
	(415, 414, 19, '口腔科', '凌毅', 1, '88888888', '13666668888', '66666666', 'demo@ql-crm.com', NULL, NULL, NULL, NULL, '使用者', '医生', '298'),
	(416, 415, 71, '口腔科', '王建剑', 1, '88888888', '13666668888', '66666666', 'demo@ql-crm.com', NULL, NULL, NULL, NULL, '使用者', '医生', '299'),
	(417, 416, 23, '口腔科', '李从全', 1, '88888888', '13666668888', '66666666', 'demo@ql-crm.com', NULL, NULL, NULL, NULL, '使用者', '医生', '300'),
	(418, 417, 24, '口腔科', '严茂军', 1, '88888888', '13666668888', '66666666', 'demo@ql-crm.com', NULL, NULL, NULL, NULL, '使用者', '医生', '301'),
	(419, 418, 62, '口腔科', '方冠飞', 1, '88888888', '13666668888', '66666666', 'demo@ql-crm.com', NULL, NULL, NULL, NULL, '使用者', '医生', '302'),
	(420, 419, 108, '口腔科', '舒春燕', 0, '88888888', '13666668888', '66666666', 'demo@ql-crm.com', NULL, NULL, NULL, NULL, '使用者', '医生', '303'),
	(421, 420, 28, '口腔科', '李光源', 1, '88888888', '13666668888', '66666666', 'demo@ql-crm.com', NULL, NULL, NULL, NULL, '使用者', '医生', '304'),
	(422, 421, 21, '口腔科', '梅炜炜', 1, '88888888', '13666668888', '66666666', 'demo@ql-crm.com', NULL, NULL, NULL, NULL, '使用者', '医生', '305'),
	(423, 422, 31, '口腔科', '邓亮', 1, '88888888', '13666668888', '66666666', 'demo@ql-crm.com', NULL, NULL, NULL, NULL, '使用者', '医生', '306'),
	(424, 423, 60, '口腔科', '郑晓亮', 1, '88888888', '13666668888', '66666666', 'demo@ql-crm.com', NULL, NULL, NULL, NULL, '使用者', '医生', '307'),
	(425, 424, 109, '口腔科', '朱婷婷', 0, '88888888', '13666668888', '66666666', 'demo@ql-crm.com', NULL, NULL, NULL, NULL, '使用者', '医生', '308'),
	(426, 424, 109, '口腔科', '朱婷婷', 0, '88888888', '13666668888', '66666666', 'demo@ql-crm.com', NULL, NULL, NULL, NULL, '使用者', '医生', '309'),
	(427, 425, 102, '口腔科', '林英辛', 0, '88888888', '13666668888', '66666666', 'demo@ql-crm.com', NULL, NULL, NULL, NULL, '使用者', '医生', '310'),
	(428, 426, 32, '口腔科', '毛瑜', 1, '88888888', '13666668888', '66666666', 'demo@ql-crm.com', NULL, NULL, NULL, NULL, '使用者', '医生', '311'),
	(429, 427, 112, '口腔科', '杨华山', 1, '88888888', '13666668888', '66666666', 'demo@ql-crm.com', NULL, NULL, NULL, NULL, '使用者', '医生', '312'),
	(430, 428, 113, '口腔科', '江步凡', 1, '88888888', '13666668888', '66666666', 'demo@ql-crm.com', NULL, NULL, NULL, NULL, '使用者', '医生', '313'),
	(431, 429, 27, '口腔科', '蔡东春', 1, '88888888', '13666668888', '66666666', 'demo@ql-crm.com', NULL, NULL, NULL, NULL, '使用者', '医生', '314'),
	(432, 430, 72, '口腔科', '王文俊', 1, '88888888', '13666668888', '66666666', 'demo@ql-crm.com', NULL, NULL, NULL, NULL, '使用者', '医生', '315'),
	(433, 431, 64, '口腔科', '王春燕', 0, '88888888', '13666668888', '66666666', 'demo@ql-crm.com', NULL, NULL, NULL, NULL, '使用者', '医生', '316'),
	(434, 432, 116, '口腔科', '李景荣', 1, '88888888', '13666668888', '66666666', 'demo@ql-crm.com', NULL, NULL, NULL, NULL, '使用者', '医生', '317'),
	(435, 433, 63, '口腔科', '王晓峰', 1, '88888888', '13666668888', '66666666', 'demo@ql-crm.com', NULL, NULL, NULL, NULL, '使用者', '医生', '318'),
	(436, 434, 65, '口腔科', '张晏', 1, '88888888', '13666668888', '66666666', 'demo@ql-crm.com', NULL, NULL, NULL, NULL, '使用者', '医生', '319'),
	(437, 435, 66, '口腔科', '赵儒勇', 1, '88888888', '13666668888', '66666666', 'demo@ql-crm.com', NULL, NULL, NULL, NULL, '使用者', '医生', '320'),
	(438, 436, 78, '口腔科', '阮仁权', 1, '88888888', '13666668888', '66666666', 'demo@ql-crm.com', NULL, NULL, NULL, NULL, '使用者', '医生', '321'),
	(439, 437, 111, '口腔科', '王新', 1, '88888888', '13666668888', '66666666', 'demo@ql-crm.com', NULL, NULL, NULL, NULL, '使用者', '医生', '322'),
	(440, 438, 120, '口腔科', '刘振宇', 1, '88888888', '13666668888', '66666666', 'demo@ql-crm.com', NULL, NULL, NULL, NULL, '使用者', '医生', '323'),
	(472, 439, 74, '口腔科', '宋道鹏', 1, '88888888', '13666668888', '66666666', 'demo@ql-crm.com', NULL, NULL, NULL, NULL, '使用者', '医生', '324'),
	(473, 440, 114, '口腔科', '宋云龙', 1, '88888888', '13666668888', '66666666', 'demo@ql-crm.com', NULL, NULL, NULL, NULL, '使用者', '医生', '325'),
	(474, 472, 72, '口腔科', '王文俊', 1, '88888888', '13666668888', '66666666', 'demo@ql-crm.com', NULL, NULL, NULL, NULL, '使用者', '医生', '326'),
	(475, 473, 61, '口腔科', '张金强', 1, '88888888', '13666668888', '66666666', 'demo@ql-crm.com', NULL, NULL, NULL, NULL, '使用者', '医生', '327'),
	(476, 474, 39, '口腔科', '侯丽敏', 1, '88888888', '13666668888', '66666666', 'demo@ql-crm.com', NULL, NULL, NULL, NULL, '使用者', '医生', '328'),
	(477, 475, 27, '口腔科', '蔡东春', 1, '88888888', '13666668888', '66666666', 'demo@ql-crm.com', NULL, NULL, NULL, NULL, '使用者', '医生', '329'),
	(478, 476, 40, '口腔科', '郑圣平', 1, '88888888', '13666668888', '66666666', 'demo@ql-crm.com', NULL, NULL, NULL, NULL, '使用者', '医生', '330'),
	(479, 477, 76, '口腔科', '梁源', 1, '88888888', '13666668888', '66666666', 'demo@ql-crm.com', NULL, NULL, NULL, NULL, '使用者', '医生', '331'),
	(480, 478, 36, '口腔科', '夏斯洋', 1, '88888888', '13666668888', '66666666', 'demo@ql-crm.com', NULL, NULL, NULL, NULL, '使用者', '医生', '332'),
	(481, 479, 25, '口腔科', '郑圣平', 1, '88888888', '13666668888', '66666666', 'demo@ql-crm.com', NULL, NULL, NULL, NULL, '使用者', '医生', '333'),
	(482, 480, 65, '口腔科', '张晏', 1, '88888888', '13666668888', '66666666', 'demo@ql-crm.com', NULL, NULL, NULL, NULL, '使用者', '医生', '334'),
	(483, 481, 29, '口腔科', '季雪峰', 1, '88888888', '13666668888', '66666666', 'demo@ql-crm.com', NULL, NULL, NULL, NULL, '使用者', '医生', '335'),
	(484, 482, 80, '口腔科', '蔡伟峰', 1, '88888888', '13666668888', '66666666', 'demo@ql-crm.com', NULL, NULL, NULL, NULL, '使用者', '医生', '336'),
	(485, 483, 67, '口腔科', '陈言惠', 1, '88888888', '13666668888', '66666666', 'demo@ql-crm.com', NULL, NULL, NULL, NULL, '使用者', '医生', '337'),
	(486, 484, 26, '口腔科', '韩寅驰', 1, '88888888', '13666668888', '66666666', 'demo@ql-crm.com', NULL, NULL, NULL, NULL, '使用者', '医生', '338'),
	(487, 485, 37, '口腔科', '丁新胜', 1, '88888888', '13666668888', '66666666', 'demo@ql-crm.com', NULL, NULL, NULL, NULL, '使用者', '医生', '339'),
	(488, 486, 38, '口腔科', '张巍', 1, '88888888', '13666668888', '66666666', 'demo@ql-crm.com', NULL, NULL, NULL, NULL, '使用者', '医生', '340'),
	(489, 487, 69, '口腔科', '韩国富', 1, '88888888', '13666668888', '66666666', 'demo@ql-crm.com', NULL, NULL, NULL, NULL, '使用者', '医生', '341'),
	(490, 488, 66, '口腔科', '赵儒勇', 1, '88888888', '13666668888', '66666666', 'demo@ql-crm.com', NULL, NULL, NULL, NULL, '使用者', '医生', '342'),
	(491, 489, 75, '口腔科', '钱考锦', 1, '88888888', '13666668888', '66666666', 'demo@ql-crm.com', NULL, NULL, NULL, NULL, '使用者', '医生', '343'),
	(492, 490, 5, '口腔科', '水新荣', 1, '88888888', '13666668888', '66666666', 'demo@ql-crm.com', NULL, NULL, NULL, NULL, '使用者', '医生', '344'),
	(493, 491, 30, '口腔科', '王大培', 1, '88888888', '13666668888', '66666666', 'demo@ql-crm.com', NULL, NULL, NULL, NULL, '使用者', '医生', '345'),
	(494, 492, 101, '口腔科', '侯丽敏', 0, '88888888', '13666668888', '66666666', 'demo@ql-crm.com', NULL, NULL, NULL, NULL, '使用者', '医生', '346'),
	(495, 493, 68, '口腔科', '童希明', 1, '88888888', '13666668888', '66666666', 'demo@ql-crm.com', NULL, NULL, NULL, NULL, '使用者', '医生', '347'),
	(496, 494, 84, '口腔科', '顾利峰', 1, '88888888', '13666668888', '66666666', 'demo@ql-crm.com', NULL, NULL, NULL, NULL, '使用者', '医生', '348'),
	(497, 495, 47, '口腔科', '陈则劭', 1, '88888888', '13666668888', '66666666', 'demo@ql-crm.com', NULL, NULL, NULL, NULL, '使用者', '医生', '349'),
	(503, 496, 31, '口腔科', '邓亮', 1, '88888888', '13666668888', '66666666', 'demo@ql-crm.com', NULL, NULL, NULL, NULL, '使用者', '医生', '350'),
	(504, 497, 86, '口腔科', '金明星', 1, '88888888', '13666668888', '66666666', 'demo@ql-crm.com', NULL, NULL, NULL, NULL, '使用者', '医生', '351'),
	(505, 503, 90, '口腔科', '王彬', 1, '88888888', '13666668888', '66666666', 'demo@ql-crm.com', NULL, NULL, NULL, NULL, '使用者', '医生', '352'),
	(506, 504, 33, '口腔科', '梁源', 1, '88888888', '13666668888', '66666666', 'demo@ql-crm.com', NULL, NULL, NULL, NULL, '使用者', '医生', '353'),
	(507, 505, 73, '口腔科', '柳振华', 1, '88888888', '13666668888', '66666666', 'demo@ql-crm.com', NULL, NULL, NULL, NULL, '使用者', '医生', '354'),
	(508, 506, 104, '口腔科', '张林冰', 1, '88888888', '13666668888', '66666666', 'demo@ql-crm.com', NULL, NULL, NULL, NULL, '使用者', '医生', '355'),
	(509, 507, 34, '口腔科', '严栋梁', 1, '88888888', '13666668888', '66666666', 'demo@ql-crm.com', NULL, NULL, NULL, NULL, '使用者', '医生', '356'),
	(510, 508, 79, '口腔科', '蔡红亮', 1, '88888888', '13666668888', '66666666', 'demo@ql-crm.com', NULL, NULL, NULL, NULL, '使用者', '医生', '357'),
	(511, 509, 12, '口腔科', '韩寅驰', 1, '88888888', '13666668888', '66666666', 'demo@ql-crm.com', NULL, NULL, NULL, NULL, '使用者', '医生', '358'),
	(512, 510, 88, '口腔科', '阮仁权', 1, '88888888', '13666668888', '66666666', 'demo@ql-crm.com', NULL, NULL, NULL, NULL, '使用者', '医生', '359'),
	(513, 511, 53, '口腔科', '范琳辉', 1, '88888888', '13666668888', '66666666', 'demo@ql-crm.com', NULL, NULL, NULL, NULL, '使用者', '医生', '360'),
	(514, 512, 112, '口腔科', '杨华山', 1, '88888888', '13666668888', '66666666', 'demo@ql-crm.com', NULL, NULL, NULL, NULL, '使用者', '医生', '361'),
	(515, 513, 81, '口腔科', '钱考锦', 1, '88888888', '13666668888', '66666666', 'demo@ql-crm.com', NULL, NULL, NULL, NULL, '使用者', '医生', '362'),
	(516, 515, 3, '口腔科', '田树宏', 1, '88888888', '13666668888', '66666666', 'demo@ql-crm.com', NULL, NULL, NULL, NULL, '使用者', '医生', '363'),
	(517, 516, 7, '口腔科', '倪春飞', 1, '88888888', '13666668888', '66666666', 'demo@ql-crm.com', NULL, NULL, NULL, NULL, '使用者', '医生', '364'),
	(518, 517, 11, '口腔科', '郑圣平', 1, '88888888', '13666668888', '66666666', 'demo@ql-crm.com', NULL, NULL, NULL, NULL, '使用者', '医生', '365'),
	(519, 518, 32, '口腔科', '毛瑜', 1, '88888888', '13666668888', '66666666', 'demo@ql-crm.com', NULL, NULL, NULL, NULL, '使用者', '医生', '366'),
	(520, 519, 46, '口腔科', '饶波', 1, '88888888', '13666668888', '66666666', 'demo@ql-crm.com', NULL, NULL, NULL, NULL, '使用者', '医生', '367'),
	(521, 520, 4, '口腔科', '杨海华', 0, '88888888', '13666668888', '66666666', 'demo@ql-crm.com', NULL, NULL, NULL, NULL, '使用者', '医生', '368'),
	(522, 521, 50, '口腔科', '季雪峰', 1, '88888888', '13666668888', '66666666', 'demo@ql-crm.com', NULL, NULL, NULL, NULL, '使用者', '医生', '369'),
	(523, 522, 118, '口腔科', '周维民', 1, '88888888', '13666668888', '66666666', 'demo@ql-crm.com', NULL, NULL, NULL, NULL, '使用者', '医生', '370'),
	(524, 523, 71, '口腔科', '王建剑', 1, '88888888', '13666668888', '66666666', 'demo@ql-crm.com', NULL, NULL, NULL, NULL, '使用者', '医生', '371'),
	(525, 524, 106, '口腔科', '江步凡', 1, '88888888', '13666668888', '66666666', 'demo@ql-crm.com', NULL, NULL, NULL, NULL, '使用者', '医生', '372'),
	(526, 525, 51, '口腔科', '童希明', 1, '88888888', '13666668888', '66666666', 'demo@ql-crm.com', NULL, NULL, NULL, NULL, '使用者', '医生', '373'),
	(527, 526, 93, '口腔科', '邓亮', 1, '88888888', '13666668888', '66666666', 'demo@ql-crm.com', NULL, NULL, NULL, NULL, '使用者', '医生', '374'),
	(528, 527, 36, '口腔科', '夏斯洋', 1, '88888888', '13666668888', '66666666', 'demo@ql-crm.com', NULL, NULL, NULL, NULL, '使用者', '医生', '375'),
	(529, 528, 106, '口腔科', '江步凡', 1, '88888888', '13666668888', '66666666', 'demo@ql-crm.com', NULL, NULL, NULL, NULL, '使用者', '医生', '376'),
	(530, 529, 24, '口腔科', '严茂军', 1, '88888888', '13666668888', '66666666', 'demo@ql-crm.com', NULL, NULL, NULL, NULL, '使用者', '医生', '377'),
	(531, 530, 114, '口腔科', '宋云龙', 1, '88888888', '13666668888', '66666666', 'demo@ql-crm.com', NULL, NULL, NULL, NULL, '使用者', '医生', '378'),
	(532, 531, 113, '口腔科', '江步凡', 1, '88888888', '13666668888', '66666666', 'demo@ql-crm.com', NULL, NULL, NULL, NULL, '使用者', '医生', '379'),
	(533, 532, 115, '口腔科', '卢志学', 1, '88888888', '13666668888', '66666666', 'demo@ql-crm.com', NULL, NULL, NULL, NULL, '使用者', '医生', '380'),
	(534, 533, 105, '口腔科', '包学兵', 1, '88888888', '13666668888', '66666666', 'demo@ql-crm.com', NULL, NULL, NULL, NULL, '使用者', '医生', '381'),
	(535, 534, 87, '口腔科', '叶海荣', 1, '88888888', '13666668888', '66666666', 'demo@ql-crm.com', NULL, NULL, NULL, NULL, '使用者', '医生', '382'),
	(536, 535, 63, '口腔科', '王晓峰', 1, '88888888', '13666668888', '66666666', 'demo@ql-crm.com', NULL, NULL, NULL, NULL, '使用者', '医生', '383'),
	(537, 536, 64, '口腔科', '王春燕', 0, '88888888', '13666668888', '66666666', 'demo@ql-crm.com', NULL, NULL, NULL, NULL, '使用者', '医生', '384'),
	(538, 537, 119, '口腔科', '李海强', 1, '88888888', '13666668888', '66666666', 'demo@ql-crm.com', NULL, NULL, NULL, NULL, '使用者', '医生', '385'),
	(539, 538, 31, '口腔科', '邓亮', 1, '88888888', '13666668888', '66666666', 'demo@ql-crm.com', NULL, NULL, NULL, NULL, '使用者', '医生', '386'),
	(540, 539, 117, '口腔科', '姚恒山', 1, '88888888', '13666668888', '66666666', 'demo@ql-crm.com', NULL, NULL, NULL, NULL, '使用者', '医生', '387'),
	(541, 540, 52, '口腔科', '韩国富', 1, '88888888', '13666668888', '66666666', 'demo@ql-crm.com', NULL, NULL, NULL, NULL, '使用者', '医生', '388'),
	(542, 541, 112, '口腔科', '杨华山', 1, '88888888', '13666668888', '66666666', 'demo@ql-crm.com', NULL, NULL, NULL, NULL, '使用者', '医生', '389'),
	(543, 543, 64, '口腔科', '王春燕', 0, '88888888', '13666668888', '66666666', 'demo@ql-crm.com', NULL, NULL, NULL, NULL, '使用者', '医生', '390'),
	(544, 544, 6, '口腔科', '许春敏', 1, '88888888', '13666668888', '66666666', 'demo@ql-crm.com', NULL, NULL, NULL, NULL, '使用者', '医生', '391'),
	(545, 545, 111, '口腔科', '王新', 1, '88888888', '13666668888', '66666666', 'demo@ql-crm.com', NULL, NULL, NULL, NULL, '使用者', '医生', '392'),
	(546, 546, 34, '口腔科', '严栋梁', 1, '88888888', '13666668888', '66666666', 'demo@ql-crm.com', NULL, NULL, NULL, NULL, '使用者', '医生', '393'),
	(547, 547, 29, '口腔科', '季雪峰', 1, '88888888', '13666668888', '66666666', 'demo@ql-crm.com', NULL, NULL, NULL, NULL, '使用者', '医生', '394'),
	(548, 548, 105, '口腔科', '包学兵', 1, '88888888', '13666668888', '66666666', 'demo@ql-crm.com', NULL, NULL, NULL, NULL, '使用者', '医生', '395'),
	(549, 549, 20, '口腔科', '张乐君', 0, '88888888', '13666668888', '66666666', 'demo@ql-crm.com', NULL, NULL, NULL, NULL, '使用者', '医生', '396'),
	(550, 550, 75, '口腔科', '钱考锦', 1, '88888888', '13666668888', '66666666', 'demo@ql-crm.com', NULL, NULL, NULL, NULL, '使用者', '医生', '397'),
	(566, 566, 17, '口腔科', '何恒亮', 1, '88888888', '13666668888', '66666666', 'demo@ql-crm.com', NULL, NULL, NULL, NULL, '使用者', '医生', '398'),
	(567, 567, 10, '口腔科', '严茂军', 1, '88888888', '13666668888', '66666666', 'demo@ql-crm.com', NULL, NULL, NULL, NULL, '使用者', '医生', '399'),
	(568, 568, 42, '口腔科', '孙林涛', 1, '88888888', '13666668888', '66666666', 'demo@ql-crm.com', NULL, NULL, NULL, NULL, '使用者', '医生', '400'),
	(569, 569, 94, '口腔科', '毛瑜', 1, '88888888', '13666668888', '66666666', 'demo@ql-crm.com', NULL, NULL, NULL, NULL, '使用者', '医生', '401'),
	(570, 570, 1, '口腔科', '肖道春', 1, '88888888', '13666668888', '66666666', 'demo@ql-crm.com', NULL, NULL, NULL, NULL, '使用者', '医生', '402'),
	(571, 571, 56, '口腔科', '柳振华', 1, '88888888', '13666668888', '66666666', 'demo@ql-crm.com', NULL, NULL, NULL, NULL, '使用者', '医生', '403'),
	(572, 572, 100, '口腔科', '张巍', 1, '88888888', '13666668888', '66666666', 'demo@ql-crm.com', NULL, NULL, NULL, NULL, '使用者', '医生', '404'),
	(573, 573, 119, '口腔科', '李海强', 1, '88888888', '13666668888', '66666666', 'demo@ql-crm.com', NULL, NULL, NULL, NULL, '使用者', '医生', '405'),
	(574, 574, 45, '口腔科', '田树宏', 1, '88888888', '13666668888', '66666666', 'demo@ql-crm.com', NULL, NULL, NULL, NULL, '使用者', '医生', '406'),
	(575, 575, 23, '口腔科', '李从全', 1, '88888888', '13666668888', '66666666', 'demo@ql-crm.com', NULL, NULL, NULL, NULL, '使用者', '医生', '407'),
	(576, 576, 96, '口腔科', '严栋梁', 1, '88888888', '13666668888', '66666666', 'demo@ql-crm.com', NULL, NULL, NULL, NULL, '使用者', '医生', '408'),
	(577, 577, 13, '口腔科', '蔡东春', 1, '88888888', '13666668888', '66666666', 'demo@ql-crm.com', NULL, NULL, NULL, NULL, '使用者', '医生', '409'),
	(578, 578, 44, '口腔科', '汪世航', 1, '88888888', '13666668888', '66666666', 'demo@ql-crm.com', NULL, NULL, NULL, NULL, '使用者', '医生', '410'),
	(579, 579, 98, '口腔科', '夏斯洋', 1, '88888888', '13666668888', '66666666', 'demo@ql-crm.com', NULL, NULL, NULL, NULL, '使用者', '医生', '411'),
	(580, 580, 2, '口腔科', '姚雷雷', 0, '88888888', '13666668888', '66666666', 'demo@ql-crm.com', NULL, NULL, NULL, NULL, '使用者', '医生', '412'),
	(581, 581, 101, '口腔科', '侯丽敏', 0, '88888888', '13666668888', '66666666', 'demo@ql-crm.com', NULL, NULL, NULL, NULL, '使用者', '医生', '413'),
	(582, 582, 18, '口腔科', '夏仕培', 1, '88888888', '13666668888', '66666666', 'demo@ql-crm.com', NULL, NULL, NULL, NULL, '使用者', '医生', '414'),
	(583, 583, 91, '口腔科', '虞立顺', 1, '88888888', '13666668888', '66666666', 'demo@ql-crm.com', NULL, NULL, NULL, NULL, '使用者', '医生', '415'),
	(584, 584, 69, '口腔科', '韩国富', 1, '88888888', '13666668888', '66666666', 'demo@ql-crm.com', NULL, NULL, NULL, NULL, '使用者', '医生', '416'),
	(585, 585, 26, '口腔科', '韩寅驰', 1, '88888888', '13666668888', '66666666', 'demo@ql-crm.com', NULL, NULL, NULL, NULL, '使用者', '医生', '417'),
	(586, 586, 21, '口腔科', '梅炜炜', 1, '88888888', '13666668888', '66666666', 'demo@ql-crm.com', NULL, NULL, NULL, NULL, '使用者', '医生', '418'),
	(587, 587, 102, '口腔科', '林英辛', 0, '88888888', '13666668888', '66666666', 'demo@ql-crm.com', NULL, NULL, NULL, NULL, '使用者', '医生', '419'),
	(588, 588, 9, '口腔科', '李从全', 1, '88888888', '13666668888', '66666666', 'demo@ql-crm.com', NULL, NULL, NULL, NULL, '使用者', '医生', '420'),
	(589, 589, 117, '口腔科', '姚恒山', 1, '88888888', '13666668888', '66666666', 'demo@ql-crm.com', NULL, NULL, NULL, NULL, '使用者', '医生', '421'),
	(590, 590, 77, '口腔科', '叶海荣', 1, '88888888', '13666668888', '66666666', 'demo@ql-crm.com', NULL, NULL, NULL, NULL, '使用者', '医生', '422'),
	(591, 591, 68, '口腔科', '童希明', 1, '88888888', '13666668888', '66666666', 'demo@ql-crm.com', NULL, NULL, NULL, NULL, '使用者', '医生', '423'),
	(592, 592, 38, '口腔科', '张巍', 1, '88888888', '13666668888', '66666666', 'demo@ql-crm.com', NULL, NULL, NULL, NULL, '使用者', '医生', '424'),
	(593, 593, 41, '口腔科', '苏海宁', 1, '88888888', '13666668888', '66666666', 'demo@ql-crm.com', NULL, NULL, NULL, NULL, '使用者', '医生', '425'),
	(594, 594, 103, '口腔科', '唐胜健', 1, '88888888', '13666668888', '66666666', 'demo@ql-crm.com', NULL, NULL, NULL, NULL, '使用者', '医生', '426'),
	(595, 595, 72, '口腔科', '王文俊', 1, '88888888', '13666668888', '66666666', 'demo@ql-crm.com', NULL, NULL, NULL, NULL, '使用者', '医生', '427'),
	(596, 596, 59, '口腔科', '蔡伟峰', 1, '88888888', '13666668888', '66666666', 'demo@ql-crm.com', NULL, NULL, NULL, NULL, '使用者', '医生', '428'),
	(597, 597, 25, '口腔科', '郑圣平', 1, '88888888', '13666668888', '66666666', 'demo@ql-crm.com', NULL, NULL, NULL, NULL, '使用者', '医生', '429'),
	(598, 598, 82, '口腔科', '梁源', 1, '88888888', '13666668888', '66666666', 'demo@ql-crm.com', NULL, NULL, NULL, NULL, '使用者', '医生', '430'),
	(599, 599, 40, '口腔科', '郑圣平', 1, '88888888', '13666668888', '66666666', 'demo@ql-crm.com', NULL, NULL, NULL, NULL, '使用者', '医生', '431'),
	(600, 600, 58, '口腔科', '蔡红亮', 1, '88888888', '13666668888', '66666666', 'demo@ql-crm.com', NULL, NULL, NULL, NULL, '使用者', '医生', '432'),
	(601, 601, 48, '口腔科', '徐振华', 0, '88888888', '13666668888', '66666666', 'demo@ql-crm.com', NULL, NULL, NULL, NULL, '使用者', '医生', '433'),
	(602, 602, 73, '口腔科', '柳振华', 1, '88888888', '13666668888', '66666666', 'demo@ql-crm.com', NULL, NULL, NULL, NULL, '使用者', '医生', '434'),
	(603, 603, 85, '口腔科', '高经理', 1, '88888888', '13666668888', '66666666', 'demo@ql-crm.com', NULL, NULL, NULL, NULL, '使用者', '医生', '435'),
	(604, 604, 74, '口腔科', '宋道鹏', 1, '88888888', '13666668888', '66666666', 'demo@ql-crm.com', NULL, NULL, NULL, NULL, '使用者', '医生', '436'),
	(605, 605, 19, '口腔科', '凌毅', 1, '88888888', '13666668888', '66666666', 'demo@ql-crm.com', NULL, NULL, NULL, NULL, '使用者', '医生', '437'),
	(606, 606, 65, '口腔科', '张晏', 1, '88888888', '13666668888', '66666666', 'demo@ql-crm.com', NULL, NULL, NULL, NULL, '使用者', '医生', '438'),
	(607, 607, 61, '口腔科', '张金强', 1, '88888888', '13666668888', '66666666', 'demo@ql-crm.com', NULL, NULL, NULL, NULL, '使用者', '医生', '439'),
	(608, 608, 14, '口腔科', '吴金金', 0, '88888888', '13666668888', '66666666', 'demo@ql-crm.com', NULL, NULL, NULL, NULL, '使用者', '医生', '440'),
	(609, 609, 60, '口腔科', '郑晓亮', 1, '88888888', '13666668888', '66666666', 'demo@ql-crm.com', NULL, NULL, NULL, NULL, '使用者', '医生', '441'),
	(610, 610, 43, '口腔科', '江卫东', 1, '88888888', '13666668888', '66666666', 'demo@ql-crm.com', NULL, NULL, NULL, NULL, '使用者', '医生', '442'),
	(611, 611, 97, '口腔科', '庄国卫', 1, '88888888', '13666668888', '66666666', 'demo@ql-crm.com', NULL, NULL, NULL, NULL, '使用者', '医生', '443'),
	(612, 612, 110, '口腔科', '姚松柏', 1, '88888888', '13666668888', '66666666', 'demo@ql-crm.com', NULL, NULL, NULL, NULL, '使用者', '医生', '444'),
	(613, 613, 104, '口腔科', '张林冰', 1, '88888888', '13666668888', '66666666', 'demo@ql-crm.com', NULL, NULL, NULL, NULL, '使用者', '医生', '445'),
	(614, 614, 95, '口腔科', '梁源', 1, '88888888', '13666668888', '66666666', 'demo@ql-crm.com', NULL, NULL, NULL, NULL, '使用者', '医生', '446'),
	(615, 615, 8, '口腔科', '殷博', 1, '88888888', '13666668888', '66666666', 'demo@ql-crm.com', NULL, NULL, NULL, NULL, '使用者', '医生', '447'),
	(616, 616, 113, '口腔科', '江步凡', 1, '88888888', '13666668888', '66666666', 'demo@ql-crm.com', NULL, NULL, NULL, NULL, '使用者', '医生', '448'),
	(617, 617, 120, '口腔科', '刘振宇', 1, '88888888', '13666668888', '66666666', 'demo@ql-crm.com', NULL, NULL, NULL, NULL, '使用者', '医生', '449'),
	(618, 618, 70, '口腔科', '范琳辉', 1, '88888888', '13666668888', '66666666', 'demo@ql-crm.com', NULL, NULL, NULL, NULL, '使用者', '医生', '450'),
	(619, 619, 30, '口腔科', '王大培', 1, '88888888', '13666668888', '66666666', 'demo@ql-crm.com', NULL, NULL, NULL, NULL, '使用者', '医生', '451'),
	(620, 620, 116, '口腔科', '李景荣', 1, '88888888', '13666668888', '66666666', 'demo@ql-crm.com', NULL, NULL, NULL, NULL, '使用者', '医生', '452'),
	(621, 621, 33, '口腔科', '梁源', 1, '88888888', '13666668888', '66666666', 'demo@ql-crm.com', NULL, NULL, NULL, NULL, '使用者', '医生', '453'),
	(622, 622, 76, '口腔科', '梁源', 1, '88888888', '13666668888', '66666666', 'demo@ql-crm.com', NULL, NULL, NULL, NULL, '使用者', '医生', '454'),
	(623, 623, 28, '口腔科', '李光源', 1, '88888888', '13666668888', '66666666', 'demo@ql-crm.com', NULL, NULL, NULL, NULL, '使用者', '医生', '455'),
	(624, 624, 92, '口腔科', '王大培', 1, '88888888', '13666668888', '66666666', 'demo@ql-crm.com', NULL, NULL, NULL, NULL, '使用者', '医生', '456'),
	(625, 625, 80, '口腔科', '蔡伟峰', 1, '88888888', '13666668888', '66666666', 'demo@ql-crm.com', NULL, NULL, NULL, NULL, '使用者', '医生', '457'),
	(626, 626, 57, '口腔科', '宋道鹏', 1, '88888888', '13666668888', '66666666', 'demo@ql-crm.com', NULL, NULL, NULL, NULL, '使用者', '医生', '458'),
	(627, 627, 49, '口腔科', '李光源', 1, '88888888', '13666668888', '66666666', 'demo@ql-crm.com', NULL, NULL, NULL, NULL, '使用者', '医生', '459'),
	(628, 628, 35, '口腔科', '庄国卫', 1, '88888888', '13666668888', '66666666', 'demo@ql-crm.com', NULL, NULL, NULL, NULL, '使用者', '医生', '460'),
	(629, 629, 54, '口腔科', '王建剑', 1, '88888888', '13666668888', '66666666', 'demo@ql-crm.com', NULL, NULL, NULL, NULL, '使用者', '医生', '461'),
	(630, 630, 107, '口腔科', '王先进', 1, '88888888', '13666668888', '66666666', 'demo@ql-crm.com', NULL, NULL, NULL, NULL, '使用者', '医生', '462'),
	(631, 631, 27, '口腔科', '蔡东春', 1, '88888888', '13666668888', '66666666', 'demo@ql-crm.com', NULL, NULL, NULL, NULL, '使用者', '医生', '463'),
	(632, 632, 71, '口腔科', '王建剑', 1, '88888888', '13666668888', '66666666', 'demo@ql-crm.com', NULL, NULL, NULL, NULL, '使用者', '医生', '464'),
	(633, 633, 83, '口腔科', '任亮亮', 1, '88888888', '13666668888', '66666666', 'demo@ql-crm.com', NULL, NULL, NULL, NULL, '使用者', '医生', '465'),
	(634, 634, 108, '口腔科', '舒春燕', 0, '88888888', '13666668888', '66666666', 'demo@ql-crm.com', NULL, NULL, NULL, NULL, '使用者', '医生', '466'),
	(635, 635, 67, '口腔科', '陈言惠', 1, '88888888', '13666668888', '66666666', 'demo@ql-crm.com', NULL, NULL, NULL, NULL, '使用者', '医生', '467'),
	(636, 636, 62, '口腔科', '方冠飞', 1, '88888888', '13666668888', '66666666', 'demo@ql-crm.com', NULL, NULL, NULL, NULL, '使用者', '医生', '468'),
	(637, 637, 15, '口腔科', '杨勇', 1, '88888888', '13666668888', '66666666', 'demo@ql-crm.com', NULL, NULL, NULL, NULL, '使用者', '医生', '469'),
	(638, 638, 37, '口腔科', '丁新胜', 1, '88888888', '13666668888', '66666666', 'demo@ql-crm.com', NULL, NULL, NULL, NULL, '使用者', '医生', '470'),
	(639, 639, 66, '口腔科', '赵儒勇', 1, '88888888', '13666668888', '66666666', 'demo@ql-crm.com', NULL, NULL, NULL, NULL, '使用者', '医生', '471'),
	(640, 640, 39, '口腔科', '侯丽敏', 1, '88888888', '13666668888', '66666666', 'demo@ql-crm.com', NULL, NULL, NULL, NULL, '使用者', '医生', '472'),
	(641, 641, 118, '口腔科', '周维民', 1, '88888888', '13666668888', '66666666', 'demo@ql-crm.com', NULL, NULL, NULL, NULL, '使用者', '医生', '473'),
	(642, 642, 22, '口腔科', '宋大贵', 1, '88888888', '13666668888', '66666666', 'demo@ql-crm.com', NULL, NULL, NULL, NULL, '使用者', '医生', '474'),
	(643, 643, 79, '口腔科', '蔡红亮', 1, '88888888', '13666668888', '66666666', 'demo@ql-crm.com', NULL, NULL, NULL, NULL, '使用者', '医生', '475'),
	(644, 644, 78, '口腔科', '阮仁权', 1, '88888888', '13666668888', '66666666', 'demo@ql-crm.com', NULL, NULL, NULL, NULL, '使用者', '医生', '476'),
	(645, 645, 16, '口腔科', '詹初盛', 1, '88888888', '13666668888', '66666666', 'demo@ql-crm.com', NULL, NULL, NULL, NULL, '使用者', '医生', '477'),
	(646, 646, 99, '口腔科', '丁新胜', 1, '88888888', '13666668888', '66666666', 'demo@ql-crm.com', NULL, NULL, NULL, NULL, '使用者', '医生', '478'),
	(647, 647, 55, '口腔科', '王文俊', 1, '88888888', '13666668888', '66666666', 'demo@ql-crm.com', NULL, NULL, NULL, NULL, '使用者', '医生', '479'),
	(648, 648, 32, '口腔科', '毛瑜', 1, '88888888', '13666668888', '66666666', 'demo@ql-crm.com', NULL, NULL, NULL, NULL, '使用者', '医生', '480');
/*!40000 ALTER TABLE `optcontact` ENABLE KEYS */;

-- 导出  表 vsms.optcontactrole 结构
DROP TABLE IF EXISTS `optcontactrole`;
CREATE TABLE IF NOT EXISTS `optcontactrole` (
  `id` int(10) NOT NULL AUTO_INCREMENT COMMENT 'ID',
  `role` varchar(500) DEFAULT NULL COMMENT '角色名',
  `roleen` varchar(500) DEFAULT NULL COMMENT '机会联系人角色名 --英文对照',
  `isdelete` tinyint(1) DEFAULT NULL COMMENT '是否删除：0-否，1-是',
  `importreferid` varchar(200) DEFAULT NULL COMMENT '导入引用id',
  `sort` int(10) DEFAULT NULL COMMENT '排序',
  PRIMARY KEY (`id`),
  UNIQUE KEY `importreferid` (`importreferid`)
) ENGINE=InnoDB DEFAULT CHARSET=utf8 COMMENT='联系人角色表';

-- 正在导出表  vsms.optcontactrole 的数据：~6 rows (大约)
/*!40000 ALTER TABLE `optcontactrole` DISABLE KEYS */;
INSERT INTO `optcontactrole` (`id`, `role`, `roleen`, `isdelete`, `importreferid`, `sort`) VALUES
	(1, '使用者', 'User', 0, '1', NULL),
	(2, '使用负责人', 'User manager', 0, '2', NULL),
	(3, '采购者', 'Buyer', 0, '3', NULL),
	(4, '采购负责人', 'Purchase manager', 0, '4', NULL),
	(5, '决策者', 'Decision-maker', 0, '5', NULL),
	(6, '其它', 'Others', 0, '6', NULL);
/*!40000 ALTER TABLE `optcontactrole` ENABLE KEYS */;

-- 导出  表 vsms.optestimatesnap 结构
DROP TABLE IF EXISTS `optestimatesnap`;
CREATE TABLE IF NOT EXISTS `optestimatesnap` (
  `id` int(10) NOT NULL AUTO_INCREMENT COMMENT 'ID',
  `optid` int(10) DEFAULT NULL COMMENT '机会id',
  `optno` varchar(500) DEFAULT NULL COMMENT '机会编号',
  `leadid` int(10) DEFAULT NULL COMMENT '市场线索id',
  `sourceid` int(10) DEFAULT NULL COMMENT '来源id',
  `customerid` int(10) DEFAULT NULL COMMENT '客户id',
  `opttype` smallint(5) DEFAULT NULL COMMENT '机会类型：1-内贸，2-外贸',
  `optname` varchar(500) DEFAULT NULL COMMENT '项目名称',
  `totalprice` decimal(14,2) DEFAULT NULL COMMENT '机会总值',
  `totalcost` decimal(14,2) DEFAULT NULL COMMENT '机会产品总成本',
  `totalpriceminor` decimal(14,2) DEFAULT NULL COMMENT '机会产品总值(辅货币)',
  `totalcostminor` decimal(14,2) DEFAULT NULL COMMENT '机会产品总成本(辅货币)',
  `optexpend` decimal(14,2) DEFAULT NULL COMMENT '机会费用',
  `otherexpend` decimal(14,2) DEFAULT NULL COMMENT '其他费用',
  `planoverdate` date DEFAULT NULL COMMENT '预计结单日期',
  `realityoverdate` date DEFAULT NULL COMMENT '实际结单日期',
  `possibilityid` int(10) DEFAULT NULL COMMENT '竞争机会id',
  `stageid` int(10) DEFAULT NULL COMMENT '进展阶段id',
  `createrid` int(10) DEFAULT NULL COMMENT '创建人id',
  `createdatetime` datetime DEFAULT NULL COMMENT '创建时间',
  `confidenceindex` float DEFAULT NULL COMMENT '信心指数',
  `optstatus` smallint(5) DEFAULT NULL COMMENT '机会状态：1-跟踪，2-成功，3-搁置，4-失败，5-失效',
  `optlevel` smallint(5) DEFAULT NULL COMMENT '机会等级：1-一般，2-紧急，3-重要',
  `remark` text COMMENT '备注',
  `ownerid` int(10) DEFAULT NULL COMMENT '所属人id',
  `procurementmethodid` int(10) DEFAULT NULL,
  `faranchiseid` int(10) DEFAULT NULL,
  `currencyid` int(10) DEFAULT NULL COMMENT '币种id,暂时1/主币种,2/辅币种',
  `snapdate` int(11) DEFAULT NULL COMMENT '镜像日期',
  PRIMARY KEY (`id`),
  KEY `index_optid` (`optid`),
  KEY `index_snapdate` (`snapdate`)
) ENGINE=InnoDB DEFAULT CHARSET=utf8 COMMENT='销售机会预测快照表';

-- 正在导出表  vsms.optestimatesnap 的数据：~422 rows (大约)
/*!40000 ALTER TABLE `optestimatesnap` DISABLE KEYS */;
INSERT INTO `optestimatesnap` (`id`, `optid`, `optno`, `leadid`, `sourceid`, `customerid`, `opttype`, `optname`, `totalprice`, `totalcost`, `totalpriceminor`, `totalcostminor`, `optexpend`, `otherexpend`, `planoverdate`, `realityoverdate`, `possibilityid`, `stageid`, `createrid`, `createdatetime`, `confidenceindex`, `optstatus`, `optlevel`, `remark`, `ownerid`, `procurementmethodid`, `faranchiseid`, `currencyid`, `snapdate`) VALUES
	(1, 1, 'OPT000001', NULL, 4, 20, 1, '南宁梁芳丽口腔诊所手机工具', 29000.00, 8700.00, 4000.00, 1000.00, NULL, NULL, '2017-01-30', NULL, 4, 6, 5, '2016-10-23 10:26:16', NULL, 1, 1, NULL, 5, 1, 2, 1, 201701),
	(2, 2, 'OPT000002', NULL, 2, 106, 1, '熊猫集团医院影像设备', 300000.00, 150000.00, 46200.00, 23100.00, NULL, NULL, '2017-01-30', NULL, 4, 6, 5, '2016-10-25 09:03:24', NULL, 1, 1, NULL, 5, 1, 2, 1, 201701),
	(3, 3, 'OPT000003', NULL, 2, 38, 1, '成都医学院附属医院牙椅设备', 480000.00, 192000.00, 73800.00, 29600.00, NULL, NULL, '2017-01-30', NULL, 4, 6, 3, '2016-10-25 14:58:55', NULL, 1, 1, NULL, 3, 2, 2, 1, 201701),
	(4, 4, 'OPT000004', NULL, 4, 19, 1, '湖北十堰郧西县人民医院影像设备', 690000.00, 345000.00, 106200.00, 53100.00, NULL, NULL, '2017-01-30', NULL, 4, 6, 5, '2016-10-28 01:19:44', NULL, 1, 1, NULL, 5, 2, 2, 1, 201701),
	(5, 5, 'OPT000005', NULL, 2, 2, 1, '山东省级机关医院手机工具', 33000.00, 9900.00, 5000.00, 2000.00, NULL, NULL, '2017-01-30', NULL, 4, 6, 6, '2016-10-29 17:41:34', NULL, 1, 1, NULL, 6, 2, 1, 1, 201701),
	(6, 6, 'OPT000006', NULL, 4, 75, 1, '温州医科大学附属口腔医院手机工具', 100000.00, 30000.00, 15000.00, 5000.00, NULL, NULL, '2017-01-30', NULL, 4, 6, 3, '2016-10-30 00:32:06', NULL, 1, 1, NULL, 3, 2, 2, 1, 201701),
	(7, 7, 'OPT000007', NULL, 4, 72, 1, '苏州市吴中区人民医院牙椅设备', 240000.00, 96000.00, 37000.00, 14800.00, NULL, NULL, '2017-01-30', NULL, 4, 6, 3, '2016-10-31 09:40:03', NULL, 1, 1, NULL, 3, 2, 2, 1, 201701),
	(8, 8, 'OPT000008', NULL, 2, 116, 1, '西安联帮口腔牙椅设备', 254000.00, 101600.00, 39000.00, 15600.00, NULL, NULL, '2017-01-30', NULL, 4, 6, 6, '2016-11-03 10:08:07', NULL, 1, 1, NULL, 6, 1, 1, 1, 201701),
	(9, 9, 'OPT000009', NULL, 4, 21, 1, '武汉天姿口腔门诊牙椅设备', 130000.00, 52000.00, 20000.00, 8000.00, NULL, NULL, '2017-01-30', NULL, 4, 6, 5, '2016-11-07 16:58:20', NULL, 1, 1, NULL, 5, 1, 2, 1, 201701),
	(10, 10, 'OPT000010', NULL, 2, 97, 1, '淮安诺贝尔口腔医院牙椅设备', 254000.00, 101600.00, 39000.00, 15600.00, NULL, NULL, '2017-01-30', NULL, 4, 6, 5, '2016-11-09 02:06:00', NULL, 1, 1, NULL, 5, 1, 2, 1, 201701),
	(11, 11, 'OPT000011', NULL, 2, 117, 1, '西安市第5医院影像设备', 570000.00, 285000.00, 87700.00, 43800.00, NULL, NULL, '2017-01-30', NULL, 4, 6, 6, '2016-11-09 08:06:22', NULL, 1, 1, NULL, 6, 2, 1, 1, 201701),
	(12, 12, 'OPT000012', NULL, 2, 99, 1, '连云港妇幼保健医院手机工具', 100000.00, 30000.00, 15000.00, 5000.00, NULL, NULL, '2017-01-30', NULL, 4, 6, 5, '2016-11-09 12:59:37', NULL, 1, 1, NULL, 5, 2, 2, 1, 201701),
	(13, 13, 'OPT000013', NULL, 4, 79, 1, '无锡电力疗养院手机工具', 69000.00, 20700.00, 11000.00, 3000.00, NULL, NULL, '2017-01-30', NULL, 4, 6, 3, '2016-11-10 04:41:43', NULL, 1, 1, NULL, 3, 1, 2, 1, 201701),
	(14, 14, 'OPT000014', NULL, 2, 95, 1, '朝阳区社区卫生服务管理中心牙椅设备', 480000.00, 192000.00, 73800.00, 29600.00, NULL, NULL, '2017-01-30', NULL, 4, 6, 6, '2016-11-10 20:45:09', NULL, 1, 1, NULL, 6, 2, 1, 1, 201701),
	(15, 15, 'OPT000015', NULL, 2, 96, 1, '欢乐口腔影像设备', 76500.00, 38250.00, 11800.00, 5900.00, NULL, NULL, '2017-01-30', NULL, 3, 5, 6, '2016-11-18 20:26:40', NULL, 1, 1, NULL, 6, 1, 1, 1, 201701),
	(16, 16, 'OPT000016', NULL, 2, 98, 1, '江苏省中医院影像设备', 480000.00, 240000.00, 73800.00, 36900.00, NULL, NULL, '2017-01-30', NULL, 3, 5, 5, '2016-11-19 00:27:02', NULL, 1, 1, NULL, 5, 2, 2, 1, 201701),
	(17, 17, 'OPT000017', NULL, 2, 37, 1, '成都温江劲游牙科手机工具', 29000.00, 8700.00, 4000.00, 1000.00, NULL, NULL, '2017-01-30', NULL, 3, 5, 3, '2016-11-19 09:05:21', NULL, 1, 1, NULL, 3, 1, 2, 1, 201701),
	(18, 21, 'OPT000021', NULL, 2, 115, 1, '西安欢乐口腔手机工具', 37000.00, 11100.00, 6000.00, 2000.00, NULL, NULL, '2017-01-30', NULL, 3, 5, 6, '2016-11-26 17:07:38', NULL, 1, 1, NULL, 6, 1, 1, 1, 201701),
	(19, 23, 'OPT000023', NULL, 2, 1, 1, '山东麦芽口腔连锁机构影像设备', 690000.00, 345000.00, 106200.00, 53100.00, NULL, NULL, '2017-01-30', NULL, 3, 5, 6, '2016-11-28 04:20:15', NULL, 1, 1, NULL, 6, 1, 1, 1, 201701),
	(20, 24, 'OPT000024', NULL, 2, 105, 1, '泗阳县中医院教学设备', 160000.00, 48000.00, 24600.00, 7400.00, NULL, NULL, '2017-01-30', NULL, 3, 5, 5, '2016-11-29 02:22:24', NULL, 1, 1, NULL, 5, 2, 2, 1, 201701),
	(21, 31, 'OPT000031', NULL, 4, 80, 1, '无锡冯友伟口腔牙椅设备', 130000.00, 52000.00, 20000.00, 8000.00, NULL, NULL, '2017-01-30', NULL, 3, 5, 3, '2016-12-07 04:33:33', NULL, 1, 1, NULL, 3, 1, 2, 1, 201701),
	(22, 32, 'OPT000032', NULL, 2, 36, 1, '成都瑞泰口腔医院影像设备', 1150000.00, 575000.00, 176900.00, 88500.00, NULL, NULL, '2017-01-30', NULL, 2, 4, 3, '2016-12-08 22:30:25', NULL, 1, 1, NULL, 3, 1, 2, 1, 201701),
	(23, 33, 'OPT000033', NULL, 4, 73, 1, '台州医院路桥分院教学设备', 160000.00, 48000.00, 24600.00, 7400.00, NULL, NULL, '2017-01-30', NULL, 2, 4, 3, '2016-12-10 05:00:34', NULL, 1, 1, NULL, 3, 1, 2, 1, 201701),
	(24, 36, 'OPT000036', NULL, 4, 74, 1, '温岭郎德口腔门诊影像设备', 690000.00, 345000.00, 106200.00, 53100.00, NULL, NULL, '2017-01-30', NULL, 2, 4, 3, '2016-12-13 23:13:47', NULL, 1, 1, NULL, 3, 1, 2, 1, 201701),
	(25, 37, 'OPT000037', NULL, 2, 103, 1, '南京市武警医院手机工具', 48000.00, 14400.00, 7000.00, 2000.00, NULL, NULL, '2017-01-30', NULL, 2, 4, 5, '2016-12-14 13:42:00', NULL, 1, 1, NULL, 5, 2, 2, 1, 201701),
	(26, 38, 'OPT000038', NULL, 2, 104, 1, '泗阳胡氏口腔医院牙椅设备', 240000.00, 96000.00, 37000.00, 14800.00, NULL, NULL, '2017-01-30', NULL, 2, 4, 5, '2016-12-14 18:27:54', NULL, 1, 1, NULL, 5, 1, 2, 1, 201701),
	(27, 39, 'OPT000039', NULL, 2, 81, 1, '萧山中医院影像设备', 230000.00, 115000.00, 35400.00, 17700.00, NULL, NULL, '2017-01-30', NULL, 2, 4, 3, '2016-12-18 12:29:46', NULL, 1, 1, NULL, 3, 2, 2, 1, 201701),
	(28, 42, 'OPT000042', NULL, 2, 3, 1, '山东医科大学附属第二医院牙椅设备', 240000.00, 96000.00, 37000.00, 14800.00, NULL, NULL, '2017-01-30', NULL, 2, 4, 6, '2016-12-21 09:49:16', NULL, 1, 1, NULL, 6, 2, 1, 1, 201701),
	(29, 45, 'OPT000045', NULL, 2, 4, 1, '济南金源口腔教学设备', 100000.00, 30000.00, 15000.00, 5000.00, NULL, NULL, '2017-01-30', NULL, 2, 4, 6, '2016-12-23 14:47:30', NULL, 1, 1, NULL, 6, 1, 1, 1, 201701),
	(30, 47, 'OPT000047', NULL, 2, 110, 1, '韩大夫口腔手机工具', 100000.00, 30000.00, 15000.00, 5000.00, NULL, NULL, '2017-01-30', NULL, 2, 4, 6, '2016-12-24 02:27:31', NULL, 1, 1, NULL, 6, 1, 1, 1, 201701),
	(32, 15, 'OPT000015', NULL, 2, 96, 1, '欢乐口腔影像设备', 76500.00, 38250.00, 11800.00, 5900.00, NULL, NULL, '2017-02-28', NULL, 3, 5, 6, '2016-11-18 20:26:40', NULL, 1, 1, NULL, 6, 1, 1, 1, 201702),
	(33, 18, 'OPT000018', 6, 2, 82, 1, '张家港市人民医院手机工具', 48000.00, 14400.00, 7000.00, 2000.00, NULL, NULL, '2017-02-28', NULL, 4, 6, 3, '2016-11-20 10:49:04', NULL, 1, 1, NULL, 3, 2, 2, 1, 201702),
	(34, 19, 'OPT000019', NULL, 2, 111, 1, '陕西户县森工医院牙椅设备', 254000.00, 101600.00, 39000.00, 15600.00, NULL, NULL, '2017-02-28', NULL, 4, 6, 6, '2016-11-24 01:22:04', NULL, 1, 1, NULL, 6, 2, 1, 1, 201702),
	(35, 20, 'OPT000020', 18, 2, 100, 1, '涟水县人民医院牙椅设备', 254000.00, 101600.00, 39000.00, 15600.00, NULL, NULL, '2017-02-28', NULL, 4, 6, 5, '2016-11-26 01:57:48', NULL, 1, 1, NULL, 5, 2, 2, 1, 201702),
	(36, 22, 'OPT000022', 19, 2, 109, 1, '扬州高邮市中医院影像设备', 230000.00, 115000.00, 35400.00, 17700.00, NULL, NULL, '2017-02-28', NULL, 4, 6, 5, '2016-11-27 11:20:30', NULL, 1, 1, NULL, 5, 2, 2, 1, 201702),
	(37, 24, 'OPT000024', 20, 2, 105, 1, '泗阳县中医院教学设备', 160000.00, 48000.00, 24600.00, 7400.00, NULL, NULL, '2017-02-28', NULL, 3, 5, 5, '2016-11-29 02:22:24', NULL, 1, 1, NULL, 5, 2, 2, 1, 201702),
	(38, 25, 'OPT000025', 7, 2, 83, 1, '镇江第一人民医院牙椅设备', 254000.00, 101600.00, 39000.00, 15600.00, NULL, NULL, '2017-02-28', NULL, 4, 6, 3, '2016-11-29 17:18:56', NULL, 1, 1, NULL, 3, 2, 2, 1, 201702),
	(39, 26, 'OPT000026', NULL, 2, 24, 1, '大都会国际牙科中心牙椅设备', 480000.00, 192000.00, 73800.00, 29600.00, NULL, NULL, '2017-02-28', NULL, 4, 6, 5, '2016-12-02 22:01:45', NULL, 1, 1, NULL, 5, 1, 2, 1, 201702),
	(40, 27, 'OPT000027', 29, 2, 6, 1, '济南市中医院手机工具', 33000.00, 9900.00, 5000.00, 2000.00, NULL, NULL, '2017-02-28', NULL, 4, 6, 6, '2016-12-03 17:49:47', NULL, 1, 1, NULL, 6, 2, 1, 1, 201702),
	(41, 28, 'OPT000028', 30, 2, 118, 1, '西安市中心医院手机工具', 37000.00, 11100.00, 6000.00, 2000.00, NULL, NULL, '2017-02-28', NULL, 4, 6, 6, '2016-12-03 18:25:48', NULL, 1, 1, NULL, 6, 2, 1, 1, 201702),
	(42, 29, 'OPT000029', 8, 2, 84, 1, '镇江口腔医院教学设备', 160000.00, 48000.00, 24600.00, 7400.00, NULL, NULL, '2017-02-28', NULL, 4, 6, 3, '2016-12-06 03:35:00', NULL, 1, 1, NULL, 3, 2, 2, 1, 201702),
	(43, 30, 'OPT000030', NULL, 2, 107, 1, '宿迁第一人民医院手机工具', 48000.00, 14400.00, 7000.00, 2000.00, NULL, NULL, '2017-02-28', NULL, 4, 6, 5, '2016-12-06 05:57:35', NULL, 1, 1, NULL, 5, 2, 2, 1, 201702),
	(44, 34, 'OPT000034', NULL, 2, 25, 1, '佛山崔医生牙科教学设备', 160000.00, 48000.00, 24600.00, 7400.00, NULL, NULL, '2017-02-28', NULL, 4, 6, 5, '2016-12-13 12:47:45', NULL, 1, 1, NULL, 5, 1, 2, 1, 201702),
	(45, 35, 'OPT000035', NULL, 2, 85, 1, '郑博口腔门诊部影像设备', 76500.00, 38250.00, 11800.00, 5900.00, NULL, NULL, '2017-02-28', NULL, 4, 6, 3, '2016-12-13 15:41:07', NULL, 1, 1, NULL, 3, 1, 2, 1, 201702),
	(46, 40, 'OPT000040', NULL, 4, 22, 1, '宜昌市中心人民医院影像设备', 1150000.00, 575000.00, 176900.00, 88500.00, NULL, NULL, '2017-02-28', NULL, 3, 5, 5, '2016-12-20 07:17:37', NULL, 1, 1, NULL, 5, 2, 2, 1, 201702),
	(47, 41, 'OPT000041', NULL, 2, 41, 1, '眉山市青神悦尔口腔牙椅设备', 254000.00, 101600.00, 39000.00, 15600.00, NULL, NULL, '2017-02-28', NULL, 4, 6, 3, '2016-12-20 22:21:52', NULL, 1, 1, NULL, 3, 1, 2, 1, 201702),
	(48, 44, 'OPT000044', NULL, 4, 77, 1, '无锡101医院影像设备', 690000.00, 345000.00, 106200.00, 53100.00, NULL, NULL, '2017-02-28', NULL, 3, 5, 3, '2016-12-23 00:48:20', NULL, 1, 1, NULL, 3, 2, 2, 1, 201702),
	(49, 50, 'OPT000050', NULL, 2, 23, 1, 'Global Dental 儿童诊所手机工具', 29000.00, 8700.00, 4000.00, 1000.00, NULL, NULL, '2017-02-28', NULL, 3, 5, 5, '2016-12-27 16:59:07', NULL, 1, 1, NULL, 5, 1, 2, 1, 201702),
	(50, 53, 'OPT000053', NULL, 2, 112, 1, '西安爱雅口腔医院教学设备', 160000.00, 48000.00, 24600.00, 7400.00, NULL, NULL, '2017-02-28', NULL, 3, 5, 6, '2016-12-29 01:30:37', NULL, 1, 1, NULL, 6, 1, 1, 1, 201702),
	(51, 55, 'OPT000055', NULL, 2, 7, 1, '青岛美伦美口腔门诊部牙椅设备', 130000.00, 52000.00, 20000.00, 8000.00, NULL, NULL, '2017-02-28', NULL, 3, 5, 6, '2016-12-29 11:05:22', NULL, 1, 1, NULL, 6, 1, 1, 1, 201702),
	(52, 56, 'OPT000056', NULL, 2, 5, 1, '济南市妇幼保健院影像设备', 690000.00, 345000.00, 106200.00, 53100.00, NULL, NULL, '2017-02-28', NULL, 3, 5, 6, '2016-12-30 01:44:15', NULL, 1, 1, NULL, 6, 2, 1, 1, 201702),
	(53, 57, 'OPT000057', NULL, 2, 101, 1, '南京军区南京药品器材供应站影像设备', 1250000.00, 625000.00, 192300.00, 96200.00, NULL, NULL, '2017-02-28', NULL, 3, 5, 5, '2016-12-30 02:47:19', NULL, 1, 1, NULL, 5, 2, 2, 1, 201702),
	(54, 59, 'OPT000059', NULL, 2, 39, 1, '华西口腔种植医院影像设备', 570000.00, 285000.00, 87700.00, 43800.00, NULL, NULL, '2017-02-28', NULL, 2, 4, 3, '2017-01-09 10:03:53', NULL, 1, 1, NULL, 3, 1, 2, 1, 201702),
	(55, 60, 'OPT000060', NULL, 2, 102, 1, '南京浦口中医院手机工具', 100000.00, 30000.00, 15000.00, 5000.00, NULL, NULL, '2017-02-28', NULL, 2, 4, 5, '2017-01-10 03:10:41', NULL, 1, 1, NULL, 5, 2, 2, 1, 201702),
	(56, 64, 'OPT000064', NULL, 2, 114, 1, '西安第8医院手机工具', 100000.00, 30000.00, 15000.00, 5000.00, NULL, NULL, '2017-02-28', NULL, 2, 4, 6, '2017-01-11 02:23:39', NULL, 1, 1, NULL, 6, 2, 1, 1, 201702),
	(57, 66, 'OPT000066', NULL, 4, 76, 1, '温州医科大学温州市第三临床学院牙椅设备', 254000.00, 101600.00, 39000.00, 15600.00, NULL, NULL, '2017-02-28', NULL, 2, 4, 3, '2017-01-12 19:38:31', NULL, 1, 1, NULL, 3, 2, 2, 1, 201702),
	(58, 67, 'OPT000067', NULL, 6, 120, 1, '延安大学附属医院影像设备', 300000.00, 150000.00, 46200.00, 23100.00, NULL, NULL, '2017-02-28', NULL, 2, 4, 6, '2017-01-12 22:34:41', NULL, 1, 1, NULL, 6, 2, 1, 1, 201702),
	(59, 68, 'OPT000068', NULL, 2, 108, 1, '徐州沛县口腔医院牙椅设备', 254000.00, 101600.00, 39000.00, 15600.00, NULL, NULL, '2017-02-28', NULL, 2, 4, 5, '2017-01-14 08:35:41', NULL, 1, 1, NULL, 5, 2, 2, 1, 201702),
	(60, 71, 'OPT000071', NULL, 4, 78, 1, '无锡爱牙口腔手机工具', 100000.00, 30000.00, 15000.00, 5000.00, NULL, NULL, '2017-02-28', NULL, 2, 4, 3, '2017-01-17 20:46:03', NULL, 1, 1, NULL, 3, 1, 2, 1, 201702),
	(61, 72, 'OPT000072', NULL, 2, 40, 1, '乐山梁医生诊所手机工具', 29000.00, 8700.00, 4000.00, 1000.00, NULL, NULL, '2017-02-28', NULL, 2, 4, 3, '2017-01-18 21:58:30', NULL, 1, 1, NULL, 3, 1, 2, 1, 201702),
	(62, 79, 'OPT000079', NULL, 2, 113, 1, '西安拜博920口腔影像设备', 480000.00, 240000.00, 73800.00, 36900.00, NULL, NULL, '2017-02-28', NULL, 1, 3, 6, '2017-01-23 10:34:56', NULL, 1, 1, NULL, 6, 1, 1, 1, 201702),
	(63, 81, 'OPT000081', NULL, 2, 119, 1, '西安优意口腔医院中视野CT牙椅设备', 254000.00, 101600.00, 39000.00, 15600.00, NULL, NULL, '2017-02-28', NULL, 1, 3, 6, '2017-01-24 01:52:37', NULL, 1, 1, NULL, 6, 1, 1, 1, 201702),
	(95, 20, 'OPT000020', 18, 2, 100, 1, '涟水县人民医院牙椅设备', 254000.00, 101600.00, 39000.00, 15600.00, NULL, NULL, '2017-03-28', NULL, 4, 6, 5, '2016-11-26 01:57:48', NULL, 1, 1, NULL, 5, 2, 2, 1, 201703),
	(96, 21, 'OPT000021', 27, 2, 115, 1, '西安欢乐口腔手机工具', 37000.00, 11100.00, 6000.00, 2000.00, NULL, NULL, '2017-03-30', NULL, 3, 5, 6, '2016-11-26 17:07:38', NULL, 1, 1, NULL, 6, 1, 1, 1, 201703),
	(97, 32, 'OPT000032', 10, 2, 36, 1, '成都瑞泰口腔医院影像设备', 1150000.00, 575000.00, 176900.00, 88500.00, NULL, NULL, '2017-03-30', NULL, 2, 4, 3, '2016-12-08 22:30:25', NULL, 1, 1, NULL, 3, 1, 2, 1, 201703),
	(98, 33, 'OPT000033', 36, 4, 73, 1, '台州医院路桥分院教学设备', 160000.00, 48000.00, 24600.00, 7400.00, NULL, NULL, '2017-03-30', NULL, 2, 4, 3, '2016-12-10 05:00:34', NULL, 1, 1, NULL, 3, 1, 2, 1, 201703),
	(99, 43, 'OPT000043', NULL, 4, 79, 1, '无锡电力疗养院牙椅设备', 480000.00, 192000.00, 73800.00, 29600.00, NULL, NULL, '2017-03-30', NULL, 4, 6, 3, '2016-12-22 03:48:56', NULL, 1, 1, NULL, 3, 1, 2, 1, 201703),
	(100, 46, 'OPT000046', NULL, 2, 54, 1, '常州北极星口腔门诊部牙椅设备', 254000.00, 101600.00, 39000.00, 15600.00, NULL, NULL, '2017-03-30', NULL, 4, 6, 3, '2016-12-23 20:28:31', NULL, 1, 1, NULL, 3, 1, 2, 1, 201703),
	(101, 48, 'OPT000048', NULL, 2, 81, 1, '萧山中医院手机工具', 100000.00, 30000.00, 15000.00, 5000.00, NULL, NULL, '2017-03-30', NULL, 4, 6, 3, '2016-12-24 03:52:32', NULL, 1, 1, NULL, 3, 2, 2, 1, 201703),
	(102, 49, 'OPT000049', NULL, 2, 106, 1, '熊猫集团医院手机工具', 100000.00, 30000.00, 15000.00, 5000.00, NULL, NULL, '2017-03-30', NULL, 4, 6, 5, '2016-12-26 07:04:26', NULL, 1, 1, NULL, 5, 1, 2, 1, 201703),
	(103, 51, 'OPT000051', NULL, 4, 19, 1, '湖北十堰郧西县人民医院手机工具', 48000.00, 14400.00, 7000.00, 2000.00, NULL, NULL, '2017-03-30', NULL, 4, 6, 5, '2016-12-28 01:41:01', NULL, 1, 1, NULL, 5, 2, 2, 1, 201703),
	(104, 52, 'OPT000052', NULL, 2, 103, 1, '南京市武警医院牙椅设备', 480000.00, 192000.00, 73800.00, 29600.00, NULL, NULL, '2017-03-30', NULL, 4, 6, 5, '2016-12-28 07:25:21', NULL, 1, 1, NULL, 5, 2, 2, 1, 201703),
	(105, 54, 'OPT000054', NULL, 2, 37, 1, '成都温江劲游牙科牙椅设备', 480000.00, 192000.00, 73800.00, 29600.00, NULL, NULL, '2017-03-30', NULL, 4, 6, 3, '2016-12-29 07:43:10', NULL, 1, 1, NULL, 3, 1, 2, 1, 201703),
	(106, 57, 'OPT000057', NULL, 2, 101, 1, '南京军区南京药品器材供应站影像设备', 1250000.00, 625000.00, 192300.00, 96200.00, NULL, NULL, '2017-03-28', NULL, 3, 5, 5, '2016-12-30 02:47:19', NULL, 1, 1, NULL, 5, 2, 2, 1, 201703),
	(107, 58, 'OPT000058', NULL, 2, 3, 1, '山东医科大学附属第二医院教学设备', 160000.00, 48000.00, 24600.00, 7400.00, NULL, NULL, '2017-03-30', NULL, 4, 6, 6, '2017-01-03 16:07:23', NULL, 1, 1, NULL, 6, 2, 1, 1, 201703),
	(108, 61, 'OPT000061', NULL, 2, 38, 1, '成都医学院附属医院影像设备', 480000.00, 240000.00, 73800.00, 36900.00, NULL, NULL, '2017-03-30', NULL, 4, 6, 3, '2017-01-10 07:25:08', NULL, 1, 1, NULL, 3, 2, 2, 1, 201703),
	(109, 62, 'OPT000062', NULL, 2, 116, 1, '西安联帮口腔影像设备', 1250000.00, 625000.00, 192300.00, 96200.00, NULL, NULL, '2017-03-30', NULL, 4, 6, 6, '2017-01-10 13:30:37', NULL, 1, 1, NULL, 6, 1, 1, 1, 201703),
	(110, 63, 'OPT000063', NULL, 2, 8, 1, '青岛市第五医院影像设备', 1150000.00, 575000.00, 176900.00, 88500.00, NULL, NULL, '2017-03-30', NULL, 4, 6, 6, '2017-01-10 18:35:50', NULL, 1, 1, NULL, 6, 2, 1, 1, 201703),
	(111, 65, 'OPT000065', NULL, 3, 9, 1, '中国人民解放军第一七五医院手机工具', 33000.00, 9900.00, 5000.00, 2000.00, NULL, NULL, '2017-03-30', NULL, 4, 6, 6, '2017-01-11 22:37:29', NULL, 1, 1, NULL, 6, 2, 1, 1, 201703),
	(112, 69, 'OPT000069', NULL, 2, 28, 1, '佛山向阳医院牙椅设备', 254000.00, 101600.00, 39000.00, 15600.00, NULL, NULL, '2017-03-30', NULL, 4, 6, 5, '2017-01-16 19:02:01', NULL, 1, 1, NULL, 5, 1, 2, 1, 201703),
	(113, 70, 'OPT000070', NULL, 2, 27, 1, '佛山天博瑞口腔手机工具', 29000.00, 8700.00, 4000.00, 1000.00, NULL, NULL, '2017-03-30', NULL, 3, 5, 5, '2017-01-17 00:19:07', NULL, 1, 1, NULL, 5, 1, 2, 1, 201703),
	(114, 73, 'OPT000073', NULL, 2, 42, 1, '眉山市中医院影像设备', 300000.00, 150000.00, 46200.00, 23100.00, NULL, NULL, '2017-03-30', NULL, 3, 5, 3, '2017-01-22 02:25:10', NULL, 1, 1, NULL, 3, 2, 2, 1, 201703),
	(115, 76, 'OPT000076', NULL, 4, 21, 1, '武汉天姿口腔门诊影像设备', 76500.00, 38250.00, 11800.00, 5900.00, NULL, NULL, '2017-03-30', NULL, 3, 5, 5, '2017-01-22 14:35:02', NULL, 1, 1, NULL, 5, 1, 2, 1, 201703),
	(116, 77, 'OPT000077', NULL, 4, 20, 1, '南宁梁芳丽口腔诊所牙椅设备', 480000.00, 192000.00, 73800.00, 29600.00, NULL, NULL, '2017-03-30', NULL, 3, 5, 5, '2017-01-22 17:24:06', NULL, 1, 1, NULL, 5, 1, 2, 1, 201703),
	(117, 78, 'OPT000078', NULL, 3, 10, 1, '北京军区三门诊社区服务中心牙椅设备', 254000.00, 101600.00, 39000.00, 15600.00, NULL, NULL, '2017-03-30', NULL, 3, 5, 6, '2017-01-23 03:10:20', NULL, 1, 1, NULL, 6, 2, 1, 1, 201703),
	(118, 80, 'OPT000080', NULL, 2, 26, 1, '佛山市口腔医院影像设备', 570000.00, 285000.00, 87700.00, 43800.00, NULL, NULL, '2017-03-30', NULL, 3, 5, 5, '2017-01-23 13:43:59', NULL, 1, 1, NULL, 5, 2, 2, 1, 201703),
	(119, 82, 'OPT000082', NULL, 2, 1, 1, '山东麦芽口腔连锁机构手机工具', 37000.00, 11100.00, 6000.00, 2000.00, NULL, NULL, '2017-03-30', NULL, 3, 5, 6, '2017-01-25 00:03:07', NULL, 1, 1, NULL, 6, 1, 1, 1, 201703),
	(120, 84, 'OPT000084', NULL, 2, 36, 1, '成都瑞泰口腔医院手机工具', 48000.00, 14400.00, 7000.00, 2000.00, NULL, NULL, '2017-03-30', NULL, 3, 5, 3, '2017-01-26 06:10:09', NULL, 1, 1, NULL, 3, 1, 2, 1, 201703),
	(121, 85, 'OPT000085', NULL, 4, 80, 1, '无锡冯友伟口腔影像设备', 1150000.00, 575000.00, 176900.00, 88500.00, NULL, NULL, '2017-03-30', NULL, 3, 5, 3, '2017-01-28 07:10:17', NULL, 1, 1, NULL, 3, 1, 2, 1, 201703),
	(122, 130, 'OPT000088', NULL, 2, 117, 1, '西安市第5医院手机工具', 100000.00, 30000.00, 15000.00, 5000.00, NULL, NULL, '2017-03-30', NULL, 3, 5, 6, '2017-02-02 14:31:15', NULL, 1, 1, NULL, 6, 2, 1, 1, 201703),
	(123, 134, 'OPT000092', NULL, 2, 105, 1, '泗阳县中医院影像设备', 690000.00, 345000.00, 106200.00, 53100.00, NULL, NULL, '2017-03-30', NULL, 2, 4, 5, '2017-02-05 18:24:48', NULL, 1, 1, NULL, 5, 2, 2, 1, 201703),
	(124, 135, 'OPT000093', NULL, 2, 4, 1, '济南金源口腔影像设备', 230000.00, 115000.00, 35400.00, 17700.00, NULL, NULL, '2017-03-30', NULL, 3, 5, 6, '2017-02-07 12:05:55', NULL, 1, 1, NULL, 6, 1, 1, 1, 201703),
	(125, 136, 'OPT000094', NULL, 2, 55, 1, '峰江街道社区卫生服务中心教学设备', 160000.00, 48000.00, 24600.00, 7400.00, NULL, NULL, '2017-03-30', NULL, 2, 4, 3, '2017-02-08 06:06:42', NULL, 1, 1, NULL, 3, 2, 2, 1, 201703),
	(126, 137, 'OPT000095', NULL, 2, 115, 1, '西安欢乐口腔牙椅设备', 480000.00, 192000.00, 73800.00, 29600.00, NULL, NULL, '2017-03-30', NULL, 2, 4, 6, '2017-02-10 00:46:53', NULL, 1, 1, NULL, 6, 1, 1, 1, 201703),
	(127, 138, 'OPT000096', NULL, 2, 43, 1, '汶川县人民医院手机工具', 29000.00, 8700.00, 4000.00, 1000.00, NULL, NULL, '2017-03-30', NULL, 2, 4, 3, '2017-02-10 11:32:20', NULL, 1, 1, NULL, 3, 2, 2, 1, 201703),
	(128, 140, 'OPT000098', NULL, 2, 104, 1, '泗阳胡氏口腔医院教学设备', 100000.00, 30000.00, 15000.00, 5000.00, NULL, NULL, '2017-03-30', NULL, 2, 4, 5, '2017-02-13 05:06:24', NULL, 1, 1, NULL, 5, 1, 2, 1, 201703),
	(129, 142, 'OPT000100', NULL, 2, 2, 1, '山东省级机关医院牙椅设备', 254000.00, 101600.00, 39000.00, 15600.00, NULL, NULL, '2017-03-30', NULL, 2, 4, 6, '2017-02-16 16:11:33', NULL, 1, 1, NULL, 6, 2, 1, 1, 201703),
	(158, 53, 'OPT000053', 60, 2, 112, 1, '西安爱雅口腔医院教学设备', 160000.00, 48000.00, 24600.00, 7400.00, NULL, NULL, '2017-04-28', NULL, 3, 5, 6, '2016-12-29 01:30:37', NULL, 1, 1, NULL, 6, 1, 1, 1, 201704),
	(159, 55, 'OPT000055', 87, 2, 7, 1, '青岛美伦美口腔门诊部牙椅设备', 130000.00, 52000.00, 20000.00, 8000.00, NULL, NULL, '2017-04-28', NULL, 3, 5, 6, '2016-12-29 11:05:22', NULL, 1, 1, NULL, 6, 1, 1, 1, 201704),
	(160, 59, 'OPT000059', NULL, 2, 39, 1, '华西口腔种植医院影像设备', 570000.00, 285000.00, 87700.00, 43800.00, NULL, NULL, '2017-04-28', NULL, 2, 4, 3, '2017-01-09 10:03:53', NULL, 1, 1, NULL, 3, 1, 2, 1, 201704),
	(161, 65, 'OPT000065', NULL, 3, 9, 1, '中国人民解放军第一七五医院手机工具', 33000.00, 9900.00, 5000.00, 2000.00, NULL, NULL, '2017-04-30', NULL, 4, 6, 6, '2017-01-11 22:37:29', NULL, 1, 1, NULL, 6, 2, 1, 1, 201704),
	(162, 66, 'OPT000066', NULL, 4, 76, 1, '温州医科大学温州市第三临床学院牙椅设备', 254000.00, 101600.00, 39000.00, 15600.00, NULL, NULL, '2017-04-28', NULL, 2, 4, 3, '2017-01-12 19:38:31', NULL, 1, 1, NULL, 3, 2, 2, 1, 201704),
	(163, 69, 'OPT000069', NULL, 2, 28, 1, '佛山向阳医院牙椅设备', 254000.00, 101600.00, 39000.00, 15600.00, NULL, NULL, '2017-04-30', NULL, 4, 6, 5, '2017-01-16 19:02:01', NULL, 1, 1, NULL, 5, 1, 2, 1, 201704),
	(164, 73, 'OPT000073', NULL, 2, 42, 1, '眉山市中医院影像设备', 300000.00, 150000.00, 46200.00, 23100.00, NULL, NULL, '2017-04-30', NULL, 3, 5, 3, '2017-01-22 02:25:10', NULL, 1, 1, NULL, 3, 2, 2, 1, 201704),
	(165, 74, 'OPT000074', NULL, 2, 13, 1, '天津滨海东江医院牙椅设备', 480000.00, 192000.00, 73800.00, 29600.00, NULL, NULL, '2017-04-30', NULL, 4, 6, 6, '2017-01-22 08:26:46', NULL, 1, 1, NULL, 6, 2, 1, 1, 201704),
	(166, 75, 'OPT000075', NULL, 2, 57, 1, '杭州高技街口腔手机工具', 29000.00, 8700.00, 4000.00, 1000.00, NULL, NULL, '2017-04-30', NULL, 4, 6, 3, '2017-01-22 12:36:00', NULL, 1, 1, NULL, 3, 1, 2, 1, 201704),
	(167, 83, 'OPT000083', NULL, 3, 11, 1, '国防大学校医院影像设备', 570000.00, 285000.00, 87700.00, 43800.00, NULL, NULL, '2017-04-30', NULL, 4, 6, 6, '2017-01-26 00:10:18', NULL, 1, 1, NULL, 6, 2, 1, 1, 201704),
	(168, 84, 'OPT000084', NULL, 2, 36, 1, '成都瑞泰口腔医院手机工具', 48000.00, 14400.00, 7000.00, 2000.00, NULL, NULL, '2017-04-30', NULL, 3, 5, 3, '2017-01-26 06:10:09', NULL, 1, 1, NULL, 3, 1, 2, 1, 201704),
	(169, 128, 'OPT000086', NULL, 2, 5, 1, '济南市妇幼保健院手机工具', 37000.00, 11100.00, 6000.00, 2000.00, NULL, NULL, '2017-04-30', NULL, 4, 6, 6, '2017-02-01 01:19:10', NULL, 1, 1, NULL, 6, 2, 1, 1, 201704),
	(170, 129, 'OPT000087', NULL, 2, 109, 1, '扬州高邮市中医院手机工具', 100000.00, 30000.00, 15000.00, 5000.00, NULL, NULL, '2017-04-30', NULL, 4, 6, 5, '2017-02-01 04:27:21', NULL, 1, 1, NULL, 5, 2, 2, 1, 201704),
	(171, 131, 'OPT000089', NULL, 4, 22, 1, '宜昌市中心人民医院手机工具', 48000.00, 14400.00, 7000.00, 2000.00, NULL, NULL, '2017-04-30', NULL, 4, 6, 5, '2017-02-02 22:53:08', NULL, 1, 1, NULL, 5, 2, 2, 1, 201704),
	(172, 132, 'OPT000090', NULL, 6, 120, 1, '延安大学附属医院手机工具', 100000.00, 30000.00, 15000.00, 5000.00, NULL, NULL, '2017-04-30', NULL, 4, 6, 6, '2017-02-03 12:34:08', NULL, 1, 1, NULL, 6, 2, 1, 1, 201704),
	(173, 133, 'OPT000091', NULL, 2, 12, 1, '泰达医院手机工具', 33000.00, 9900.00, 5000.00, 2000.00, NULL, NULL, '2017-04-30', NULL, 4, 6, 6, '2017-02-03 17:34:11', NULL, 1, 1, NULL, 6, 1, 1, 1, 201704),
	(174, 139, 'OPT000097', NULL, 2, 85, 1, '郑博口腔门诊部手机工具', 100000.00, 30000.00, 15000.00, 5000.00, NULL, NULL, '2017-04-30', NULL, 4, 6, 3, '2017-02-13 02:48:59', NULL, 1, 1, NULL, 3, 1, 2, 1, 201704),
	(175, 141, 'OPT000099', NULL, 2, 119, 1, '西安优意口腔医院中视野CT影像设备', 690000.00, 345000.00, 106200.00, 53100.00, NULL, NULL, '2017-04-30', NULL, 4, 6, 6, '2017-02-14 17:54:28', NULL, 1, 1, NULL, 6, 1, 1, 1, 201704),
	(176, 143, 'OPT000101', NULL, 2, 83, 1, '镇江第一人民医院教学设备', 100000.00, 30000.00, 15000.00, 5000.00, NULL, NULL, '2017-04-30', NULL, 4, 6, 3, '2017-02-16 16:46:54', NULL, 1, 1, NULL, 3, 2, 2, 1, 201704),
	(177, 144, 'OPT000102', NULL, 2, 41, 1, '眉山市青神悦尔口腔影像设备', 690000.00, 345000.00, 106200.00, 53100.00, NULL, NULL, '2017-04-30', NULL, 4, 6, 3, '2017-02-16 17:17:55', NULL, 1, 1, NULL, 3, 1, 2, 1, 201704),
	(178, 145, 'OPT000103', NULL, 2, 118, 1, '西安市中心医院牙椅设备', 130000.00, 52000.00, 20000.00, 8000.00, NULL, NULL, '2017-04-30', NULL, 3, 5, 6, '2017-02-22 05:46:22', NULL, 1, 1, NULL, 6, 2, 1, 1, 201704),
	(179, 146, 'OPT000104', NULL, 2, 31, 1, '南海永福口腔牙椅设备', 480000.00, 192000.00, 73800.00, 29600.00, NULL, NULL, '2017-04-30', NULL, 3, 5, 5, '2017-02-23 03:30:38', NULL, 1, 1, NULL, 5, 1, 2, 1, 201704),
	(180, 147, 'OPT000105', NULL, 2, 7, 1, '青岛美伦美口腔门诊部影像设备', 76500.00, 38250.00, 11800.00, 5900.00, NULL, NULL, '2017-04-30', NULL, 3, 5, 6, '2017-02-25 05:29:59', NULL, 1, 1, NULL, 6, 1, 1, 1, 201704),
	(181, 148, 'OPT000106', NULL, 2, 82, 1, '张家港市人民医院牙椅设备', 130000.00, 52000.00, 20000.00, 8000.00, NULL, NULL, '2017-04-30', NULL, 3, 5, 3, '2017-02-25 10:20:40', NULL, 1, 1, NULL, 3, 2, 2, 1, 201704),
	(182, 150, 'OPT000108', NULL, 2, 25, 1, '佛山崔医生牙科影像设备', 230000.00, 115000.00, 35400.00, 17700.00, NULL, NULL, '2017-04-30', NULL, 3, 5, 5, '2017-02-25 23:06:44', NULL, 1, 1, NULL, 5, 1, 2, 1, 201704),
	(183, 160, 'OPT000111', NULL, 2, 6, 1, '济南市中医院牙椅设备', 130000.00, 52000.00, 20000.00, 8000.00, NULL, NULL, '2017-04-30', NULL, 3, 5, 6, '2017-03-02 01:28:59', NULL, 1, 1, NULL, 6, 2, 1, 1, 201704),
	(184, 161, 'OPT000112', NULL, 2, 30, 1, '恒大中心手机工具', 33000.00, 9900.00, 5000.00, 2000.00, NULL, NULL, '2017-04-30', NULL, 3, 5, 5, '2017-03-02 07:15:45', NULL, 1, 1, NULL, 5, 1, 2, 1, 201704),
	(185, 163, 'OPT000114', NULL, 2, 58, 1, '湖州市第一人民医院牙椅设备', 130000.00, 52000.00, 20000.00, 8000.00, NULL, NULL, '2017-04-30', NULL, 3, 5, 3, '2017-03-03 10:48:12', NULL, 1, 1, NULL, 3, 2, 2, 1, 201704),
	(186, 164, 'OPT000115', NULL, 2, 24, 1, '大都会国际牙科中心教学设备', 100000.00, 30000.00, 15000.00, 5000.00, NULL, NULL, '2017-04-30', NULL, 2, 4, 5, '2017-03-03 12:20:38', NULL, 1, 1, NULL, 5, 1, 2, 1, 201704),
	(187, 165, 'OPT000116', NULL, 2, 23, 1, 'Global Dental 儿童诊所牙椅设备', 130000.00, 52000.00, 20000.00, 8000.00, NULL, NULL, '2017-04-30', NULL, 2, 4, 5, '2017-03-06 09:20:30', NULL, 1, 1, NULL, 5, 1, 2, 1, 201704),
	(188, 166, 'OPT000117', NULL, 2, 84, 1, '镇江口腔医院影像设备', 300000.00, 150000.00, 46200.00, 23100.00, NULL, NULL, '2017-04-30', NULL, 2, 4, 3, '2017-03-08 06:36:00', NULL, 1, 1, NULL, 3, 2, 2, 1, 201704),
	(189, 167, 'OPT000118', NULL, 2, 107, 1, '宿迁第一人民医院牙椅设备', 130000.00, 52000.00, 20000.00, 8000.00, NULL, NULL, '2017-04-30', NULL, 2, 4, 5, '2017-03-08 10:09:23', NULL, 1, 1, NULL, 5, 2, 2, 1, 201704),
	(190, 169, 'OPT000120', NULL, 2, 56, 1, '海安县人民医院影像设备', 230000.00, 115000.00, 35400.00, 17700.00, NULL, NULL, '2017-04-30', NULL, 2, 4, 3, '2017-03-09 16:59:53', NULL, 1, 1, NULL, 3, 2, 2, 1, 201704),
	(191, 171, 'OPT000122', NULL, 2, 39, 1, '华西口腔种植医院手机工具', 48000.00, 14400.00, 7000.00, 2000.00, NULL, NULL, '2017-04-30', NULL, 2, 4, 3, '2017-03-11 06:14:30', NULL, 1, 1, NULL, 3, 1, 2, 1, 201704),
	(192, 172, 'OPT000123', NULL, 2, 40, 1, '乐山梁医生诊所牙椅设备', 130000.00, 52000.00, 20000.00, 8000.00, NULL, NULL, '2017-04-30', NULL, 2, 4, 3, '2017-03-11 08:04:50', NULL, 1, 1, NULL, 3, 1, 2, 1, 201704),
	(193, 175, 'OPT000126', NULL, 2, 108, 1, '徐州沛县口腔医院影像设备', 1150000.00, 575000.00, 176900.00, 88500.00, NULL, NULL, '2017-04-30', NULL, 2, 4, 5, '2017-03-15 20:01:29', NULL, 1, 1, NULL, 5, 2, 2, 1, 201704),
	(194, 177, 'OPT000128', NULL, 2, 14, 1, '天津人民医院教学设备', 100000.00, 30000.00, 15000.00, 5000.00, NULL, NULL, '2017-04-30', NULL, 2, 4, 6, '2017-03-20 18:42:42', NULL, 1, 1, NULL, 6, 2, 1, 1, 201704),
	(195, 179, 'OPT000130', NULL, 2, 29, 1, '广东协大口腔医院影像设备', 300000.00, 150000.00, 46200.00, 23100.00, NULL, NULL, '2017-04-30', NULL, 1, 3, 5, '2017-03-22 11:49:59', NULL, 1, 1, NULL, 5, 1, 2, 1, 201704),
	(221, 52, 'OPT000052', NULL, 2, 103, 1, '南京市武警医院牙椅设备', 480000.00, 192000.00, 73800.00, 29600.00, NULL, NULL, '2017-05-30', NULL, 4, 6, 5, '2016-12-28 07:25:21', NULL, 1, 1, NULL, 5, 2, 2, 1, 201705),
	(222, 78, 'OPT000078', NULL, 3, 10, 1, '北京军区三门诊社区服务中心牙椅设备', 254000.00, 101600.00, 39000.00, 15600.00, NULL, NULL, '2017-05-30', NULL, 3, 5, 6, '2017-01-23 03:10:20', NULL, 1, 1, NULL, 6, 2, 1, 1, 201705),
	(223, 132, 'OPT000090', NULL, 6, 120, 1, '延安大学附属医院手机工具', 100000.00, 30000.00, 15000.00, 5000.00, NULL, NULL, '2017-05-30', NULL, 4, 6, 6, '2017-02-03 12:34:08', NULL, 1, 1, NULL, 6, 2, 1, 1, 201705),
	(224, 148, 'OPT000106', NULL, 2, 82, 1, '张家港市人民医院牙椅设备', 130000.00, 52000.00, 20000.00, 8000.00, NULL, NULL, '2017-05-30', NULL, 3, 5, 3, '2017-02-25 10:20:40', NULL, 1, 1, NULL, 3, 2, 2, 1, 201705),
	(225, 149, 'OPT000107', NULL, 2, 26, 1, '佛山市口腔医院手机工具', 48000.00, 14400.00, 7000.00, 2000.00, NULL, NULL, '2017-05-30', NULL, 4, 6, 5, '2017-02-25 14:46:48', NULL, 1, 1, NULL, 5, 2, 2, 1, 201705),
	(226, 151, 'OPT000109', NULL, 2, 34, 1, '若德口腔门诊牙椅设备', 130000.00, 52000.00, 20000.00, 8000.00, NULL, NULL, '2017-05-30', NULL, 4, 6, 5, '2017-02-26 08:09:35', NULL, 1, 1, NULL, 5, 1, 2, 1, 201705),
	(227, 159, 'OPT000110', NULL, 2, 59, 1, '湖州市中心医院影像设备', 76500.00, 38250.00, 11800.00, 5900.00, NULL, NULL, '2017-05-30', NULL, 4, 6, 3, '2017-03-01 03:02:10', NULL, 1, 1, NULL, 3, 2, 2, 1, 201705),
	(228, 162, 'OPT000113', NULL, 4, 21, 1, '武汉天姿口腔门诊手机工具', 100000.00, 30000.00, 15000.00, 5000.00, NULL, NULL, '2017-05-30', NULL, 4, 6, 5, '2017-03-02 22:47:56', NULL, 1, 1, NULL, 5, 1, 2, 1, 201705),
	(229, 163, 'OPT000114', NULL, 2, 58, 1, '湖州市第一人民医院牙椅设备', 130000.00, 52000.00, 20000.00, 8000.00, NULL, NULL, '2017-05-30', NULL, 3, 5, 3, '2017-03-03 10:48:12', NULL, 1, 1, NULL, 3, 2, 2, 1, 201705),
	(230, 168, 'OPT000119', NULL, 4, 19, 1, '湖北十堰郧西县人民医院牙椅设备', 130000.00, 52000.00, 20000.00, 8000.00, NULL, NULL, '2017-05-30', NULL, 4, 6, 5, '2017-03-09 00:39:58', NULL, 1, 1, NULL, 5, 2, 2, 1, 201705),
	(231, 170, 'OPT000121', NULL, 2, 3, 1, '山东医科大学附属第二医院影像设备', 1150000.00, 575000.00, 176900.00, 88500.00, NULL, NULL, '2017-05-30', NULL, 4, 6, 6, '2017-03-10 17:07:48', NULL, 1, 1, NULL, 6, 2, 1, 1, 201705),
	(232, 173, 'OPT000124', NULL, 2, 4, 1, '济南金源口腔手机工具', 100000.00, 30000.00, 15000.00, 5000.00, NULL, NULL, '2017-05-30', NULL, 4, 6, 6, '2017-03-12 03:46:43', NULL, 1, 1, NULL, 6, 1, 1, 1, 201705),
	(233, 174, 'OPT000125', NULL, 2, 8, 1, '青岛市第五医院手机工具', 37000.00, 11100.00, 6000.00, 2000.00, NULL, NULL, '2017-05-30', NULL, 4, 6, 6, '2017-03-12 08:45:45', NULL, 1, 1, NULL, 6, 2, 1, 1, 201705),
	(234, 176, 'OPT000127', NULL, 2, 38, 1, '成都医学院附属医院手机工具', 100000.00, 30000.00, 15000.00, 5000.00, NULL, NULL, '2017-05-30', NULL, 4, 6, 3, '2017-03-16 12:15:48', NULL, 1, 1, NULL, 3, 2, 2, 1, 201705),
	(235, 178, 'OPT000129', NULL, 2, 36, 1, '成都瑞泰口腔医院牙椅设备', 130000.00, 52000.00, 20000.00, 8000.00, NULL, NULL, '2017-05-30', NULL, 4, 6, 3, '2017-03-21 22:46:30', NULL, 1, 1, NULL, 3, 1, 2, 1, 201705),
	(236, 181, 'OPT000132', NULL, 2, 15, 1, '天津市口腔医院影像设备', 300000.00, 150000.00, 46200.00, 23100.00, NULL, NULL, '2017-05-30', NULL, 3, 5, 6, '2017-03-25 04:29:57', NULL, 1, 1, NULL, 6, 2, 1, 1, 201705),
	(237, 182, 'OPT000133', NULL, 2, 42, 1, '眉山市中医院手机工具', 69000.00, 20700.00, 11000.00, 3000.00, NULL, NULL, '2017-05-30', NULL, 3, 5, 3, '2017-03-25 06:30:07', NULL, 1, 1, NULL, 3, 2, 2, 1, 201705),
	(238, 185, 'OPT000136', NULL, 4, 20, 1, '南宁梁芳丽口腔诊所影像设备', 300000.00, 150000.00, 46200.00, 23100.00, NULL, NULL, '2017-05-30', NULL, 3, 5, 5, '2017-03-26 03:14:19', NULL, 1, 1, NULL, 5, 1, 2, 1, 201705),
	(239, 187, 'OPT000138', NULL, 2, 61, 1, '江苏省人民医院牙椅设备', 130000.00, 52000.00, 20000.00, 8000.00, NULL, NULL, '2017-05-30', NULL, 3, 5, 3, '2017-03-27 13:42:58', NULL, 1, 1, NULL, 3, 2, 2, 1, 201705),
	(240, 189, 'OPT000140', NULL, 2, 16, 1, '天津医院手机工具', 33000.00, 9900.00, 5000.00, 2000.00, NULL, NULL, '2017-05-30', NULL, 3, 5, 6, '2017-03-27 23:29:11', NULL, 1, 1, NULL, 6, 2, 1, 1, 201705),
	(241, 190, 'OPT000141', NULL, 3, 9, 1, '中国人民解放军第一七五医院牙椅设备', 130000.00, 52000.00, 20000.00, 8000.00, NULL, NULL, '2017-05-30', NULL, 3, 5, 6, '2017-03-28 01:19:23', NULL, 1, 1, NULL, 6, 2, 1, 1, 201705),
	(242, 223, 'OPT000145', NULL, 2, 37, 1, '成都温江劲游牙科影像设备', 300000.00, 150000.00, 46200.00, 23100.00, NULL, NULL, '2017-05-30', NULL, 3, 5, 3, '2017-04-01 12:08:46', NULL, 1, 1, NULL, 3, 1, 2, 1, 201705),
	(243, 224, 'OPT000146', NULL, 2, 33, 1, '清远市妇幼保健院手机工具', 29000.00, 8700.00, 4000.00, 1000.00, NULL, NULL, '2017-05-30', NULL, 3, 5, 5, '2017-04-04 01:05:10', NULL, 1, 1, NULL, 5, 2, 2, 1, 201705),
	(244, 225, 'OPT000147', NULL, 2, 28, 1, '佛山向阳医院影像设备', 1250000.00, 625000.00, 192300.00, 96200.00, NULL, NULL, '2017-05-30', NULL, 3, 5, 5, '2017-04-04 06:54:32', NULL, 1, 1, NULL, 5, 1, 2, 1, 201705),
	(245, 230, 'OPT000152', NULL, 2, 17, 1, '天津中北镇社区服务中心牙椅设备', 130000.00, 52000.00, 20000.00, 8000.00, NULL, NULL, '2017-05-30', NULL, 2, 4, 6, '2017-04-10 00:33:57', NULL, 1, 1, NULL, 6, 2, 1, 1, 201705),
	(246, 231, 'OPT000153', NULL, 2, 43, 1, '汶川县人民医院牙椅设备', 130000.00, 52000.00, 20000.00, 8000.00, NULL, NULL, '2017-05-30', NULL, 2, 4, 3, '2017-04-10 01:06:40', NULL, 1, 1, NULL, 3, 2, 2, 1, 201705),
	(247, 232, 'OPT000154', NULL, 2, 54, 1, '常州北极星口腔门诊部教学设备', 260000.00, 78000.00, 39600.00, 12400.00, NULL, NULL, '2017-05-30', NULL, 2, 4, 3, '2017-04-11 12:19:41', NULL, 1, 1, NULL, 3, 1, 2, 1, 201705),
	(248, 234, 'OPT000156', NULL, 2, 32, 1, '祈福医院影像设备', 230000.00, 115000.00, 35400.00, 17700.00, NULL, NULL, '2017-05-30', NULL, 2, 4, 5, '2017-04-11 21:49:56', NULL, 1, 1, NULL, 5, 1, 2, 1, 201705),
	(249, 235, 'OPT000157', NULL, 2, 60, 1, '键卫口腔手机工具', 29000.00, 8700.00, 4000.00, 1000.00, NULL, NULL, '2017-05-30', NULL, 2, 4, 3, '2017-04-15 12:32:48', NULL, 1, 1, NULL, 3, 1, 2, 1, 201705),
	(250, 236, 'OPT000158', NULL, 2, 35, 1, '信宜口腔门诊医院教学设备', 160000.00, 48000.00, 24600.00, 7400.00, NULL, NULL, '2017-05-30', NULL, 2, 4, 5, '2017-04-15 13:55:11', NULL, 1, 1, NULL, 5, 1, 2, 1, 201705),
	(251, 238, 'OPT000160', NULL, 2, 55, 1, '峰江街道社区卫生服务中心影像设备', 690000.00, 345000.00, 106200.00, 53100.00, NULL, NULL, '2017-05-30', NULL, 2, 4, 3, '2017-04-18 06:00:09', NULL, 1, 1, NULL, 3, 2, 2, 1, 201705),
	(252, 239, 'OPT000161', NULL, 2, 1, 1, '山东麦芽口腔连锁机构牙椅设备', 130000.00, 52000.00, 20000.00, 8000.00, NULL, NULL, '2017-05-30', NULL, 1, 3, 6, '2017-04-19 03:39:00', NULL, 1, 1, NULL, 6, 1, 1, 1, 201705),
	(253, 242, 'OPT000164', NULL, 2, 27, 1, '佛山天博瑞口腔牙椅设备', 130000.00, 52000.00, 20000.00, 8000.00, NULL, NULL, '2017-05-30', NULL, 1, 3, 5, '2017-04-25 06:13:32', NULL, 1, 1, NULL, 5, 1, 2, 1, 201705),
	(254, 243, 'OPT000165', NULL, 2, 2, 1, '山东省级机关医院教学设备', 160000.00, 48000.00, 24600.00, 7400.00, NULL, NULL, '2017-05-30', NULL, 1, 3, 6, '2017-04-26 13:57:51', NULL, 1, 1, NULL, 6, 2, 1, 1, 201705),
	(255, 244, 'OPT000166', NULL, 3, 10, 1, '北京军区三门诊社区服务中心影像设备', 480000.00, 240000.00, 73800.00, 36900.00, NULL, NULL, '2017-05-30', NULL, 1, 3, 6, '2017-04-26 15:16:40', NULL, 1, 1, NULL, 6, 2, 1, 1, 201705),
	(284, 128, 'OPT000086', NULL, 2, 5, 1, '济南市妇幼保健院手机工具', 37000.00, 11100.00, 6000.00, 2000.00, NULL, NULL, '2017-06-30', NULL, 4, 6, 6, '2017-02-01 01:19:10', NULL, 1, 1, NULL, 6, 2, 1, 1, 201706),
	(285, 150, 'OPT000108', NULL, 2, 25, 1, '佛山崔医生牙科影像设备', 230000.00, 115000.00, 35400.00, 17700.00, NULL, NULL, '2017-06-30', NULL, 3, 5, 5, '2017-02-25 23:06:44', NULL, 1, 1, NULL, 5, 1, 2, 1, 201706),
	(286, 167, 'OPT000118', NULL, 2, 107, 1, '宿迁第一人民医院牙椅设备', 130000.00, 52000.00, 20000.00, 8000.00, NULL, NULL, '2017-06-30', NULL, 2, 4, 5, '2017-03-08 10:09:23', NULL, 1, 1, NULL, 5, 2, 2, 1, 201706),
	(287, 174, 'OPT000125', NULL, 2, 8, 1, '青岛市第五医院手机工具', 37000.00, 11100.00, 6000.00, 2000.00, NULL, NULL, '2017-06-30', NULL, 4, 6, 6, '2017-03-12 08:45:45', NULL, 1, 1, NULL, 6, 2, 1, 1, 201706),
	(288, 180, 'OPT000131', NULL, 2, 58, 1, '湖州市第一人民医院影像设备', 1150000.00, 575000.00, 176900.00, 88500.00, NULL, NULL, '2017-06-30', NULL, 4, 6, 3, '2017-03-24 17:58:29', NULL, 1, 1, NULL, 3, 2, 2, 1, 201706),
	(289, 183, 'OPT000134', NULL, 3, 11, 1, '国防大学校医院手机工具', 37000.00, 11100.00, 6000.00, 2000.00, NULL, NULL, '2017-06-30', NULL, 4, 6, 6, '2017-03-25 07:10:37', NULL, 1, 1, NULL, 6, 2, 1, 1, 201706),
	(290, 184, 'OPT000135', NULL, 2, 86, 1, '北京嘉信泽洋口腔诊所手机工具', 33000.00, 9900.00, 5000.00, 2000.00, NULL, NULL, '2017-06-30', NULL, 4, 6, 6, '2017-03-25 18:45:09', NULL, 1, 1, NULL, 6, 1, 1, 1, 201706),
	(291, 186, 'OPT000137', NULL, 2, 44, 1, '拜博口腔深圳事业部影像设备', 76500.00, 38250.00, 11800.00, 5900.00, NULL, NULL, '2017-06-30', NULL, 4, 6, 5, '2017-03-26 16:07:11', NULL, 1, 1, NULL, 5, 1, 2, 1, 201706),
	(292, 188, 'OPT000139', NULL, 2, 39, 1, '华西口腔种植医院牙椅设备', 130000.00, 52000.00, 20000.00, 8000.00, NULL, NULL, '2017-06-30', NULL, 4, 6, 3, '2017-03-27 16:41:13', NULL, 1, 1, NULL, 3, 1, 2, 1, 201706),
	(293, 191, 'OPT000142', NULL, 2, 40, 1, '乐山梁医生诊所影像设备', 230000.00, 115000.00, 35400.00, 17700.00, NULL, NULL, '2017-06-30', NULL, 4, 6, 3, '2017-03-28 05:01:01', NULL, 1, 1, NULL, 3, 1, 2, 1, 201706),
	(294, 192, 'OPT000143', NULL, 2, 45, 1, '福华中西医院手机工具', 29000.00, 8700.00, 4000.00, 1000.00, NULL, NULL, '2017-06-30', NULL, 4, 6, 5, '2017-03-30 15:23:17', NULL, 1, 1, NULL, 5, 1, 2, 1, 201706),
	(295, 222, 'OPT000144', NULL, 2, 25, 1, '佛山崔医生牙科手机工具', 100000.00, 30000.00, 15000.00, 5000.00, NULL, NULL, '2017-06-30', NULL, 4, 6, 5, '2017-04-01 03:07:50', NULL, 1, 1, NULL, 5, 1, 2, 1, 201706),
	(296, 223, 'OPT000145', NULL, 2, 37, 1, '成都温江劲游牙科影像设备', 300000.00, 150000.00, 46200.00, 23100.00, NULL, NULL, '2017-06-30', NULL, 3, 5, 3, '2017-04-01 12:08:46', NULL, 1, 1, NULL, 3, 1, 2, 1, 201706),
	(297, 226, 'OPT000148', NULL, 2, 31, 1, '南海永福口腔影像设备', 690000.00, 345000.00, 106200.00, 53100.00, NULL, NULL, '2017-06-30', NULL, 4, 6, 5, '2017-04-04 13:37:02', NULL, 1, 1, NULL, 5, 1, 2, 1, 201706),
	(298, 227, 'OPT000149', NULL, 2, 7, 1, '青岛美伦美口腔门诊部手机工具', 100000.00, 30000.00, 15000.00, 5000.00, NULL, NULL, '2017-06-30', NULL, 4, 6, 6, '2017-04-07 03:01:53', NULL, 1, 1, NULL, 6, 1, 1, 1, 201706),
	(299, 228, 'OPT000150', NULL, 2, 13, 1, '天津滨海东江医院教学设备', 160000.00, 48000.00, 24600.00, 7400.00, NULL, NULL, '2017-06-30', NULL, 4, 6, 6, '2017-04-07 03:24:02', NULL, 1, 1, NULL, 6, 2, 1, 1, 201706),
	(300, 229, 'OPT000151', NULL, 4, 22, 1, '宜昌市中心人民医院牙椅设备', 130000.00, 52000.00, 20000.00, 8000.00, NULL, NULL, '2017-06-30', NULL, 4, 6, 5, '2017-04-09 21:42:21', NULL, 1, 1, NULL, 5, 2, 2, 1, 201706),
	(301, 231, 'OPT000153', NULL, 2, 43, 1, '汶川县人民医院牙椅设备', 130000.00, 52000.00, 20000.00, 8000.00, NULL, NULL, '2017-06-30', NULL, 2, 4, 3, '2017-04-10 01:06:40', NULL, 1, 1, NULL, 3, 2, 2, 1, 201706),
	(302, 233, 'OPT000155', NULL, 2, 63, 1, '迈皋桥医院手机工具', 29000.00, 8700.00, 4000.00, 1000.00, NULL, NULL, '2017-06-30', NULL, 4, 6, 3, '2017-04-11 17:48:07', NULL, 1, 1, NULL, 3, 1, 2, 1, 201706),
	(303, 237, 'OPT000159', NULL, 2, 46, 1, '林耿真口腔诊所牙椅设备', 130000.00, 52000.00, 20000.00, 8000.00, NULL, NULL, '2017-06-30', NULL, 3, 5, 5, '2017-04-17 23:10:58', NULL, 1, 1, NULL, 5, 1, 2, 1, 201706),
	(304, 240, 'OPT000162', NULL, 2, 87, 1, '韩亮口腔诊所牙椅设备', 130000.00, 52000.00, 20000.00, 8000.00, NULL, NULL, '2017-06-30', NULL, 3, 5, 6, '2017-04-21 09:56:19', NULL, 1, 1, NULL, 6, 1, 1, 1, 201706),
	(305, 246, 'OPT000168', NULL, 2, 62, 1, '靖江牙博士口腔门诊影像设备', 230000.00, 115000.00, 35400.00, 17700.00, NULL, NULL, '2017-06-30', NULL, 3, 5, 3, '2017-04-27 08:01:02', NULL, 1, 1, NULL, 3, 1, 2, 1, 201706),
	(306, 247, 'OPT000169', NULL, 2, 6, 1, '济南市中医院影像设备', 300000.00, 150000.00, 46200.00, 23100.00, NULL, NULL, '2017-06-30', NULL, 3, 5, 6, '2017-04-28 12:52:12', NULL, 1, 1, NULL, 6, 2, 1, 1, 201706),
	(307, 248, 'OPT000170', NULL, 2, 30, 1, '恒大中心牙椅设备', 130000.00, 52000.00, 20000.00, 8000.00, NULL, NULL, '2017-06-30', NULL, 3, 5, 5, '2017-04-28 18:16:41', NULL, 1, 1, NULL, 5, 1, 2, 1, 201706),
	(308, 249, 'OPT000171', NULL, 2, 24, 1, '大都会国际牙科中心影像设备', 300000.00, 150000.00, 46200.00, 23100.00, NULL, NULL, '2017-06-30', NULL, 3, 5, 5, '2017-04-29 02:20:48', NULL, 1, 1, NULL, 5, 1, 2, 1, 201706),
	(309, 250, 'OPT000172', NULL, 2, 29, 1, '广东协大口腔医院手机工具', 48000.00, 14400.00, 7000.00, 2000.00, NULL, NULL, '2017-06-30', NULL, 3, 5, 5, '2017-04-29 02:59:31', NULL, 1, 1, NULL, 5, 1, 2, 1, 201706),
	(310, 253, 'OPT000174', NULL, 3, 18, 1, '中国解放军301医院影像设备', 230000.00, 115000.00, 35400.00, 17700.00, NULL, NULL, '2017-06-30', NULL, 3, 5, 6, '2017-05-01 00:21:24', NULL, 1, 1, NULL, 6, 2, 1, 1, 201706),
	(311, 256, 'OPT000177', NULL, 2, 5, 1, '济南市妇幼保健院牙椅设备', 130000.00, 52000.00, 20000.00, 8000.00, NULL, NULL, '2017-06-30', NULL, 2, 4, 6, '2017-05-03 06:22:43', NULL, 1, 1, NULL, 6, 2, 1, 1, 201706),
	(312, 258, 'OPT000179', NULL, 2, 41, 1, '眉山市青神悦尔口腔手机工具', 100000.00, 30000.00, 15000.00, 5000.00, NULL, NULL, '2017-06-30', NULL, 3, 5, 3, '2017-05-05 10:02:15', NULL, 1, 1, NULL, 3, 1, 2, 1, 201706),
	(313, 259, 'OPT000180', NULL, 2, 14, 1, '天津人民医院影像设备', 690000.00, 345000.00, 106200.00, 53100.00, NULL, NULL, '2017-06-30', NULL, 3, 5, 6, '2017-05-05 19:25:16', NULL, 1, 1, NULL, 6, 2, 1, 1, 201706),
	(314, 264, 'OPT000185', NULL, 2, 12, 1, '泰达医院牙椅设备', 130000.00, 52000.00, 20000.00, 8000.00, NULL, NULL, '2017-06-30', NULL, 2, 4, 6, '2017-05-14 06:20:49', NULL, 1, 1, NULL, 6, 1, 1, 1, 201706),
	(315, 265, 'OPT000186', NULL, 2, 56, 1, '海安县人民医院手机工具', 48000.00, 14400.00, 7000.00, 2000.00, NULL, NULL, '2017-06-30', NULL, 2, 4, 3, '2017-05-14 09:47:01', NULL, 1, 1, NULL, 3, 2, 2, 1, 201706),
	(316, 266, 'OPT000187', NULL, 2, 23, 1, 'Global Dental 儿童诊所教学设备', 160000.00, 48000.00, 24600.00, 7400.00, NULL, NULL, '2017-06-30', NULL, 2, 4, 5, '2017-05-14 19:10:41', NULL, 1, 1, NULL, 5, 1, 2, 1, 201706),
	(317, 267, 'OPT000188', NULL, 2, 57, 1, '杭州高技街口腔牙椅设备', 130000.00, 52000.00, 20000.00, 8000.00, NULL, NULL, '2017-06-30', NULL, 2, 4, 3, '2017-05-16 05:17:59', NULL, 1, 1, NULL, 3, 1, 2, 1, 201706),
	(318, 272, 'OPT000193', NULL, 2, 65, 1, '南京天使口腔门诊教学设备', 160000.00, 48000.00, 24600.00, 7400.00, NULL, NULL, '2017-06-30', NULL, 2, 4, 3, '2017-05-21 00:13:20', NULL, 1, 1, NULL, 3, 1, 2, 1, 201706),
	(319, 277, 'OPT000198', NULL, 2, 64, 1, '南京市口腔医院牙椅设备', 130000.00, 52000.00, 20000.00, 8000.00, NULL, NULL, '2017-06-30', NULL, 2, 4, 3, '2017-05-25 19:42:09', NULL, 1, 1, NULL, 3, 2, 2, 1, 201706),
	(347, 181, 'OPT000132', NULL, 2, 15, 1, '天津市口腔医院影像设备', 300000.00, 150000.00, 46200.00, 23100.00, NULL, NULL, '2017-07-30', NULL, 3, 5, 6, '2017-03-25 04:29:57', NULL, 1, 1, NULL, 6, 2, 1, 1, 201707),
	(348, 225, 'OPT000147', NULL, 2, 28, 1, '佛山向阳医院影像设备', 1250000.00, 625000.00, 192300.00, 96200.00, NULL, NULL, '2017-07-30', NULL, 3, 5, 5, '2017-04-04 06:54:32', NULL, 1, 1, NULL, 5, 1, 2, 1, 201707),
	(349, 227, 'OPT000149', NULL, 2, 7, 1, '青岛美伦美口腔门诊部手机工具', 100000.00, 30000.00, 15000.00, 5000.00, NULL, NULL, '2017-07-30', NULL, 4, 6, 6, '2017-04-07 03:01:53', NULL, 1, 1, NULL, 6, 1, 1, 1, 201707),
	(350, 229, 'OPT000151', NULL, 4, 22, 1, '宜昌市中心人民医院牙椅设备', 130000.00, 52000.00, 20000.00, 8000.00, NULL, NULL, '2017-07-30', NULL, 4, 6, 5, '2017-04-09 21:42:21', NULL, 1, 1, NULL, 5, 2, 2, 1, 201707),
	(351, 241, 'OPT000163', NULL, 2, 90, 1, '北京儿童医院牙椅设备', 130000.00, 52000.00, 20000.00, 8000.00, NULL, NULL, '2017-07-30', NULL, 4, 6, 6, '2017-04-23 17:43:04', NULL, 1, 1, NULL, 6, 2, 1, 1, 201707),
	(352, 242, 'OPT000164', NULL, 2, 27, 1, '佛山天博瑞口腔牙椅设备', 130000.00, 52000.00, 20000.00, 8000.00, NULL, NULL, '2017-07-30', NULL, 1, 3, 5, '2017-04-25 06:13:32', NULL, 1, 1, NULL, 5, 1, 2, 1, 201707),
	(353, 245, 'OPT000167', NULL, 2, 67, 1, '宁海口腔医院手机工具', 29000.00, 8700.00, 4000.00, 1000.00, NULL, NULL, '2017-07-30', NULL, 4, 6, 3, '2017-04-26 22:53:42', NULL, 1, 1, NULL, 3, 2, 2, 1, 201707),
	(354, 251, 'OPT000173', NULL, 2, 49, 1, '深圳市龙华人民医院牙椅设备', 130000.00, 52000.00, 20000.00, 8000.00, NULL, NULL, '2017-07-30', NULL, 4, 6, 5, '2017-04-29 22:18:14', NULL, 1, 1, NULL, 5, 2, 2, 1, 201707),
	(355, 254, 'OPT000175', NULL, 2, 43, 1, '汶川县人民医院教学设备', 160000.00, 48000.00, 24600.00, 7400.00, NULL, NULL, '2017-07-30', NULL, 4, 6, 3, '2017-05-01 02:14:19', NULL, 1, 1, NULL, 3, 2, 2, 1, 201707),
	(356, 255, 'OPT000176', NULL, 2, 33, 1, '清远市妇幼保健院牙椅设备', 130000.00, 52000.00, 20000.00, 8000.00, NULL, NULL, '2017-07-30', NULL, 4, 6, 5, '2017-05-03 03:47:24', NULL, 1, 1, NULL, 5, 2, 2, 1, 201707),
	(357, 257, 'OPT000178', NULL, 2, 32, 1, '祈福医院手机工具', 48000.00, 14400.00, 7000.00, 2000.00, NULL, NULL, '2017-07-30', NULL, 4, 6, 5, '2017-05-04 14:26:35', NULL, 1, 1, NULL, 5, 1, 2, 1, 201707),
	(358, 258, 'OPT000179', NULL, 2, 41, 1, '眉山市青神悦尔口腔手机工具', 100000.00, 30000.00, 15000.00, 5000.00, NULL, NULL, '2017-07-30', NULL, 3, 5, 3, '2017-05-05 10:02:15', NULL, 1, 1, NULL, 3, 1, 2, 1, 201707),
	(359, 260, 'OPT000181', NULL, 2, 91, 1, '北京航天中心医院(721医院)教学设备', 160000.00, 48000.00, 24600.00, 7400.00, NULL, NULL, '2017-07-30', NULL, 4, 6, 6, '2017-05-06 00:31:36', NULL, 1, 1, NULL, 6, 2, 1, 1, 201707),
	(360, 261, 'OPT000182', NULL, 2, 61, 1, '江苏省人民医院影像设备', 570000.00, 285000.00, 87700.00, 43800.00, NULL, NULL, '2017-07-30', NULL, 4, 6, 3, '2017-05-06 03:31:49', NULL, 1, 1, NULL, 3, 2, 2, 1, 201707),
	(361, 262, 'OPT000183', NULL, 2, 28, 1, '佛山向阳医院手机工具', 100000.00, 30000.00, 15000.00, 5000.00, NULL, NULL, '2017-07-30', NULL, 4, 6, 5, '2017-05-10 11:43:41', NULL, 1, 1, NULL, 5, 1, 2, 1, 201707),
	(362, 263, 'OPT000184', NULL, 2, 48, 1, '汕头市潮阳区郑则洪口腔诊所手机工具', 29000.00, 8700.00, 4000.00, 1000.00, NULL, NULL, '2017-07-30', NULL, 4, 6, 5, '2017-05-12 01:04:55', NULL, 1, 1, NULL, 5, 1, 2, 1, 201707),
	(363, 265, 'OPT000186', NULL, 2, 56, 1, '海安县人民医院手机工具', 48000.00, 14400.00, 7000.00, 2000.00, NULL, NULL, '2017-07-30', NULL, 2, 4, 3, '2017-05-14 09:47:01', NULL, 1, 1, NULL, 3, 2, 2, 1, 201707),
	(364, 268, 'OPT000189', NULL, 2, 89, 1, '北京朝阳医院手机工具', 33000.00, 9900.00, 5000.00, 2000.00, NULL, NULL, '2017-07-30', NULL, 4, 6, 6, '2017-05-17 02:37:59', NULL, 1, 1, NULL, 6, 2, 1, 1, 201707),
	(365, 269, 'OPT000190', NULL, 2, 42, 1, '眉山市中医院牙椅设备', 130000.00, 52000.00, 20000.00, 8000.00, NULL, NULL, '2017-07-30', NULL, 3, 5, 3, '2017-05-17 18:37:10', NULL, 1, 1, NULL, 3, 2, 2, 1, 201707),
	(366, 270, 'OPT000191', NULL, 3, 10, 1, '北京军区三门诊社区服务中心手机工具', 100000.00, 30000.00, 15000.00, 5000.00, NULL, NULL, '2017-07-30', NULL, 3, 5, 6, '2017-05-19 00:41:07', NULL, 1, 1, NULL, 6, 2, 1, 1, 201707),
	(367, 271, 'OPT000192', NULL, 2, 88, 1, '明德医院影像设备', 76500.00, 38250.00, 11800.00, 5900.00, NULL, NULL, '2017-07-30', NULL, 4, 6, 6, '2017-05-19 10:50:49', NULL, 1, 1, NULL, 6, 1, 1, 1, 201707),
	(368, 273, 'OPT000194', NULL, 2, 16, 1, '天津医院牙椅设备', 130000.00, 52000.00, 20000.00, 8000.00, NULL, NULL, '2017-07-30', NULL, 3, 5, 6, '2017-05-21 12:40:35', NULL, 1, 1, NULL, 6, 2, 1, 1, 201707),
	(369, 274, 'OPT000195', NULL, 2, 59, 1, '湖州市中心医院手机工具', 48000.00, 14400.00, 7000.00, 2000.00, NULL, NULL, '2017-07-30', NULL, 3, 5, 3, '2017-05-24 12:06:52', NULL, 1, 1, NULL, 3, 2, 2, 1, 201707),
	(370, 278, 'OPT000199', NULL, 2, 68, 1, '山德齿科牙椅设备', 130000.00, 52000.00, 20000.00, 8000.00, NULL, NULL, '2017-07-30', NULL, 3, 5, 3, '2017-05-26 19:26:24', NULL, 1, 1, NULL, 3, 1, 2, 1, 201707),
	(371, 279, 'OPT000200', NULL, 2, 27, 1, '佛山天博瑞口腔影像设备', 230000.00, 115000.00, 35400.00, 17700.00, NULL, NULL, '2017-07-30', NULL, 3, 5, 5, '2017-05-29 03:14:28', NULL, 1, 1, NULL, 5, 1, 2, 1, 201707),
	(372, 284, 'OPT000202', NULL, 2, 55, 1, '峰江街道社区卫生服务中心手机工具', 100000.00, 30000.00, 15000.00, 5000.00, NULL, NULL, '2017-07-30', NULL, 2, 4, 3, '2017-06-03 07:15:44', NULL, 1, 1, NULL, 3, 2, 2, 1, 201707),
	(373, 285, 'OPT000203', NULL, 3, 9, 1, '中国人民解放军第一七五医院影像设备', 300000.00, 150000.00, 46200.00, 23100.00, NULL, NULL, '2017-07-30', NULL, 3, 5, 6, '2017-06-06 04:10:47', NULL, 1, 1, NULL, 6, 2, 1, 1, 201707),
	(374, 286, 'OPT000204', NULL, 2, 60, 1, '键卫口腔牙椅设备', 130000.00, 52000.00, 20000.00, 8000.00, NULL, NULL, '2017-07-30', NULL, 3, 5, 3, '2017-06-06 07:07:17', NULL, 1, 1, NULL, 3, 1, 2, 1, 201707),
	(375, 287, 'OPT000205', NULL, 2, 35, 1, '信宜口腔门诊医院影像设备', 1150000.00, 575000.00, 176900.00, 88500.00, NULL, NULL, '2017-07-30', NULL, 2, 4, 5, '2017-06-07 03:08:16', NULL, 1, 1, NULL, 5, 1, 2, 1, 201707),
	(376, 293, 'OPT000211', NULL, 2, 66, 1, '南通市口腔医院影像设备', 690000.00, 345000.00, 106200.00, 53100.00, NULL, NULL, '2017-07-30', NULL, 2, 4, 3, '2017-06-12 18:11:04', NULL, 1, 1, NULL, 3, 2, 2, 1, 201707),
	(377, 296, 'OPT000214', NULL, 2, 26, 1, '佛山市口腔医院牙椅设备', 130000.00, 52000.00, 20000.00, 8000.00, NULL, NULL, '2017-07-30', NULL, 1, 3, 5, '2017-06-20 02:06:18', NULL, 1, 1, NULL, 5, 2, 2, 1, 201707),
	(378, 297, 'OPT000215', NULL, 2, 15, 1, '天津市口腔医院手机工具', 37000.00, 11100.00, 6000.00, 2000.00, NULL, NULL, '2017-07-30', NULL, 2, 4, 6, '2017-06-20 11:03:20', NULL, 1, 1, NULL, 6, 2, 1, 1, 201707),
	(379, 303, 'OPT000221', NULL, 2, 54, 1, '常州北极星口腔门诊部影像设备', 76500.00, 38250.00, 11800.00, 5900.00, NULL, NULL, '2017-07-30', NULL, 1, 3, 3, '2017-06-24 04:42:30', NULL, 1, 1, NULL, 3, 1, 2, 1, 201707),
	(380, 304, 'OPT000222', NULL, 2, 34, 1, '若德口腔门诊教学设备', 160000.00, 48000.00, 24600.00, 7400.00, NULL, NULL, '2017-07-30', NULL, 1, 3, 5, '2017-06-24 06:46:43', NULL, 1, 1, NULL, 5, 1, 2, 1, 201707),
	(381, 305, 'OPT000223', NULL, 2, 47, 1, '梅州市大埔县人民医院影像设备', 230000.00, 115000.00, 35400.00, 17700.00, NULL, NULL, '2017-07-30', NULL, 1, 3, 5, '2017-06-26 08:55:20', NULL, 1, 1, NULL, 5, 2, 2, 1, 201707),
	(382, 307, 'OPT000225', NULL, 2, 8, 1, '青岛市第五医院牙椅设备', 130000.00, 52000.00, 20000.00, 8000.00, NULL, NULL, '2017-07-30', NULL, 1, 3, 6, '2017-06-26 15:28:46', NULL, 1, 1, NULL, 6, 2, 1, 1, 201707),
	(383, 309, 'OPT000227', NULL, 2, 17, 1, '天津中北镇社区服务中心影像设备', 690000.00, 345000.00, 106200.00, 53100.00, NULL, NULL, '2017-07-30', NULL, 1, 3, 6, '2017-06-26 22:53:16', NULL, 1, 1, NULL, 6, 2, 1, 1, 201707),
	(410, 228, 'OPT000150', NULL, 2, 13, 1, '天津滨海东江医院教学设备', 160000.00, 48000.00, 24600.00, 7400.00, NULL, NULL, '2017-08-30', NULL, 4, 6, 6, '2017-04-07 03:24:02', NULL, 1, 1, NULL, 6, 2, 1, 1, 201708),
	(411, 248, 'OPT000170', NULL, 2, 30, 1, '恒大中心牙椅设备', 130000.00, 52000.00, 20000.00, 8000.00, NULL, NULL, '2017-08-30', NULL, 3, 5, 5, '2017-04-28 18:16:41', NULL, 1, 1, NULL, 5, 1, 2, 1, 201708),
	(412, 257, 'OPT000178', NULL, 2, 32, 1, '祈福医院手机工具', 48000.00, 14400.00, 7000.00, 2000.00, NULL, NULL, '2017-08-30', NULL, 4, 6, 5, '2017-05-04 14:26:35', NULL, 1, 1, NULL, 5, 1, 2, 1, 201708),
	(413, 268, 'OPT000189', NULL, 2, 89, 1, '北京朝阳医院手机工具', 33000.00, 9900.00, 5000.00, 2000.00, NULL, NULL, '2017-08-30', NULL, 4, 6, 6, '2017-05-17 02:37:59', NULL, 1, 1, NULL, 6, 2, 1, 1, 201708),
	(414, 270, 'OPT000191', NULL, 3, 10, 1, '北京军区三门诊社区服务中心手机工具', 100000.00, 30000.00, 15000.00, 5000.00, NULL, NULL, '2017-08-30', NULL, 3, 5, 6, '2017-05-19 00:41:07', NULL, 1, 1, NULL, 6, 2, 1, 1, 201708),
	(415, 275, 'OPT000196', NULL, 2, 58, 1, '湖州市第一人民医院手机工具', 100000.00, 30000.00, 15000.00, 5000.00, NULL, NULL, '2017-08-30', NULL, 4, 6, 3, '2017-05-25 06:36:12', NULL, 1, 1, NULL, 3, 2, 2, 1, 201708),
	(416, 276, 'OPT000197', NULL, 2, 44, 1, '拜博口腔深圳事业部手机工具', 48000.00, 14400.00, 7000.00, 2000.00, NULL, NULL, '2017-08-30', NULL, 4, 6, 5, '2017-05-25 17:45:58', NULL, 1, 1, NULL, 5, 1, 2, 1, 201708),
	(417, 280, 'OPT000201', NULL, 3, 18, 1, '中国解放军301医院手机工具', 37000.00, 11100.00, 6000.00, 2000.00, NULL, NULL, '2017-08-30', NULL, 4, 6, 6, '2017-05-29 12:38:38', NULL, 1, 1, NULL, 6, 2, 1, 1, 201708),
	(418, 288, 'OPT000206', NULL, 2, 62, 1, '靖江牙博士口腔门诊手机工具', 48000.00, 14400.00, 7000.00, 2000.00, NULL, NULL, '2017-08-30', NULL, 4, 6, 3, '2017-06-08 10:15:02', NULL, 1, 1, NULL, 3, 1, 2, 1, 201708),
	(419, 289, 'OPT000207', NULL, 2, 45, 1, '福华中西医院牙椅设备', 130000.00, 52000.00, 20000.00, 8000.00, NULL, NULL, '2017-08-30', NULL, 4, 6, 5, '2017-06-08 13:08:16', NULL, 1, 1, NULL, 5, 1, 2, 1, 201708),
	(420, 290, 'OPT000208', NULL, 2, 93, 1, '北京协和医院手机工具', 33000.00, 9900.00, 5000.00, 2000.00, NULL, NULL, '2017-08-30', NULL, 4, 6, 6, '2017-06-09 22:31:12', NULL, 1, 1, NULL, 6, 2, 1, 1, 201708),
	(421, 291, 'OPT000209', NULL, 2, 57, 1, '杭州高技街口腔影像设备', 230000.00, 115000.00, 35400.00, 17700.00, NULL, NULL, '2017-08-30', NULL, 4, 6, 3, '2017-06-10 01:52:52', NULL, 1, 1, NULL, 3, 1, 2, 1, 201708),
	(422, 292, 'OPT000210', NULL, 2, 86, 1, '北京嘉信泽洋口腔诊所牙椅设备', 130000.00, 52000.00, 20000.00, 8000.00, NULL, NULL, '2017-08-30', NULL, 4, 6, 6, '2017-06-10 07:53:19', NULL, 1, 1, NULL, 6, 1, 1, 1, 201708),
	(423, 294, 'OPT000212', NULL, 2, 31, 1, '南海永福口腔手机工具', 100000.00, 30000.00, 15000.00, 5000.00, NULL, NULL, '2017-08-30', NULL, 3, 5, 5, '2017-06-18 15:07:03', NULL, 1, 1, NULL, 5, 1, 2, 1, 201708),
	(424, 295, 'OPT000213', NULL, 4, 70, 1, '苏州工业园区星海医院手机工具', 29000.00, 8700.00, 4000.00, 1000.00, NULL, NULL, '2017-08-30', NULL, 3, 5, 3, '2017-06-19 23:06:41', NULL, 1, 1, NULL, 3, 2, 2, 1, 201708),
	(425, 298, 'OPT000216', NULL, 2, 29, 1, '广东协大口腔医院牙椅设备', 130000.00, 52000.00, 20000.00, 8000.00, NULL, NULL, '2017-08-30', NULL, 4, 6, 5, '2017-06-20 18:06:56', NULL, 1, 1, NULL, 5, 1, 2, 1, 201708),
	(426, 299, 'OPT000217', NULL, 2, 46, 1, '林耿真口腔诊所影像设备', 570000.00, 285000.00, 87700.00, 43800.00, NULL, NULL, '2017-08-30', NULL, 3, 5, 5, '2017-06-22 06:22:38', NULL, 1, 1, NULL, 5, 1, 2, 1, 201708),
	(427, 300, 'OPT000218', NULL, 2, 53, 1, '珠海市口腔医院教学设备', 160000.00, 48000.00, 24600.00, 7400.00, NULL, NULL, '2017-08-30', NULL, 3, 5, 5, '2017-06-23 06:05:30', NULL, 1, 1, NULL, 5, 2, 2, 1, 201708),
	(428, 306, 'OPT000224', NULL, 2, 56, 1, '海安县人民医院牙椅设备', 240000.00, 96000.00, 37000.00, 14800.00, NULL, NULL, '2017-08-30', NULL, 3, 5, 3, '2017-06-26 09:56:07', NULL, 1, 1, NULL, 3, 2, 2, 1, 201708),
	(429, 311, 'OPT000229', NULL, 4, 69, 1, '上虞人民医院影像设备', 690000.00, 345000.00, 106200.00, 53100.00, NULL, NULL, '2017-08-30', NULL, 3, 5, 3, '2017-06-27 09:23:42', NULL, 1, 1, NULL, 3, 2, 2, 1, 201708),
	(430, 314, 'OPT000232', NULL, 2, 63, 1, '迈皋桥医院牙椅设备', 130000.00, 52000.00, 20000.00, 8000.00, NULL, NULL, '2017-08-30', NULL, 3, 5, 3, '2017-06-28 15:39:06', NULL, 1, 1, NULL, 3, 1, 2, 1, 201708),
	(431, 316, 'OPT000234', NULL, 2, 92, 1, '北京市口腔医院影像设备', 480000.00, 240000.00, 73800.00, 36900.00, NULL, NULL, '2017-08-30', NULL, 3, 5, 6, '2017-06-29 21:32:32', NULL, 1, 1, NULL, 6, 2, 1, 1, 201708),
	(432, 347, 'OPT000235', NULL, 2, 52, 1, '友睦齿科牙椅设备', 130000.00, 52000.00, 20000.00, 8000.00, NULL, NULL, '2017-08-30', NULL, 3, 5, 5, '2017-07-02 07:31:59', NULL, 1, 1, NULL, 5, 1, 2, 1, 201708),
	(433, 348, 'OPT000236', NULL, 2, 65, 1, '南京天使口腔门诊教影像设备', 300000.00, 150000.00, 46200.00, 23100.00, NULL, NULL, '2017-08-30', NULL, 3, 5, 3, '2017-07-05 05:49:19', NULL, 1, 1, NULL, 3, 1, 2, 1, 201708),
	(434, 351, 'OPT000239', NULL, 2, 94, 1, '北京中日友好医院牙椅设备', 130000.00, 52000.00, 20000.00, 8000.00, NULL, NULL, '2017-08-30', NULL, 2, 4, 6, '2017-07-10 14:08:46', NULL, 1, 1, NULL, 6, 1, 1, 1, 201708),
	(435, 352, 'OPT000240', NULL, 2, 12, 1, '泰达医院教学设备', 100000.00, 30000.00, 15000.00, 5000.00, NULL, NULL, '2017-08-30', NULL, 2, 4, 6, '2017-07-11 13:46:19', NULL, 1, 1, NULL, 6, 1, 1, 1, 201708),
	(436, 353, 'OPT000241', NULL, 2, 64, 1, '南京市口腔医院教学设备', 100000.00, 30000.00, 15000.00, 5000.00, NULL, NULL, '2017-08-30', NULL, 2, 4, 3, '2017-07-12 00:58:00', NULL, 1, 1, NULL, 3, 2, 2, 1, 201708),
	(437, 354, 'OPT000242', NULL, 2, 50, 1, '深圳市南山区西丽人民医院影像设备', 1250000.00, 625000.00, 192300.00, 96200.00, NULL, NULL, '2017-08-30', NULL, 2, 4, 5, '2017-07-12 18:41:06', NULL, 1, 1, NULL, 5, 2, 2, 1, 201708),
	(438, 356, 'OPT000244', NULL, 3, 11, 1, '国防大学校医院牙椅设备', 130000.00, 52000.00, 20000.00, 8000.00, NULL, NULL, '2017-08-30', NULL, 2, 4, 6, '2017-07-15 20:00:28', NULL, 1, 1, NULL, 6, 2, 1, 1, 201708),
	(439, 357, 'OPT000245', NULL, 4, 71, 1, '苏州市高新区科技城医院牙椅设备', 130000.00, 52000.00, 20000.00, 8000.00, NULL, NULL, '2017-08-30', NULL, 2, 4, 3, '2017-07-16 10:58:45', NULL, 1, 1, NULL, 3, 2, 2, 1, 201708),
	(440, 358, 'OPT000246', NULL, 2, 14, 1, '天津人民医院手机工具', 100000.00, 30000.00, 15000.00, 5000.00, NULL, NULL, '2017-08-30', NULL, 2, 4, 6, '2017-07-17 11:47:46', NULL, 1, 1, NULL, 6, 2, 1, 1, 201708),
	(441, 360, 'OPT000248', NULL, 2, 13, 1, '天津滨海东江医院影像设备', 230000.00, 115000.00, 35400.00, 17700.00, NULL, NULL, '2017-08-30', NULL, 2, 4, 6, '2017-07-18 05:31:36', NULL, 1, 1, NULL, 6, 2, 1, 1, 201708),
	(442, 366, 'OPT000254', NULL, 2, 51, 1, '兴宁市人民医院手机工具', 29000.00, 8700.00, 4000.00, 1000.00, NULL, NULL, '2017-08-30', NULL, 1, 3, 5, '2017-07-25 23:16:00', NULL, 1, 1, NULL, 5, 2, 2, 1, 201708),
	(443, 367, 'OPT000255', NULL, 2, 87, 1, '韩亮口腔诊所影像设备', 1150000.00, 575000.00, 176900.00, 88500.00, NULL, NULL, '2017-08-30', NULL, 1, 3, 6, '2017-07-26 00:10:59', NULL, 1, 1, NULL, 6, 1, 1, 1, 201708),
	(444, 369, 'OPT000257', NULL, 2, 30, 1, '恒大中心影像设备', 76500.00, 38250.00, 11800.00, 5900.00, NULL, NULL, '2017-08-30', NULL, 1, 3, 5, '2017-07-27 06:32:54', NULL, 1, 1, NULL, 5, 1, 2, 1, 201708),
	(473, 229, 'OPT000151', NULL, 4, 22, 1, '宜昌市中心人民医院牙椅设备', 130000.00, 52000.00, 20000.00, 8000.00, NULL, NULL, '2017-09-30', NULL, 4, 6, 5, '2017-04-09 21:42:21', NULL, 1, 1, NULL, 5, 2, 2, 1, 201709),
	(474, 262, 'OPT000183', NULL, 2, 28, 1, '佛山向阳医院手机工具', 100000.00, 30000.00, 15000.00, 5000.00, NULL, NULL, '2017-09-30', NULL, 4, 6, 5, '2017-05-10 11:43:41', NULL, 1, 1, NULL, 5, 1, 2, 1, 201709),
	(475, 278, 'OPT000199', NULL, 2, 68, 1, '山德齿科牙椅设备', 130000.00, 52000.00, 20000.00, 8000.00, NULL, NULL, '2017-09-30', NULL, 3, 5, 3, '2017-05-26 19:26:24', NULL, 1, 1, NULL, 3, 1, 2, 1, 201709),
	(476, 284, 'OPT000202', NULL, 2, 55, 1, '峰江街道社区卫生服务中心手机工具', 100000.00, 30000.00, 15000.00, 5000.00, NULL, NULL, '2017-09-30', NULL, 2, 4, 3, '2017-06-03 07:15:44', NULL, 1, 1, NULL, 3, 2, 2, 1, 201709),
	(477, 301, 'OPT000219', NULL, 2, 95, 1, '朝阳区社区卫生服务管理中心影像设备', 690000.00, 345000.00, 106200.00, 53100.00, NULL, NULL, '2017-09-30', NULL, 4, 6, 6, '2017-06-23 13:53:24', NULL, 1, 1, NULL, 6, 2, 1, 1, 201709),
	(478, 302, 'OPT000220', NULL, 2, 90, 1, '北京儿童医院教学设备', 100000.00, 30000.00, 15000.00, 5000.00, NULL, NULL, '2017-09-30', NULL, 4, 6, 6, '2017-06-24 02:40:23', NULL, 1, 1, NULL, 6, 2, 1, 1, 201709),
	(479, 308, 'OPT000226', NULL, 2, 34, 1, '若德口腔门诊影像设备', 230000.00, 115000.00, 35400.00, 17700.00, NULL, NULL, '2017-09-30', NULL, 4, 6, 5, '2017-06-26 19:55:17', NULL, 1, 1, NULL, 5, 1, 2, 1, 201709),
	(480, 310, 'OPT000228', NULL, 2, 35, 1, '信宜口腔门诊医院手机工具', 100000.00, 30000.00, 15000.00, 5000.00, NULL, NULL, '2017-09-30', NULL, 4, 6, 5, '2017-06-27 00:45:33', NULL, 1, 1, NULL, 5, 1, 2, 1, 201709),
	(481, 312, 'OPT000230', NULL, 4, 74, 1, '温岭郎德口腔门诊牙椅设备', 240000.00, 96000.00, 37000.00, 14800.00, NULL, NULL, '2017-09-30', NULL, 4, 6, 3, '2017-06-28 05:06:21', NULL, 1, 1, NULL, 3, 1, 2, 1, 201709),
	(482, 313, 'OPT000231', NULL, 2, 99, 1, '连云港妇幼保健医院牙椅设备', 240000.00, 96000.00, 37000.00, 14800.00, NULL, NULL, '2017-09-30', NULL, 4, 6, 5, '2017-06-28 13:53:15', NULL, 1, 1, NULL, 5, 2, 2, 1, 201709),
	(483, 314, 'OPT000232', NULL, 2, 63, 1, '迈皋桥医院牙椅设备', 130000.00, 52000.00, 20000.00, 8000.00, NULL, NULL, '2017-09-30', NULL, 3, 5, 3, '2017-06-28 15:39:06', NULL, 1, 1, NULL, 3, 1, 2, 1, 201709),
	(484, 315, 'OPT000233', NULL, 2, 67, 1, '宁海口腔医院牙椅设备', 240000.00, 96000.00, 37000.00, 14800.00, NULL, NULL, '2017-09-30', NULL, 4, 6, 3, '2017-06-29 15:38:16', NULL, 1, 1, NULL, 3, 2, 2, 1, 201709),
	(485, 316, 'OPT000234', NULL, 2, 92, 1, '北京市口腔医院影像设备', 480000.00, 240000.00, 73800.00, 36900.00, NULL, NULL, '2017-09-30', NULL, 3, 5, 6, '2017-06-29 21:32:32', NULL, 1, 1, NULL, 6, 2, 1, 1, 201709),
	(486, 349, 'OPT000237', NULL, 2, 60, 1, '键卫口腔影像设备', 690000.00, 345000.00, 106200.00, 53100.00, NULL, NULL, '2017-09-30', NULL, 4, 6, 3, '2017-07-06 20:30:02', NULL, 1, 1, NULL, 3, 1, 2, 1, 201709),
	(487, 350, 'OPT000238', NULL, 2, 110, 1, '韩大夫口腔牙椅设备', 240000.00, 96000.00, 37000.00, 14800.00, NULL, NULL, '2017-09-30', NULL, 4, 6, 6, '2017-07-08 17:35:06', NULL, 1, 1, NULL, 6, 1, 1, 1, 201709),
	(488, 355, 'OPT000243', NULL, 4, 72, 1, '苏州市吴中区人民医院影像设备', 1150000.00, 575000.00, 176900.00, 88500.00, NULL, NULL, '2017-09-30', NULL, 4, 6, 3, '2017-07-13 21:23:35', NULL, 1, 1, NULL, 3, 2, 2, 1, 201709),
	(489, 359, 'OPT000247', NULL, 2, 88, 1, '明德医院手机工具', 37000.00, 11100.00, 6000.00, 2000.00, NULL, NULL, '2017-09-30', NULL, 4, 6, 6, '2017-07-17 13:08:37', NULL, 1, 1, NULL, 6, 1, 1, 1, 201709),
	(490, 361, 'OPT000249', NULL, 2, 59, 1, '湖州市中心医院牙椅设备', 480000.00, 192000.00, 73800.00, 29600.00, NULL, NULL, '2017-09-30', NULL, 4, 6, 3, '2017-07-18 14:42:33', NULL, 1, 1, NULL, 3, 2, 2, 1, 201709),
	(491, 362, 'OPT000250', NULL, 4, 75, 1, '温州医科大学附属口腔医院教学设备', 100000.00, 30000.00, 15000.00, 5000.00, NULL, NULL, '2017-09-30', NULL, 3, 5, 3, '2017-07-23 20:28:03', NULL, 1, 1, NULL, 3, 2, 2, 1, 201709),
	(492, 363, 'OPT000251', NULL, 2, 97, 1, '淮安诺贝尔口腔医院影像设备', 690000.00, 345000.00, 106200.00, 53100.00, NULL, NULL, '2017-09-30', NULL, 3, 5, 5, '2017-07-24 10:04:33', NULL, 1, 1, NULL, 5, 1, 2, 1, 201709),
	(493, 366, 'OPT000254', NULL, 2, 51, 1, '兴宁市人民医院手机工具', 29000.00, 8700.00, 4000.00, 1000.00, NULL, NULL, '2017-09-30', NULL, 1, 3, 5, '2017-07-25 23:16:00', NULL, 1, 1, NULL, 5, 2, 2, 1, 201709),
	(494, 368, 'OPT000256', NULL, 2, 98, 1, '江苏省中医院手机工具', 33000.00, 9900.00, 5000.00, 2000.00, NULL, NULL, '2017-09-30', NULL, 3, 5, 5, '2017-07-26 18:24:54', NULL, 1, 1, NULL, 5, 2, 2, 1, 201709),
	(495, 370, 'OPT000258', NULL, 2, 48, 1, '汕头市潮阳区郑则洪口腔诊所牙椅设备', 240000.00, 96000.00, 37000.00, 14800.00, NULL, NULL, '2017-09-30', NULL, 3, 5, 5, '2017-07-27 21:39:45', NULL, 1, 1, NULL, 5, 1, 2, 1, 201709),
	(496, 371, 'OPT000259', NULL, 4, 73, 1, '台州医院路桥分院手机工具', 29000.00, 8700.00, 4000.00, 1000.00, NULL, NULL, '2017-09-30', NULL, 3, 5, 3, '2017-07-28 17:26:46', NULL, 1, 1, NULL, 3, 1, 2, 1, 201709),
	(497, 379, 'OPT000262', NULL, 2, 33, 1, '清远市妇幼保健院教学设备', 100000.00, 30000.00, 15000.00, 5000.00, NULL, NULL, '2017-09-30', NULL, 3, 5, 5, '2017-08-04 08:24:13', NULL, 1, 1, NULL, 5, 2, 2, 1, 201709),
	(498, 380, 'OPT000263', NULL, 2, 91, 1, '北京航天中心医院(721医院)影像设备', 570000.00, 285000.00, 87700.00, 43800.00, NULL, NULL, '2017-09-30', NULL, 3, 5, 6, '2017-08-04 23:00:24', NULL, 1, 1, NULL, 6, 2, 1, 1, 201709),
	(499, 382, 'OPT000265', NULL, 2, 17, 1, '天津中北镇社区服务中心手机工具', 100000.00, 30000.00, 15000.00, 5000.00, NULL, NULL, '2017-09-30', NULL, 3, 5, 6, '2017-08-08 20:22:26', NULL, 1, 1, NULL, 6, 2, 1, 1, 201709),
	(500, 383, 'OPT000266', NULL, 2, 89, 1, '北京朝阳医院牙椅设备', 240000.00, 96000.00, 37000.00, 14800.00, NULL, NULL, '2017-09-30', NULL, 2, 4, 6, '2017-08-09 01:30:25', NULL, 1, 1, NULL, 6, 2, 1, 1, 201709),
	(501, 384, 'OPT000267', NULL, 2, 96, 1, '欢乐口腔手机工具', 33000.00, 9900.00, 5000.00, 2000.00, NULL, NULL, '2017-09-30', NULL, 2, 4, 6, '2017-08-10 04:52:08', NULL, 1, 1, NULL, 6, 1, 1, 1, 201709),
	(502, 387, 'OPT000270', NULL, 2, 32, 1, '祈福医院牙椅设备', 480000.00, 192000.00, 73800.00, 29600.00, NULL, NULL, '2017-09-30', NULL, 2, 4, 5, '2017-08-12 14:24:03', NULL, 1, 1, NULL, 5, 1, 2, 1, 201709),
	(503, 388, 'OPT000271', NULL, 2, 49, 1, '深圳市龙华人民医院影像设备', 300000.00, 150000.00, 46200.00, 23100.00, NULL, NULL, '2017-09-30', NULL, 2, 4, 5, '2017-08-14 05:19:22', NULL, 1, 1, NULL, 5, 2, 2, 1, 201709),
	(504, 391, 'OPT000274', NULL, 2, 15, 1, '天津市口腔医院牙椅设备', 480000.00, 192000.00, 73800.00, 29600.00, NULL, NULL, '2017-09-30', NULL, 2, 4, 6, '2017-08-15 19:12:35', NULL, 1, 1, NULL, 6, 2, 1, 1, 201709),
	(505, 394, 'OPT000277', NULL, 2, 66, 1, '南通市口腔医院手机工具', 48000.00, 14400.00, 7000.00, 2000.00, NULL, NULL, '2017-09-30', NULL, 2, 4, 3, '2017-08-18 05:27:26', NULL, 1, 1, NULL, 3, 2, 2, 1, 201709),
	(506, 395, 'OPT000278', NULL, 2, 47, 1, '梅州市大埔县人民医院手机工具', 48000.00, 14400.00, 7000.00, 2000.00, NULL, NULL, '2017-09-30', NULL, 2, 4, 5, '2017-08-20 01:32:33', NULL, 1, 1, NULL, 5, 2, 2, 1, 201709),
	(507, 396, 'OPT000279', NULL, 2, 61, 1, '江苏省人民医院手机工具', 100000.00, 30000.00, 15000.00, 5000.00, NULL, NULL, '2017-09-30', NULL, 2, 4, 3, '2017-08-21 01:17:17', NULL, 1, 1, NULL, 3, 2, 2, 1, 201709),
	(508, 403, 'OPT000286', NULL, 2, 16, 1, '天津医院影像设备', 76500.00, 38250.00, 11800.00, 5900.00, NULL, NULL, '2017-09-30', NULL, 2, 4, 6, '2017-08-23 14:44:19', NULL, 1, 1, NULL, 6, 2, 1, 1, 201709),
	(509, 404, 'OPT000287', NULL, 2, 68, 1, '山德齿科影像设备', 230000.00, 115000.00, 35400.00, 17700.00, NULL, NULL, '2017-09-30', NULL, 1, 3, 3, '2017-08-24 09:17:46', NULL, 1, 1, NULL, 3, 1, 2, 1, 201709),
	(536, 292, 'OPT000210', NULL, 2, 86, 1, '北京嘉信泽洋口腔诊所牙椅设备', 130000.00, 52000.00, 20000.00, 8000.00, NULL, NULL, '2017-10-30', NULL, 4, 6, 6, '2017-06-10 07:53:19', NULL, 1, 1, NULL, 6, 1, 1, 1, 201710),
	(537, 300, 'OPT000218', NULL, 2, 53, 1, '珠海市口腔医院教学设备', 160000.00, 48000.00, 24600.00, 7400.00, NULL, NULL, '2017-10-30', NULL, 3, 5, 5, '2017-06-23 06:05:30', NULL, 1, 1, NULL, 5, 2, 2, 1, 201710),
	(538, 348, 'OPT000236', NULL, 2, 65, 1, '南京天使口腔门诊教影像设备', 300000.00, 150000.00, 46200.00, 23100.00, NULL, NULL, '2017-10-30', NULL, 3, 5, 3, '2017-07-05 05:49:19', NULL, 1, 1, NULL, 3, 1, 2, 1, 201710),
	(539, 359, 'OPT000247', NULL, 2, 88, 1, '明德医院手机工具', 37000.00, 11100.00, 6000.00, 2000.00, NULL, NULL, '2017-10-30', NULL, 4, 6, 6, '2017-07-17 13:08:37', NULL, 1, 1, NULL, 6, 1, 1, 1, 201710),
	(540, 364, 'OPT000252', NULL, 2, 92, 1, '北京市口腔医院手机设备', 37000.00, 11100.00, 6000.00, 2000.00, NULL, NULL, '2017-10-30', NULL, 4, 6, 6, '2017-07-24 21:17:42', NULL, 1, 1, NULL, 6, 2, 1, 1, 201710),
	(541, 365, 'OPT000253', NULL, 4, 76, 1, '温州医科大学温州市第三临床学院影像设备', 300000.00, 150000.00, 46200.00, 23100.00, NULL, NULL, '2017-10-30', NULL, 4, 6, 3, '2017-07-25 01:01:33', NULL, 1, 1, NULL, 3, 2, 2, 1, 201710),
	(542, 372, 'OPT000260', NULL, 4, 70, 1, '苏州工业园区星海医院牙椅设备', 254000.00, 101600.00, 39000.00, 15600.00, NULL, NULL, '2017-10-30', NULL, 4, 6, 3, '2017-07-28 17:42:43', NULL, 1, 1, NULL, 3, 2, 2, 1, 201710),
	(543, 378, 'OPT000261', NULL, 2, 114, 1, '西安第8医院教学设备', 100000.00, 30000.00, 15000.00, 5000.00, NULL, NULL, '2017-10-30', NULL, 4, 6, 6, '2017-08-01 06:56:33', NULL, 1, 1, NULL, 6, 2, 1, 1, 201710),
	(544, 380, 'OPT000263', NULL, 2, 91, 1, '北京航天中心医院(721医院)影像设备', 570000.00, 285000.00, 87700.00, 43800.00, NULL, NULL, '2017-10-30', NULL, 3, 5, 6, '2017-08-04 23:00:24', NULL, 1, 1, NULL, 6, 2, 1, 1, 201710),
	(545, 381, 'OPT000264', NULL, 2, 102, 1, '南京浦口中医院牙椅设备', 480000.00, 192000.00, 73800.00, 29600.00, NULL, NULL, '2017-10-30', NULL, 4, 6, 5, '2017-08-07 10:52:53', NULL, 1, 1, NULL, 5, 2, 2, 1, 201710),
	(546, 385, 'OPT000268', NULL, 2, 53, 1, '珠海市口腔医院影像设备', 230000.00, 115000.00, 35400.00, 17700.00, NULL, NULL, '2017-10-30', NULL, 4, 6, 5, '2017-08-10 05:36:19', NULL, 1, 1, NULL, 5, 2, 2, 1, 201710),
	(547, 386, 'OPT000269', NULL, 4, 71, 1, '苏州市高新区科技城医院影像设备', 76500.00, 38250.00, 11800.00, 5900.00, NULL, NULL, '2017-10-30', NULL, 3, 5, 3, '2017-08-12 02:38:58', NULL, 1, 1, NULL, 3, 2, 2, 1, 201710),
	(548, 387, 'OPT000270', NULL, 2, 32, 1, '祈福医院牙椅设备', 480000.00, 192000.00, 73800.00, 29600.00, NULL, NULL, '2017-10-30', NULL, 2, 4, 5, '2017-08-12 14:24:03', NULL, 1, 1, NULL, 5, 1, 2, 1, 201710),
	(549, 389, 'OPT000272', NULL, 2, 62, 1, '靖江牙博士口腔门诊牙椅设备', 254000.00, 101600.00, 39000.00, 15600.00, NULL, NULL, '2017-10-30', NULL, 4, 6, 3, '2017-08-15 07:30:36', NULL, 1, 1, NULL, 3, 1, 2, 1, 201710),
	(550, 390, 'OPT000273', NULL, 2, 65, 1, '南京天使口腔门诊教手机工具', 100000.00, 30000.00, 15000.00, 5000.00, NULL, NULL, '2017-10-30', NULL, 4, 6, 3, '2017-08-15 11:38:41', NULL, 1, 1, NULL, 3, 1, 2, 1, 201710),
	(551, 392, 'OPT000275', NULL, 2, 63, 1, '迈皋桥医院教学设备', 160000.00, 48000.00, 24600.00, 7400.00, NULL, NULL, '2017-10-30', NULL, 4, 6, 3, '2017-08-15 19:54:37', NULL, 1, 1, NULL, 3, 1, 2, 1, 201710),
	(552, 393, 'OPT000276', NULL, 2, 45, 1, '福华中西医院影像设备', 690000.00, 345000.00, 106200.00, 53100.00, NULL, NULL, '2017-10-30', NULL, 3, 5, 5, '2017-08-17 22:50:23', NULL, 1, 1, NULL, 5, 1, 2, 1, 201710),
	(553, 397, 'OPT000280', NULL, 4, 69, 1, '上虞人民医院手机工具', 48000.00, 14400.00, 7000.00, 2000.00, NULL, NULL, '2017-10-30', NULL, 4, 6, 3, '2017-08-21 16:30:59', NULL, 1, 1, NULL, 3, 2, 2, 1, 201710),
	(554, 398, 'OPT000281', NULL, 2, 64, 1, '南京市口腔医院影像设备', 690000.00, 345000.00, 106200.00, 53100.00, NULL, NULL, '2017-10-30', NULL, 3, 5, 3, '2017-08-22 04:46:09', NULL, 1, 1, NULL, 3, 2, 2, 1, 201710),
	(555, 399, 'OPT000282', NULL, 3, 18, 1, '中国解放军301医院牙椅设备', 254000.00, 101600.00, 39000.00, 15600.00, NULL, NULL, '2017-10-30', NULL, 3, 5, 6, '2017-08-22 08:40:16', NULL, 1, 1, NULL, 6, 2, 1, 1, 201710),
	(556, 400, 'OPT000283', NULL, 2, 93, 1, '北京协和医院牙椅设备', 254000.00, 101600.00, 39000.00, 15600.00, NULL, NULL, '2017-10-30', NULL, 3, 5, 6, '2017-08-22 21:58:56', NULL, 1, 1, NULL, 6, 2, 1, 1, 201710),
	(557, 401, 'OPT000284', NULL, 2, 113, 1, '西安拜博920口腔牙椅设备', 480000.00, 192000.00, 73800.00, 29600.00, NULL, NULL, '2017-10-30', NULL, 3, 5, 6, '2017-08-23 06:54:18', NULL, 1, 1, NULL, 6, 1, 1, 1, 201710),
	(558, 405, 'OPT000288', NULL, 2, 44, 1, '拜博口腔深圳事业部牙椅设备', 254000.00, 101600.00, 39000.00, 15600.00, NULL, NULL, '2017-10-30', NULL, 3, 5, 5, '2017-08-27 10:12:59', NULL, 1, 1, NULL, 5, 1, 2, 1, 201710),
	(559, 411, 'OPT000294', NULL, 2, 87, 1, '韩亮口腔诊所手机工具', 100000.00, 30000.00, 15000.00, 5000.00, NULL, NULL, '2017-10-30', NULL, 3, 5, 6, '2017-09-03 21:40:47', NULL, 1, 1, NULL, 6, 1, 1, 1, 201710),
	(560, 414, 'OPT000297', NULL, 2, 86, 1, '北京嘉信泽洋口腔诊所影像设备', 230000.00, 115000.00, 35400.00, 17700.00, NULL, NULL, '2017-10-30', NULL, 2, 4, 6, '2017-09-05 01:38:30', NULL, 1, 1, NULL, 6, 1, 1, 1, 201710),
	(561, 415, 'OPT000298', NULL, 2, 100, 1, '涟水县人民医院影像设备', 1150000.00, 575000.00, 176900.00, 88500.00, NULL, NULL, '2017-10-30', NULL, 2, 4, 5, '2017-09-05 13:12:02', NULL, 1, 1, NULL, 5, 2, 2, 1, 201710),
	(562, 422, 'OPT000305', NULL, 2, 111, 1, '陕西户县森工医院影像设备', 690000.00, 345000.00, 106200.00, 53100.00, NULL, NULL, '2017-10-30', NULL, 2, 4, 6, '2017-09-11 22:52:14', NULL, 1, 1, NULL, 6, 2, 1, 1, 201710),
	(563, 423, 'OPT000306', NULL, 2, 46, 1, '林耿真口腔诊所手机工具', 100000.00, 30000.00, 15000.00, 5000.00, NULL, NULL, '2017-10-30', NULL, 2, 4, 5, '2017-09-12 16:36:34', NULL, 1, 1, NULL, 5, 1, 2, 1, 201710),
	(564, 426, 'OPT000309', NULL, 2, 112, 1, '西安爱雅口腔医院手机工具', 33000.00, 9900.00, 5000.00, 2000.00, NULL, NULL, '2017-10-30', NULL, 2, 4, 6, '2017-09-14 00:56:07', NULL, 1, 1, NULL, 6, 1, 1, 1, 201710),
	(565, 427, 'OPT000310', NULL, 4, 77, 1, '无锡101医院手机工具', 29000.00, 8700.00, 4000.00, 1000.00, NULL, NULL, '2017-10-30', NULL, 2, 4, 3, '2017-09-15 11:14:56', NULL, 1, 1, NULL, 3, 2, 2, 1, 201710),
	(566, 428, 'OPT000311', NULL, 4, 78, 1, '无锡爱牙口腔牙椅设备', 480000.00, 192000.00, 73800.00, 29600.00, NULL, NULL, '2017-10-30', NULL, 2, 4, 3, '2017-09-15 11:39:20', NULL, 1, 1, NULL, 3, 1, 2, 1, 201710),
	(567, 429, 'OPT000312', NULL, 2, 94, 1, '北京中日友好医院影像设备', 300000.00, 150000.00, 46200.00, 23100.00, NULL, NULL, '2017-10-30', NULL, 2, 4, 6, '2017-09-17 20:45:51', NULL, 1, 1, NULL, 6, 1, 1, 1, 201710),
	(568, 430, 'OPT000313', NULL, 2, 101, 1, '南京军区南京药品器材供应站手机工具', 29000.00, 8700.00, 4000.00, 1000.00, NULL, NULL, '2017-10-30', NULL, 2, 4, 5, '2017-09-17 22:58:57', NULL, 1, 1, NULL, 5, 2, 2, 1, 201710),
	(569, 431, 'OPT000314', NULL, 2, 50, 1, '深圳市南山区西丽人民医院手机工具', 48000.00, 14400.00, 7000.00, 2000.00, NULL, NULL, '2017-10-30', NULL, 2, 4, 5, '2017-09-21 11:30:10', NULL, 1, 1, NULL, 5, 2, 2, 1, 201710),
	(570, 434, 'OPT000317', NULL, 2, 51, 1, '兴宁市人民医院牙椅设备', 254000.00, 101600.00, 39000.00, 15600.00, NULL, NULL, '2017-10-30', NULL, 1, 3, 5, '2017-09-24 13:09:30', NULL, 1, 1, NULL, 5, 2, 2, 1, 201710),
	(571, 435, 'OPT000318', NULL, 2, 52, 1, '友睦齿科教学设备', 160000.00, 48000.00, 24600.00, 7400.00, NULL, NULL, '2017-10-30', NULL, 1, 3, 5, '2017-09-24 22:33:27', NULL, 1, 1, NULL, 5, 1, 2, 1, 201710),
	(599, 308, 'OPT000226', NULL, 2, 34, 1, '若德口腔门诊影像设备', 230000.00, 115000.00, 35400.00, 17700.00, NULL, NULL, '2017-11-30', NULL, 4, 6, 5, '2017-06-26 19:55:17', NULL, 1, 1, NULL, 5, 1, 2, 1, 201711),
	(600, 361, 'OPT000249', NULL, 2, 59, 1, '湖州市中心医院牙椅设备', 480000.00, 192000.00, 73800.00, 29600.00, NULL, NULL, '2017-11-30', NULL, 4, 6, 3, '2017-07-18 14:42:33', NULL, 1, 1, NULL, 3, 2, 2, 1, 201711),
	(601, 362, 'OPT000250', NULL, 4, 75, 1, '温州医科大学附属口腔医院教学设备', 100000.00, 30000.00, 15000.00, 5000.00, NULL, NULL, '2017-11-30', NULL, 3, 5, 3, '2017-07-23 20:28:03', NULL, 1, 1, NULL, 3, 2, 2, 1, 201711),
	(602, 370, 'OPT000258', NULL, 2, 48, 1, '汕头市潮阳区郑则洪口腔诊所牙椅设备', 240000.00, 96000.00, 37000.00, 14800.00, NULL, NULL, '2017-11-30', NULL, 3, 5, 5, '2017-07-27 21:39:45', NULL, 1, 1, NULL, 5, 1, 2, 1, 201711),
	(603, 387, 'OPT000270', NULL, 2, 32, 1, '祈福医院牙椅设备', 480000.00, 192000.00, 73800.00, 29600.00, NULL, NULL, '2017-11-30', NULL, 2, 4, 5, '2017-08-12 14:24:03', NULL, 1, 1, NULL, 5, 1, 2, 1, 201711),
	(604, 402, 'OPT000285', NULL, 2, 106, 1, '熊猫集团医院教学设备', 160000.00, 48000.00, 24600.00, 7400.00, NULL, NULL, '2017-11-30', NULL, 4, 6, 5, '2017-08-23 12:07:33', NULL, 1, 1, NULL, 5, 1, 2, 1, 201711),
	(605, 406, 'OPT000289', NULL, 4, 80, 1, '无锡冯友伟口腔手机工具', 29000.00, 8700.00, 4000.00, 1000.00, NULL, NULL, '2017-11-30', NULL, 4, 6, 3, '2017-08-28 13:35:05', NULL, 1, 1, NULL, 3, 1, 2, 1, 201711),
	(606, 407, 'OPT000290', NULL, 4, 75, 1, '温州医科大学附属口腔医院影像设备', 230000.00, 115000.00, 35400.00, 17700.00, NULL, NULL, '2017-11-30', NULL, 4, 6, 3, '2017-08-29 16:51:05', NULL, 1, 1, NULL, 3, 2, 2, 1, 201711),
	(607, 408, 'OPT000291', NULL, 2, 68, 1, '山德齿科手机工具', 100000.00, 30000.00, 15000.00, 5000.00, NULL, NULL, '2017-11-30', NULL, 4, 6, 3, '2017-08-30 07:56:30', NULL, 1, 1, NULL, 3, 1, 2, 1, 201711),
	(608, 409, 'OPT000292', NULL, 2, 89, 1, '北京朝阳医院教学设备', 160000.00, 48000.00, 24600.00, 7400.00, NULL, NULL, '2017-11-30', NULL, 4, 6, 6, '2017-09-02 16:30:20', NULL, 1, 1, NULL, 6, 2, 1, 1, 201711),
	(609, 410, 'OPT000293', NULL, 4, 72, 1, '苏州市吴中区人民医院手机工具', 69000.00, 20700.00, 11000.00, 3000.00, NULL, NULL, '2017-11-30', NULL, 4, 6, 3, '2017-09-03 06:45:14', NULL, 1, 1, NULL, 3, 2, 2, 1, 201711),
	(610, 412, 'OPT000295', NULL, 2, 99, 1, '连云港妇幼保健医院影像设备', 76500.00, 38250.00, 11800.00, 5900.00, NULL, NULL, '2017-11-30', NULL, 4, 6, 5, '2017-09-04 12:42:45', NULL, 1, 1, NULL, 5, 2, 2, 1, 201711),
	(611, 413, 'OPT000296', NULL, 2, 115, 1, '西安欢乐口腔影像设备', 1150000.00, 575000.00, 176900.00, 88500.00, NULL, NULL, '2017-11-30', NULL, 4, 6, 6, '2017-09-04 19:21:35', NULL, 1, 1, NULL, 6, 1, 1, 1, 201711),
	(612, 416, 'OPT000299', NULL, 2, 90, 1, '北京儿童医院影像设备', 690000.00, 345000.00, 106200.00, 53100.00, NULL, NULL, '2017-11-30', NULL, 4, 6, 6, '2017-09-05 14:25:01', NULL, 1, 1, NULL, 6, 2, 1, 1, 201711),
	(613, 417, 'OPT000300', NULL, 2, 91, 1, '北京航天中心医院(721医院)手机工具', 100000.00, 30000.00, 15000.00, 5000.00, NULL, NULL, '2017-11-30', NULL, 4, 6, 6, '2017-09-05 23:21:46', NULL, 1, 1, NULL, 6, 2, 1, 1, 201711),
	(614, 418, 'OPT000301', NULL, 2, 48, 1, '汕头市潮阳区郑则洪口腔诊所影像设备', 690000.00, 345000.00, 106200.00, 53100.00, NULL, NULL, '2017-11-30', NULL, 4, 6, 5, '2017-09-07 01:14:31', NULL, 1, 1, NULL, 5, 1, 2, 1, 201711),
	(615, 419, 'OPT000302', NULL, 4, 73, 1, '台州医院路桥分院牙椅设备', 254000.00, 101600.00, 39000.00, 15600.00, NULL, NULL, '2017-11-30', NULL, 4, 6, 3, '2017-09-08 02:25:48', NULL, 1, 1, NULL, 3, 1, 2, 1, 201711),
	(616, 420, 'OPT000303', NULL, 2, 95, 1, '朝阳区社区卫生服务管理中心手机工具', 37000.00, 11100.00, 6000.00, 2000.00, NULL, NULL, '2017-11-30', NULL, 4, 6, 6, '2017-09-09 01:00:37', NULL, 1, 1, NULL, 6, 2, 1, 1, 201711),
	(617, 421, 'OPT000304', NULL, 2, 88, 1, '明德医院牙椅设备', 254000.00, 101600.00, 39000.00, 15600.00, NULL, NULL, '2017-11-30', NULL, 4, 6, 6, '2017-09-11 07:27:19', NULL, 1, 1, NULL, 6, 1, 1, 1, 201711),
	(618, 424, 'OPT000307', NULL, 4, 74, 1, '温岭郎德口腔门诊教学设备', 320000.00, 96000.00, 49200.00, 14800.00, NULL, NULL, '2017-11-30', NULL, 4, 6, 3, '2017-09-13 03:51:32', NULL, 1, 1, NULL, 3, 1, 2, 1, 201711),
	(619, 425, 'OPT000308', NULL, 2, 67, 1, '宁海口腔医院影像设备', 1150000.00, 575000.00, 176900.00, 88500.00, NULL, NULL, '2017-11-30', NULL, 4, 6, 3, '2017-09-13 17:57:02', NULL, 1, 1, NULL, 3, 2, 2, 1, 201711),
	(620, 431, 'OPT000314', NULL, 2, 50, 1, '深圳市南山区西丽人民医院手机工具', 48000.00, 14400.00, 7000.00, 2000.00, NULL, NULL, '2017-11-30', NULL, 2, 4, 5, '2017-09-21 11:30:10', NULL, 1, 1, NULL, 5, 2, 2, 1, 201711),
	(621, 432, 'OPT000315', NULL, 2, 81, 1, '萧山中医院牙椅设备', 254000.00, 101600.00, 39000.00, 15600.00, NULL, NULL, '2017-11-30', NULL, 4, 6, 3, '2017-09-21 22:25:42', NULL, 1, 1, NULL, 3, 2, 2, 1, 201711),
	(622, 433, 'OPT000316', NULL, 2, 49, 1, '深圳市龙华人民医院手机工具', 100000.00, 30000.00, 15000.00, 5000.00, NULL, NULL, '2017-11-30', NULL, 3, 5, 5, '2017-09-23 01:50:19', NULL, 1, 1, NULL, 5, 2, 2, 1, 201711),
	(623, 439, 'OPT000322', NULL, 2, 103, 1, '南京市武警医院影像设备', 300000.00, 150000.00, 46200.00, 23100.00, NULL, NULL, '2017-11-30', NULL, 3, 5, 5, '2017-09-28 18:07:54', NULL, 1, 1, NULL, 5, 2, 2, 1, 201711),
	(624, 440, 'OPT000323', NULL, 4, 79, 1, '无锡电力疗养院影像设备', 300000.00, 150000.00, 46200.00, 23100.00, NULL, NULL, '2017-11-30', NULL, 3, 5, 3, '2017-09-29 12:46:18', NULL, 1, 1, NULL, 3, 1, 2, 1, 201711),
	(625, 473, 'OPT000325', NULL, 2, 47, 1, '梅州市大埔县人民医院牙椅设备', 254000.00, 101600.00, 39000.00, 15600.00, NULL, NULL, '2017-11-30', NULL, 2, 4, 5, '2017-10-04 22:58:34', NULL, 1, 1, NULL, 5, 2, 2, 1, 201711),
	(626, 477, 'OPT000329', NULL, 2, 105, 1, '泗阳县中医院牙椅设备', 254000.00, 101600.00, 39000.00, 15600.00, NULL, NULL, '2017-11-30', NULL, 2, 4, 5, '2017-10-10 03:27:48', NULL, 1, 1, NULL, 5, 2, 2, 1, 201711),
	(627, 478, 'OPT000330', NULL, 2, 116, 1, '西安联帮口腔手机工具', 33000.00, 9900.00, 5000.00, 2000.00, NULL, NULL, '2017-11-30', NULL, 2, 4, 6, '2017-10-11 14:02:12', NULL, 1, 1, NULL, 6, 1, 1, 1, 201711),
	(628, 481, 'OPT000333', NULL, 2, 96, 1, '欢乐口腔牙椅设备', 254000.00, 101600.00, 39000.00, 15600.00, NULL, NULL, '2017-11-30', NULL, 2, 4, 6, '2017-10-13 22:45:25', NULL, 1, 1, NULL, 6, 1, 1, 1, 201711),
	(629, 485, 'OPT000337', NULL, 2, 117, 1, '西安市第5医院牙椅设备', 254000.00, 101600.00, 39000.00, 15600.00, NULL, NULL, '2017-11-30', NULL, 2, 4, 6, '2017-10-19 05:39:19', NULL, 1, 1, NULL, 6, 2, 1, 1, 201711),
	(630, 487, 'OPT000339', NULL, 2, 98, 1, '江苏省中医院牙椅设备', 254000.00, 101600.00, 39000.00, 15600.00, NULL, NULL, '2017-11-30', NULL, 2, 4, 5, '2017-10-20 16:33:16', NULL, 1, 1, NULL, 5, 2, 2, 1, 201711),
	(631, 489, 'OPT000341', NULL, 2, 104, 1, '泗阳胡氏口腔医院手机工具', 29000.00, 8700.00, 4000.00, 1000.00, NULL, NULL, '2017-11-30', NULL, 1, 3, 5, '2017-10-23 02:58:33', NULL, 1, 1, NULL, 5, 1, 2, 1, 201711),
	(632, 491, 'OPT000343', NULL, 2, 110, 1, '韩大夫口腔影像设备', 230000.00, 115000.00, 35400.00, 17700.00, NULL, NULL, '2017-11-30', NULL, 2, 4, 6, '2017-10-24 19:35:32', NULL, 1, 1, NULL, 6, 1, 1, 1, 201711),
	(633, 492, 'OPT000344', NULL, 2, 66, 1, '南通市口腔医院牙椅设备', 254000.00, 101600.00, 39000.00, 15600.00, NULL, NULL, '2017-11-30', NULL, 1, 3, 3, '2017-10-25 02:17:21', NULL, 1, 1, NULL, 3, 2, 2, 1, 201711),
	(634, 493, 'OPT000345', NULL, 2, 97, 1, '淮安诺贝尔口腔医院手机工具', 48000.00, 14400.00, 7000.00, 2000.00, NULL, NULL, '2017-11-30', NULL, 1, 3, 5, '2017-10-26 22:11:07', NULL, 1, 1, NULL, 5, 1, 2, 1, 201711),
	(662, 392, 'OPT000275', NULL, 2, 63, 1, '迈皋桥医院教学设备', 160000.00, 48000.00, 24600.00, 7400.00, NULL, NULL, '2017-12-30', NULL, 4, 6, 3, '2017-08-15 19:54:37', NULL, 1, 1, NULL, 3, 1, 2, 1, 201712),
	(663, 397, 'OPT000280', NULL, 4, 69, 1, '上虞人民医院手机工具', 48000.00, 14400.00, 7000.00, 2000.00, NULL, NULL, '2017-12-30', NULL, 4, 6, 3, '2017-08-21 16:30:59', NULL, 1, 1, NULL, 3, 2, 2, 1, 201712),
	(664, 399, 'OPT000282', NULL, 3, 18, 1, '中国解放军301医院牙椅设备', 254000.00, 101600.00, 39000.00, 15600.00, NULL, NULL, '2017-12-30', NULL, 3, 5, 6, '2017-08-22 08:40:16', NULL, 1, 1, NULL, 6, 2, 1, 1, 201712),
	(665, 400, 'OPT000283', NULL, 2, 93, 1, '北京协和医院牙椅设备', 254000.00, 101600.00, 39000.00, 15600.00, NULL, NULL, '2017-12-30', NULL, 3, 5, 6, '2017-08-22 21:58:56', NULL, 1, 1, NULL, 6, 2, 1, 1, 201712),
	(666, 420, 'OPT000303', NULL, 2, 95, 1, '朝阳区社区卫生服务管理中心手机工具', 37000.00, 11100.00, 6000.00, 2000.00, NULL, NULL, '2017-12-30', NULL, 4, 6, 6, '2017-09-09 01:00:37', NULL, 1, 1, NULL, 6, 2, 1, 1, 201712),
	(667, 431, 'OPT000314', NULL, 2, 50, 1, '深圳市南山区西丽人民医院手机工具', 48000.00, 14400.00, 7000.00, 2000.00, NULL, NULL, '2017-12-30', NULL, 2, 4, 5, '2017-09-21 11:30:10', NULL, 1, 1, NULL, 5, 2, 2, 1, 201712),
	(668, 436, 'OPT000319', NULL, 2, 107, 1, '宿迁第一人民医院影像设备', 300000.00, 150000.00, 46200.00, 23100.00, NULL, NULL, '2017-12-30', NULL, 4, 6, 5, '2017-09-26 04:01:54', NULL, 1, 1, NULL, 5, 2, 2, 1, 201712),
	(669, 437, 'OPT000320', NULL, 4, 76, 1, '温州医科大学温州市第三临床学院手机工具', 48000.00, 14400.00, 7000.00, 2000.00, NULL, NULL, '2017-12-30', NULL, 4, 6, 3, '2017-09-26 07:15:09', NULL, 1, 1, NULL, 3, 2, 2, 1, 201712),
	(670, 438, 'OPT000321', NULL, 2, 85, 1, '郑博口腔门诊部教学设备', 160000.00, 48000.00, 24600.00, 7400.00, NULL, NULL, '2017-12-30', NULL, 4, 6, 3, '2017-09-26 18:25:33', NULL, 1, 1, NULL, 3, 1, 2, 1, 201712),
	(671, 472, 'OPT000324', NULL, 2, 101, 1, '南京军区南京药品器材供应站牙椅设备', 254000.00, 101600.00, 39000.00, 15600.00, NULL, NULL, '2017-12-30', NULL, 4, 6, 5, '2017-10-02 12:06:12', NULL, 1, 1, NULL, 5, 2, 2, 1, 201712),
	(672, 474, 'OPT000326', NULL, 2, 119, 1, '西安优意口腔医院中视野CT手机工具', 33000.00, 9900.00, 5000.00, 2000.00, NULL, NULL, '2017-12-30', NULL, 4, 6, 6, '2017-10-08 11:02:47', NULL, 1, 1, NULL, 6, 1, 1, 1, 201712),
	(673, 475, 'OPT000327', NULL, 2, 94, 1, '北京中日友好医院手机工具', 100000.00, 30000.00, 15000.00, 5000.00, NULL, NULL, '2017-12-30', NULL, 4, 6, 6, '2017-10-09 01:46:28', NULL, 1, 1, NULL, 6, 1, 1, 1, 201712),
	(674, 476, 'OPT000328', NULL, 6, 120, 1, '延安大学附属医院牙椅设备', 254000.00, 101600.00, 39000.00, 15600.00, NULL, NULL, '2017-12-30', NULL, 4, 6, 6, '2017-10-09 17:23:48', NULL, 1, 1, NULL, 6, 2, 1, 1, 201712),
	(675, 479, 'OPT000331', NULL, 2, 92, 1, '北京市口腔医院牙椅设备', 254000.00, 101600.00, 39000.00, 15600.00, NULL, NULL, '2017-12-30', NULL, 4, 6, 6, '2017-10-12 06:35:10', NULL, 1, 1, NULL, 6, 2, 1, 1, 201712),
	(676, 480, 'OPT000332', NULL, 2, 51, 1, '兴宁市人民医院教学设备', 160000.00, 48000.00, 24600.00, 7400.00, NULL, NULL, '2017-12-30', NULL, 4, 6, 5, '2017-10-12 11:34:59', NULL, 1, 1, NULL, 5, 2, 2, 1, 201712),
	(677, 482, 'OPT000334', NULL, 2, 109, 1, '扬州高邮市中医院牙椅设备', 254000.00, 101600.00, 39000.00, 15600.00, NULL, NULL, '2017-12-30', NULL, 4, 6, 5, '2017-10-15 09:49:38', NULL, 1, 1, NULL, 5, 2, 2, 1, 201712),
	(678, 483, 'OPT000335', NULL, 2, 53, 1, '珠海市口腔医院手机工具', 100000.00, 30000.00, 15000.00, 5000.00, NULL, NULL, '2017-12-30', NULL, 3, 5, 5, '2017-10-18 20:59:07', NULL, 1, 1, NULL, 5, 2, 2, 1, 201712),
	(679, 484, 'OPT000336', NULL, 2, 93, 1, '北京协和医院影像设备', 690000.00, 345000.00, 106200.00, 53100.00, NULL, NULL, '2017-12-30', NULL, 3, 5, 6, '2017-10-19 01:41:07', NULL, 1, 1, NULL, 6, 2, 1, 1, 201712),
	(680, 486, 'OPT000338', NULL, 2, 118, 1, '西安市中心医院影像设备', 300000.00, 150000.00, 46200.00, 23100.00, NULL, NULL, '2017-12-30', NULL, 4, 6, 6, '2017-10-20 13:33:30', NULL, 1, 1, NULL, 6, 2, 1, 1, 201712),
	(681, 488, 'OPT000340', NULL, 2, 52, 1, '友睦齿科影像设备', 1150000.00, 575000.00, 176900.00, 88500.00, NULL, NULL, '2017-12-30', NULL, 3, 5, 5, '2017-10-21 15:45:31', NULL, 1, 1, NULL, 5, 1, 2, 1, 201712),
	(682, 493, 'OPT000345', NULL, 2, 97, 1, '淮安诺贝尔口腔医院手机工具', 48000.00, 14400.00, 7000.00, 2000.00, NULL, NULL, '2017-12-30', NULL, 1, 3, 5, '2017-10-26 22:11:07', NULL, 1, 1, NULL, 5, 1, 2, 1, 201712),
	(683, 496, 'OPT000348', NULL, 2, 111, 1, '陕西户县森工医院手机工具', 37000.00, 11100.00, 6000.00, 2000.00, NULL, NULL, '2017-12-30', NULL, 3, 5, 6, '2017-10-27 23:50:07', NULL, 1, 1, NULL, 6, 2, 1, 1, 201712),
	(684, 504, 'OPT000351', NULL, 2, 113, 1, '西安拜博920口腔教学设备', 160000.00, 48000.00, 24600.00, 7400.00, NULL, NULL, '2017-12-30', NULL, 2, 4, 6, '2017-11-03 17:02:48', NULL, 1, 1, NULL, 6, 1, 1, 1, 201712),
	(685, 505, 'OPT000352', NULL, 2, 102, 1, '南京浦口中医院影像设备', 230000.00, 115000.00, 35400.00, 17700.00, NULL, NULL, '2017-12-30', NULL, 3, 5, 5, '2017-11-03 18:19:36', NULL, 1, 1, NULL, 5, 2, 2, 1, 201712),
	(686, 506, 'OPT000353', NULL, 4, 69, 1, '上虞人民医院牙椅设备', 254000.00, 101600.00, 39000.00, 15600.00, NULL, NULL, '2017-12-30', NULL, 3, 5, 3, '2017-11-04 13:30:24', NULL, 1, 1, NULL, 3, 2, 2, 1, 201712),
	(687, 507, 'OPT000354', NULL, 2, 114, 1, '西安第8医院影像设备', 76500.00, 38250.00, 11800.00, 5900.00, NULL, NULL, '2017-12-30', NULL, 2, 4, 6, '2017-11-04 20:09:47', NULL, 1, 1, NULL, 6, 2, 1, 1, 201712),
	(688, 508, 'OPT000355', NULL, 2, 108, 1, '徐州沛县口腔医院手机工具', 29000.00, 8700.00, 4000.00, 1000.00, NULL, NULL, '2017-12-30', NULL, 2, 4, 5, '2017-11-06 14:31:54', NULL, 1, 1, NULL, 5, 2, 2, 1, 201712),
	(689, 512, 'OPT000359', NULL, 4, 77, 1, '无锡101医院牙椅设备', 254000.00, 101600.00, 39000.00, 15600.00, NULL, NULL, '2017-12-30', NULL, 2, 4, 3, '2017-11-10 13:48:34', NULL, 1, 1, NULL, 3, 2, 2, 1, 201712),
	(690, 518, 'OPT000365', NULL, 2, 112, 1, '西安爱雅口腔医院牙椅设备', 254000.00, 101600.00, 39000.00, 15600.00, NULL, NULL, '2017-12-30', NULL, 2, 4, 6, '2017-11-14 00:12:29', NULL, 1, 1, NULL, 6, 1, 1, 1, 201712),
	(691, 522, 'OPT000369', NULL, 2, 83, 1, '镇江第一人民医院手机工具', 29000.00, 8700.00, 4000.00, 1000.00, NULL, NULL, '2017-12-30', NULL, 2, 4, 3, '2017-11-18 00:26:14', NULL, 1, 1, NULL, 3, 2, 2, 1, 201712),
	(692, 523, 'OPT000370', NULL, 2, 100, 1, '涟水县人民医院手机工具', 48000.00, 14400.00, 7000.00, 2000.00, NULL, NULL, '2017-12-30', NULL, 2, 4, 5, '2017-11-18 08:44:27', NULL, 1, 1, NULL, 5, 2, 2, 1, 201712),
	(693, 524, 'OPT000371', NULL, 4, 71, 1, '苏州市高新区科技城医院手机工具', 100000.00, 30000.00, 15000.00, 5000.00, NULL, NULL, '2017-12-30', NULL, 2, 4, 3, '2017-11-18 08:57:41', NULL, 1, 1, NULL, 3, 2, 2, 1, 201712),
	(694, 531, 'OPT000378', NULL, 4, 78, 1, '无锡爱牙口腔影像设备', 690000.00, 345000.00, 106200.00, 53100.00, NULL, NULL, '2017-12-30', NULL, 1, 3, 3, '2017-11-22 20:43:47', NULL, 1, 1, NULL, 3, 1, 2, 1, 201712),
	(695, 533, 'OPT000380', NULL, 4, 70, 1, '苏州工业园区星海医院影像设备', 570000.00, 285000.00, 87700.00, 43800.00, NULL, NULL, '2017-12-30', NULL, 2, 4, 3, '2017-11-23 13:24:29', NULL, 1, 1, NULL, 3, 2, 2, 1, 201712),
	(696, 536, 'OPT000383', NULL, 2, 50, 1, '深圳市南山区西丽人民医院牙椅设备', 254000.00, 101600.00, 39000.00, 15600.00, NULL, NULL, '2017-12-30', NULL, 1, 3, 5, '2017-11-24 15:25:29', NULL, 1, 1, NULL, 5, 2, 2, 1, 201712),
	(697, 537, 'OPT000384', NULL, 2, 84, 1, '镇江口腔医院牙椅设备', 254000.00, 101600.00, 39000.00, 15600.00, NULL, NULL, '2017-12-30', NULL, 2, 4, 3, '2017-11-25 05:27:29', NULL, 1, 1, NULL, 3, 2, 2, 1, 201712),
	(698, 539, 'OPT000386', NULL, 2, 82, 1, '张家港市人民医院影像设备', 230000.00, 115000.00, 35400.00, 17700.00, NULL, NULL, '2017-12-30', NULL, 1, 3, 3, '2017-11-26 08:59:20', NULL, 1, 1, NULL, 3, 2, 2, 1, 201712);
/*!40000 ALTER TABLE `optestimatesnap` ENABLE KEYS */;

-- 导出  表 vsms.optestimatesnapproduct 结构
DROP TABLE IF EXISTS `optestimatesnapproduct`;
CREATE TABLE IF NOT EXISTS `optestimatesnapproduct` (
  `id` int(10) NOT NULL AUTO_INCREMENT COMMENT 'ID',
  `optproductid` int(10) DEFAULT NULL COMMENT '机会产品id',
  `optid` int(10) DEFAULT NULL COMMENT '机会id',
  `brandname` varchar(500) DEFAULT NULL COMMENT '品牌名称',
  `classname` varchar(500) DEFAULT NULL COMMENT '类别名称',
  `productid` int(10) DEFAULT NULL COMMENT '产品id',
  `productmodel` varchar(500) DEFAULT NULL COMMENT '产品型号',
  `productname` varchar(500) DEFAULT NULL COMMENT '产品名称',
  `specification` varchar(500) DEFAULT NULL COMMENT '产品规格',
  `productdiscribe` text COMMENT '产品描述',
  `rmbcost` decimal(14,2) DEFAULT NULL COMMENT '人民币成本价',
  `rmbprice` decimal(14,2) DEFAULT NULL COMMENT '人民币销售价',
  `dollarcost` decimal(14,2) DEFAULT NULL COMMENT '美金成本价',
  `dollarprice` decimal(14,2) DEFAULT NULL COMMENT '美金销售价',
  `num` float DEFAULT NULL COMMENT '数量',
  `discount` decimal(20,19) DEFAULT NULL COMMENT '折扣',
  `remark` text COMMENT '说明',
  `pmid` int(10) DEFAULT NULL COMMENT '产品经理id',
  `currencyexchangerate` decimal(14,2) DEFAULT NULL COMMENT '机会产品汇率',
  `snapdate` int(11) DEFAULT NULL COMMENT '镜像日期',
  PRIMARY KEY (`id`)
) ENGINE=InnoDB DEFAULT CHARSET=utf8 COMMENT='机会产品预测快照表';

-- 正在导出表  vsms.optestimatesnapproduct 的数据：~0 rows (大约)
/*!40000 ALTER TABLE `optestimatesnapproduct` DISABLE KEYS */;
/*!40000 ALTER TABLE `optestimatesnapproduct` ENABLE KEYS */;

-- 导出  表 vsms.optparticipant 结构
DROP TABLE IF EXISTS `optparticipant`;
CREATE TABLE IF NOT EXISTS `optparticipant` (
  `id` int(10) NOT NULL AUTO_INCREMENT COMMENT 'ID',
  `optid` int(10) DEFAULT NULL COMMENT '机会id',
  `participantid` int(10) DEFAULT NULL COMMENT '参与人id',
  `createdatetime` datetime DEFAULT NULL COMMENT '添加时间',
  `isdelete` tinyint(1) DEFAULT NULL COMMENT '是否删除：0-否，1-是',
  PRIMARY KEY (`id`)
) ENGINE=InnoDB DEFAULT CHARSET=utf8 COMMENT='机会参与人表';

-- 正在导出表  vsms.optparticipant 的数据：~0 rows (大约)
/*!40000 ALTER TABLE `optparticipant` DISABLE KEYS */;
/*!40000 ALTER TABLE `optparticipant` ENABLE KEYS */;

-- 导出  表 vsms.optpossibility 结构
DROP TABLE IF EXISTS `optpossibility`;
CREATE TABLE IF NOT EXISTS `optpossibility` (
  `id` int(10) NOT NULL AUTO_INCREMENT COMMENT 'ID',
  `possibility` decimal(3,2) DEFAULT NULL COMMENT '竞争机会',
  `description` text COMMENT '描述',
  `descriptionen` text COMMENT '描述 --英文对照',
  `isdelete` tinyint(1) DEFAULT NULL COMMENT '是否删除：0-否，1-是',
  `importreferid` varchar(200) DEFAULT NULL COMMENT '导入引用id',
  PRIMARY KEY (`id`),
  UNIQUE KEY `importreferid` (`importreferid`)
) ENGINE=InnoDB DEFAULT CHARSET=utf8 COMMENT='竞争机会表';

-- 正在导出表  vsms.optpossibility 的数据：~5 rows (大约)
/*!40000 ALTER TABLE `optpossibility` DISABLE KEYS */;
INSERT INTO `optpossibility` (`id`, `possibility`, `description`, `descriptionen`, `isdelete`, `importreferid`) VALUES
	(1, 0.20, '4家及以上竞争对手', 'Over four competitors', 0, '1'),
	(2, 0.25, '3家竞争对手', 'Three competitors', 0, '2'),
	(3, 0.33, '2家竞争对手', 'Two competitors', 0, '3'),
	(4, 0.50, '1家竞争对手', 'One competitor', 0, '4'),
	(5, 0.80, '没有竞争对手', 'No competitor', 0, '5');
/*!40000 ALTER TABLE `optpossibility` ENABLE KEYS */;

-- 导出  表 vsms.optproduct 结构
DROP TABLE IF EXISTS `optproduct`;
CREATE TABLE IF NOT EXISTS `optproduct` (
  `id` int(10) NOT NULL AUTO_INCREMENT COMMENT 'ID',
  `optid` int(10) DEFAULT NULL COMMENT '机会id',
  `brandname` varchar(500) DEFAULT NULL COMMENT '品牌名称',
  `classname` varchar(500) DEFAULT NULL COMMENT '类别名称',
  `productid` int(10) DEFAULT NULL COMMENT '产品id',
  `productmodel` varchar(500) DEFAULT NULL COMMENT '产品型号',
  `productname` varchar(500) DEFAULT NULL COMMENT '产品名称',
  `specification` varchar(500) DEFAULT NULL COMMENT '产品规格',
  `productdiscribe` text COMMENT '产品描述',
  `rmbcost` decimal(14,2) DEFAULT NULL COMMENT '人民币成本价',
  `rmbprice` decimal(14,2) DEFAULT NULL COMMENT '人民币销售价',
  `dollarcost` decimal(14,2) DEFAULT NULL COMMENT '美金成本价',
  `dollarprice` decimal(14,2) DEFAULT NULL COMMENT '美金销售价',
  `num` float DEFAULT NULL COMMENT '数量',
  `discount` decimal(20,19) DEFAULT NULL COMMENT '折扣',
  `remark` text COMMENT '说明',
  `pmid` int(10) DEFAULT NULL COMMENT '产品经理id',
  `currencyexchangerate` decimal(14,2) DEFAULT NULL COMMENT '机会产品汇率',
  `importreferid` varchar(200) DEFAULT NULL COMMENT '导入引用id',
  PRIMARY KEY (`id`),
  UNIQUE KEY `importreferid` (`importreferid`),
  KEY `index_optid` (`optid`),
  KEY `index_productid` (`productid`)
) ENGINE=InnoDB DEFAULT CHARSET=utf8 COMMENT='机会产品表';

-- 正在导出表  vsms.optproduct 的数据：~480 rows (大约)
/*!40000 ALTER TABLE `optproduct` DISABLE KEYS */;
INSERT INTO `optproduct` (`id`, `optid`, `brandname`, `classname`, `productid`, `productmodel`, `productname`, `specification`, `productdiscribe`, `rmbcost`, `rmbprice`, `dollarcost`, `dollarprice`, `num`, `discount`, `remark`, `pmid`, `currencyexchangerate`, `importreferid`) VALUES
	(1, 1, '卡纳', '手机', 26, 'S619C', 'S619C', NULL, '手机工具', 870.00, 2900.00, 100.00, 400.00, 10, 1.0000000000000000000, NULL, 7, NULL, '1'),
	(2, 2, '卡纳', '影像', 7, '北斗（全景）', '北斗（全景）', NULL, '影像设备', 150000.00, 300000.00, 23100.00, 46200.00, 1, 1.0000000000000000000, NULL, 7, NULL, '2'),
	(3, 3, '卡纳', '牙椅', 16, 'E50', 'E50', NULL, '牙椅设备', 96000.00, 240000.00, 14800.00, 36900.00, 2, 1.0000000000000000000, NULL, 7, NULL, '3'),
	(4, 4, '卡纳', '影像', 2, 'eXam i', 'eXam i', NULL, '影像设备', 345000.00, 690000.00, 53100.00, 106200.00, 1, 1.0000000000000000000, NULL, 7, NULL, '4'),
	(5, 5, '卡纳', '手机', 24, 'E680C', 'E680C', NULL, '手机工具', 990.00, 3300.00, 200.00, 500.00, 10, 1.0000000000000000000, NULL, 7, NULL, '5'),
	(6, 6, '卡纳', '手机', 34, '609', '609', NULL, '手机工具', 3000.00, 10000.00, 500.00, 1500.00, 10, 1.0000000000000000000, NULL, 7, NULL, '6'),
	(7, 7, '卡纳', '牙椅', 14, '1058', '1058', NULL, '牙椅设备', 48000.00, 120000.00, 7400.00, 18500.00, 2, 1.0000000000000000000, NULL, 7, NULL, '7'),
	(8, 8, '卡纳', '牙椅', 19, 'E30', 'E30', NULL, '牙椅设备', 50800.00, 127000.00, 7800.00, 19500.00, 2, 1.0000000000000000000, NULL, 7, NULL, '8'),
	(9, 9, '卡纳', '牙椅', 15, '巴顿', '巴顿', NULL, '牙椅设备', 26000.00, 65000.00, 4000.00, 10000.00, 2, 1.0000000000000000000, NULL, 7, NULL, '9'),
	(10, 10, '卡纳', '牙椅', 19, 'E30', 'E30', NULL, '牙椅设备', 50800.00, 127000.00, 7800.00, 19500.00, 2, 1.0000000000000000000, NULL, 7, NULL, '10'),
	(11, 11, '卡纳', '影像', 6, '北斗（CT）', '北斗（CT）', NULL, '影像设备', 285000.00, 570000.00, 43800.00, 87700.00, 1, 1.0000000000000000000, NULL, 7, NULL, '11'),
	(12, 12, '卡纳', '手机', 33, '636C', '636C', NULL, '手机工具', 3000.00, 10000.00, 500.00, 1500.00, 10, 1.0000000000000000000, NULL, 7, NULL, '12'),
	(13, 13, '卡纳', '手机', 31, '8000B', '8000B', NULL, '手机工具', 2070.00, 6900.00, 300.00, 1100.00, 10, 1.0000000000000000000, NULL, 7, NULL, '13'),
	(14, 14, '卡纳', '牙椅', 16, 'E50', 'E50', NULL, '牙椅设备', 96000.00, 240000.00, 14800.00, 36900.00, 2, 1.0000000000000000000, NULL, 7, NULL, '14'),
	(15, 15, '卡纳', '影像', 9, '牙科数字化扫描系统', '牙科数字化扫描系统', NULL, '影像设备', 38250.00, 76500.00, 5900.00, 11800.00, 1, 1.0000000000000000000, NULL, 7, NULL, '15'),
	(16, 16, '卡纳', '影像', 10, 'Cranex 3D', 'Cranex 3D', NULL, '影像设备', 240000.00, 480000.00, 36900.00, 73800.00, 1, 1.0000000000000000000, NULL, 7, NULL, '16'),
	(17, 17, '卡纳', '手机', 26, 'S619C', 'S619C', NULL, '手机工具', 870.00, 2900.00, 100.00, 400.00, 10, 1.0000000000000000000, NULL, 7, NULL, '17'),
	(18, 18, '卡纳', '手机', 28, '8000C', '8000C', NULL, '手机工具', 1440.00, 4800.00, 200.00, 700.00, 10, 1.0000000000000000000, NULL, 7, NULL, '18'),
	(19, 19, '卡纳', '牙椅', 19, 'E30', 'E30', NULL, '牙椅设备', 50800.00, 127000.00, 7800.00, 19500.00, 2, 1.0000000000000000000, NULL, 7, NULL, '19'),
	(20, 20, '卡纳', '牙椅', 19, 'E30', 'E30', NULL, '牙椅设备', 50800.00, 127000.00, 7800.00, 19500.00, 2, 1.0000000000000000000, NULL, 7, NULL, '20'),
	(21, 21, '卡纳', '手机', 27, 'E680L', 'E680L', NULL, '手机工具', 1110.00, 3700.00, 200.00, 600.00, 10, 1.0000000000000000000, NULL, 7, NULL, '21'),
	(22, 22, '卡纳', '影像', 8, 'Cranex D', 'Cranex D', NULL, '影像设备', 115000.00, 230000.00, 17700.00, 35400.00, 1, 1.0000000000000000000, NULL, 7, NULL, '22'),
	(23, 23, '卡纳', '影像', 2, 'eXam i', 'eXam i', NULL, '影像设备', 345000.00, 690000.00, 53100.00, 106200.00, 1, 1.0000000000000000000, NULL, 7, NULL, '23'),
	(24, 24, '卡纳', '教学', 39, '头模', '头模', NULL, '教学设备', 24000.00, 80000.00, 3700.00, 12300.00, 2, 1.0000000000000000000, NULL, 7, NULL, '24'),
	(25, 25, '卡纳', '牙椅', 19, 'E30', 'E30', NULL, '牙椅设备', 50800.00, 127000.00, 7800.00, 19500.00, 2, 1.0000000000000000000, NULL, 7, NULL, '25'),
	(26, 26, '卡纳', '牙椅', 16, 'E50', 'E50', NULL, '牙椅设备', 96000.00, 240000.00, 14800.00, 36900.00, 2, 1.0000000000000000000, NULL, 7, NULL, '26'),
	(27, 27, '卡纳', '手机', 24, 'E680C', 'E680C', NULL, '手机工具', 990.00, 3300.00, 200.00, 500.00, 10, 1.0000000000000000000, NULL, 7, NULL, '27'),
	(28, 28, '卡纳', '手机', 27, 'E680L', 'E680L', NULL, '手机工具', 1110.00, 3700.00, 200.00, 600.00, 10, 1.0000000000000000000, NULL, 7, NULL, '28'),
	(29, 29, '卡纳', '教学', 39, '头模', '头模', NULL, '教学设备', 24000.00, 80000.00, 3700.00, 12300.00, 2, 1.0000000000000000000, NULL, 7, NULL, '29'),
	(30, 30, '卡纳', '手机', 28, '8000C', '8000C', NULL, '手机工具', 1440.00, 4800.00, 200.00, 700.00, 10, 1.0000000000000000000, NULL, 7, NULL, '30'),
	(31, 31, '卡纳', '牙椅', 15, '巴顿', '巴顿', NULL, '牙椅设备', 26000.00, 65000.00, 4000.00, 10000.00, 2, 1.0000000000000000000, NULL, 7, NULL, '31'),
	(32, 32, '卡纳', '影像', 3, 'i-CAT', 'i-CAT', NULL, '影像设备', 575000.00, 1150000.00, 88500.00, 176900.00, 1, 1.0000000000000000000, NULL, 7, NULL, '32'),
	(33, 33, '卡纳', '教学', 39, '头模', '头模', NULL, '教学设备', 24000.00, 80000.00, 3700.00, 12300.00, 2, 1.0000000000000000000, NULL, 7, NULL, '33'),
	(34, 34, '卡纳', '教学', 39, '头模', '头模', NULL, '教学设备', 24000.00, 80000.00, 3700.00, 12300.00, 2, 1.0000000000000000000, NULL, 7, NULL, '34'),
	(35, 35, '卡纳', '影像', 9, '牙科数字化扫描系统', '牙科数字化扫描系统', NULL, '影像设备', 38250.00, 76500.00, 5900.00, 11800.00, 1, 1.0000000000000000000, NULL, 7, NULL, '35'),
	(36, 36, '卡纳', '影像', 2, 'eXam i', 'eXam i', NULL, '影像设备', 345000.00, 690000.00, 53100.00, 106200.00, 1, 1.0000000000000000000, NULL, 7, NULL, '36'),
	(37, 37, '卡纳', '手机', 28, '8000C', '8000C', NULL, '手机工具', 1440.00, 4800.00, 200.00, 700.00, 10, 1.0000000000000000000, NULL, 7, NULL, '37'),
	(38, 38, '卡纳', '牙椅', 14, '1058', '1058', NULL, '牙椅设备', 48000.00, 120000.00, 7400.00, 18500.00, 2, 1.0000000000000000000, NULL, 7, NULL, '38'),
	(39, 39, '卡纳', '影像', 8, 'Cranex D', 'Cranex D', NULL, '影像设备', 115000.00, 230000.00, 17700.00, 35400.00, 1, 1.0000000000000000000, NULL, 7, NULL, '39'),
	(40, 40, '卡纳', '影像', 3, 'i-CAT', 'i-CAT', NULL, '影像设备', 575000.00, 1150000.00, 88500.00, 176900.00, 1, 1.0000000000000000000, NULL, 7, NULL, '40'),
	(41, 41, '卡纳', '牙椅', 19, 'E30', 'E30', NULL, '牙椅设备', 50800.00, 127000.00, 7800.00, 19500.00, 2, 1.0000000000000000000, NULL, 7, NULL, '41'),
	(42, 42, '卡纳', '牙椅', 14, '1058', '1058', NULL, '牙椅设备', 48000.00, 120000.00, 7400.00, 18500.00, 2, 1.0000000000000000000, NULL, 7, NULL, '42'),
	(43, 43, '卡纳', '牙椅', 16, 'E50', 'E50', NULL, '牙椅设备', 96000.00, 240000.00, 14800.00, 36900.00, 2, 1.0000000000000000000, NULL, 7, NULL, '43'),
	(44, 44, '卡纳', '影像', 2, 'eXam i', 'eXam i', NULL, '影像设备', 345000.00, 690000.00, 53100.00, 106200.00, 1, 1.0000000000000000000, NULL, 7, NULL, '44'),
	(45, 45, '卡纳', '教学', 38, '单头模', '单头模', NULL, '教学设备', 3000.00, 10000.00, 500.00, 1500.00, 10, 1.0000000000000000000, NULL, 7, NULL, '45'),
	(46, 46, '卡纳', '牙椅', 19, 'E30', 'E30', NULL, '牙椅设备', 50800.00, 127000.00, 7800.00, 19500.00, 2, 1.0000000000000000000, NULL, 7, NULL, '46'),
	(47, 47, '卡纳', '手机', 32, '605C', '605C', NULL, '手机工具', 3000.00, 10000.00, 500.00, 1500.00, 10, 1.0000000000000000000, NULL, 7, NULL, '47'),
	(48, 48, '卡纳', '手机', 34, '609', '609', NULL, '手机工具', 3000.00, 10000.00, 500.00, 1500.00, 10, 1.0000000000000000000, NULL, 7, NULL, '48'),
	(49, 49, '卡纳', '手机', 33, '636C', '636C', NULL, '手机工具', 3000.00, 10000.00, 500.00, 1500.00, 10, 1.0000000000000000000, NULL, 7, NULL, '49'),
	(50, 50, '卡纳', '手机', 26, 'S619C', 'S619C', NULL, '手机工具', 870.00, 2900.00, 100.00, 400.00, 10, 1.0000000000000000000, NULL, 7, NULL, '50'),
	(51, 51, '卡纳', '手机', 28, '8000C', '8000C', NULL, '手机工具', 1440.00, 4800.00, 200.00, 700.00, 10, 1.0000000000000000000, NULL, 7, NULL, '51'),
	(52, 52, '卡纳', '牙椅', 16, 'E50', 'E50', NULL, '牙椅设备', 96000.00, 240000.00, 14800.00, 36900.00, 2, 1.0000000000000000000, NULL, 7, NULL, '52'),
	(53, 53, '卡纳', '教学', 39, '头模', '头模', NULL, '教学设备', 24000.00, 80000.00, 3700.00, 12300.00, 2, 1.0000000000000000000, NULL, 7, NULL, '53'),
	(54, 54, '卡纳', '牙椅', 16, 'E50', 'E50', NULL, '牙椅设备', 96000.00, 240000.00, 14800.00, 36900.00, 2, 1.0000000000000000000, NULL, 7, NULL, '54'),
	(55, 55, '卡纳', '牙椅', 15, '巴顿', '巴顿', NULL, '牙椅设备', 26000.00, 65000.00, 4000.00, 10000.00, 2, 1.0000000000000000000, NULL, 7, NULL, '55'),
	(56, 56, '卡纳', '影像', 2, 'eXam i', 'eXam i', NULL, '影像设备', 345000.00, 690000.00, 53100.00, 106200.00, 1, 1.0000000000000000000, NULL, 7, NULL, '56'),
	(57, 57, '卡纳', '影像', 1, 'eXam', 'eXam', NULL, '影像设备', 625000.00, 1250000.00, 96200.00, 192300.00, 1, 1.0000000000000000000, NULL, 7, NULL, '57'),
	(58, 58, '卡纳', '教学', 39, '头模', '头模', NULL, '教学设备', 24000.00, 80000.00, 3700.00, 12300.00, 2, 1.0000000000000000000, NULL, 7, NULL, '58'),
	(59, 59, '卡纳', '影像', 6, '北斗（CT）', '北斗（CT）', NULL, '影像设备', 285000.00, 570000.00, 43800.00, 87700.00, 1, 1.0000000000000000000, NULL, 7, NULL, '59'),
	(60, 60, '卡纳', '手机', 33, '636C', '636C', NULL, '手机工具', 3000.00, 10000.00, 500.00, 1500.00, 10, 1.0000000000000000000, NULL, 7, NULL, '60'),
	(61, 61, '卡纳', '影像', 10, 'Cranex 3D', 'Cranex 3D', NULL, '影像设备', 240000.00, 480000.00, 36900.00, 73800.00, 1, 1.0000000000000000000, NULL, 7, NULL, '61'),
	(62, 62, '卡纳', '影像', 1, 'eXam', 'eXam', NULL, '影像设备', 625000.00, 1250000.00, 96200.00, 192300.00, 1, 1.0000000000000000000, NULL, 7, NULL, '62'),
	(63, 63, '卡纳', '影像', 3, 'i-CAT', 'i-CAT', NULL, '影像设备', 575000.00, 1150000.00, 88500.00, 176900.00, 1, 1.0000000000000000000, NULL, 7, NULL, '63'),
	(64, 64, '卡纳', '手机', 32, '605C', '605C', NULL, '手机工具', 3000.00, 10000.00, 500.00, 1500.00, 10, 1.0000000000000000000, NULL, 7, NULL, '64'),
	(65, 65, '卡纳', '手机', 24, 'E680C', 'E680C', NULL, '手机工具', 990.00, 3300.00, 200.00, 500.00, 10, 1.0000000000000000000, NULL, 7, NULL, '65'),
	(66, 66, '卡纳', '牙椅', 19, 'E30', 'E30', NULL, '牙椅设备', 50800.00, 127000.00, 7800.00, 19500.00, 2, 1.0000000000000000000, NULL, 7, NULL, '66'),
	(67, 67, '卡纳', '影像', 7, '北斗（全景）', '北斗（全景）', NULL, '影像设备', 150000.00, 300000.00, 23100.00, 46200.00, 1, 1.0000000000000000000, NULL, 7, NULL, '67'),
	(68, 68, '卡纳', '牙椅', 19, 'E30', 'E30', NULL, '牙椅设备', 50800.00, 127000.00, 7800.00, 19500.00, 2, 1.0000000000000000000, NULL, 7, NULL, '68'),
	(69, 69, '卡纳', '牙椅', 19, 'E30', 'E30', NULL, '牙椅设备', 50800.00, 127000.00, 7800.00, 19500.00, 2, 1.0000000000000000000, NULL, 7, NULL, '69'),
	(70, 70, '卡纳', '手机', 26, 'S619C', 'S619C', NULL, '手机工具', 870.00, 2900.00, 100.00, 400.00, 10, 1.0000000000000000000, NULL, 7, NULL, '70'),
	(71, 71, '卡纳', '手机', 34, '609', '609', NULL, '手机工具', 3000.00, 10000.00, 500.00, 1500.00, 10, 1.0000000000000000000, NULL, 7, NULL, '71'),
	(72, 72, '卡纳', '手机', 26, 'S619C', 'S619C', NULL, '手机工具', 870.00, 2900.00, 100.00, 400.00, 10, 1.0000000000000000000, NULL, 7, NULL, '72'),
	(73, 73, '卡纳', '影像', 7, '北斗（全景）', '北斗（全景）', NULL, '影像设备', 150000.00, 300000.00, 23100.00, 46200.00, 1, 1.0000000000000000000, NULL, 7, NULL, '73'),
	(74, 74, '卡纳', '牙椅', 16, 'E50', 'E50', NULL, '牙椅设备', 96000.00, 240000.00, 14800.00, 36900.00, 2, 1.0000000000000000000, NULL, 7, NULL, '74'),
	(75, 75, '卡纳', '手机', 26, 'S619C', 'S619C', NULL, '手机工具', 870.00, 2900.00, 100.00, 400.00, 10, 1.0000000000000000000, NULL, 7, NULL, '75'),
	(76, 76, '卡纳', '影像', 9, '牙科数字化扫描系统', '牙科数字化扫描系统', NULL, '影像设备', 38250.00, 76500.00, 5900.00, 11800.00, 1, 1.0000000000000000000, NULL, 7, NULL, '76'),
	(77, 77, '卡纳', '牙椅', 16, 'E50', 'E50', NULL, '牙椅设备', 96000.00, 240000.00, 14800.00, 36900.00, 2, 1.0000000000000000000, NULL, 7, NULL, '77'),
	(78, 78, '卡纳', '牙椅', 19, 'E30', 'E30', NULL, '牙椅设备', 50800.00, 127000.00, 7800.00, 19500.00, 2, 1.0000000000000000000, NULL, 7, NULL, '78'),
	(79, 79, '卡纳', '影像', 10, 'Cranex 3D', 'Cranex 3D', NULL, '影像设备', 240000.00, 480000.00, 36900.00, 73800.00, 1, 1.0000000000000000000, NULL, 7, NULL, '79'),
	(80, 80, '卡纳', '影像', 6, '北斗（CT）', '北斗（CT）', NULL, '影像设备', 285000.00, 570000.00, 43800.00, 87700.00, 1, 1.0000000000000000000, NULL, 7, NULL, '80'),
	(81, 81, '卡纳', '牙椅', 19, 'E30', 'E30', NULL, '牙椅设备', 50800.00, 127000.00, 7800.00, 19500.00, 2, 1.0000000000000000000, NULL, 7, NULL, '81'),
	(82, 82, '卡纳', '手机', 27, 'E680L', 'E680L', NULL, '手机工具', 1110.00, 3700.00, 200.00, 600.00, 10, 1.0000000000000000000, NULL, 7, NULL, '82'),
	(83, 83, '卡纳', '影像', 6, '北斗（CT）', '北斗（CT）', NULL, '影像设备', 285000.00, 570000.00, 43800.00, 87700.00, 1, 1.0000000000000000000, NULL, 7, NULL, '83'),
	(84, 84, '卡纳', '手机', 28, '8000C', '8000C', NULL, '手机工具', 1440.00, 4800.00, 200.00, 700.00, 10, 1.0000000000000000000, NULL, 7, NULL, '84'),
	(85, 85, '卡纳', '影像', 3, 'i-CAT', 'i-CAT', NULL, '影像设备', 575000.00, 1150000.00, 88500.00, 176900.00, 1, 1.0000000000000000000, NULL, 7, NULL, '85'),
	(128, 128, '卡纳', '手机', 27, 'E680L', 'E680L', NULL, '手机工具', 1110.00, 3700.00, 200.00, 600.00, 10, 1.0000000000000000000, NULL, 7, NULL, '86'),
	(129, 129, '卡纳', '手机', 33, '636C', '636C', NULL, '手机工具', 3000.00, 10000.00, 500.00, 1500.00, 10, 1.0000000000000000000, NULL, 7, NULL, '87'),
	(130, 130, '卡纳', '手机', 32, '605C', '605C', NULL, '手机工具', 3000.00, 10000.00, 500.00, 1500.00, 10, 1.0000000000000000000, NULL, 7, NULL, '88'),
	(131, 131, '卡纳', '手机', 28, '8000C', '8000C', NULL, '手机工具', 1440.00, 4800.00, 200.00, 700.00, 10, 1.0000000000000000000, NULL, 7, NULL, '89'),
	(132, 132, '卡纳', '手机', 32, '605C', '605C', NULL, '手机工具', 3000.00, 10000.00, 500.00, 1500.00, 10, 1.0000000000000000000, NULL, 7, NULL, '90'),
	(133, 133, '卡纳', '手机', 24, 'E680C', 'E680C', NULL, '手机工具', 990.00, 3300.00, 200.00, 500.00, 10, 1.0000000000000000000, NULL, 7, NULL, '91'),
	(134, 134, '卡纳', '影像', 2, 'eXam i', 'eXam i', NULL, '影像设备', 345000.00, 690000.00, 53100.00, 106200.00, 1, 1.0000000000000000000, NULL, 7, NULL, '92'),
	(135, 135, '卡纳', '影像', 8, 'Cranex D', 'Cranex D', NULL, '影像设备', 115000.00, 230000.00, 17700.00, 35400.00, 1, 1.0000000000000000000, NULL, 7, NULL, '93'),
	(136, 136, '卡纳', '教学', 39, '头模', '头模', NULL, '教学设备', 24000.00, 80000.00, 3700.00, 12300.00, 2, 1.0000000000000000000, NULL, 7, NULL, '94'),
	(137, 137, '卡纳', '牙椅', 16, 'E50', 'E50', NULL, '牙椅设备', 96000.00, 240000.00, 14800.00, 36900.00, 2, 1.0000000000000000000, NULL, 7, NULL, '95'),
	(138, 138, '卡纳', '手机', 26, 'S619C', 'S619C', NULL, '手机工具', 870.00, 2900.00, 100.00, 400.00, 10, 1.0000000000000000000, NULL, 7, NULL, '96'),
	(139, 139, '卡纳', '手机', 34, '609', '609', NULL, '手机工具', 3000.00, 10000.00, 500.00, 1500.00, 10, 1.0000000000000000000, NULL, 7, NULL, '97'),
	(140, 140, '卡纳', '教学', 38, '单头模', '单头模', NULL, '教学设备', 3000.00, 10000.00, 500.00, 1500.00, 10, 1.0000000000000000000, NULL, 7, NULL, '98'),
	(141, 141, '卡纳', '影像', 2, 'eXam i', 'eXam i', NULL, '影像设备', 345000.00, 690000.00, 53100.00, 106200.00, 1, 1.0000000000000000000, NULL, 7, NULL, '99'),
	(142, 142, '卡纳', '牙椅', 19, 'E30', 'E30', NULL, '牙椅设备', 50800.00, 127000.00, 7800.00, 19500.00, 2, 1.0000000000000000000, NULL, 7, NULL, '100'),
	(143, 143, '卡纳', '教学', 38, '单头模', '单头模', NULL, '教学设备', 3000.00, 10000.00, 500.00, 1500.00, 10, 1.0000000000000000000, NULL, 7, NULL, '101'),
	(144, 144, '卡纳', '影像', 2, 'eXam i', 'eXam i', NULL, '影像设备', 345000.00, 690000.00, 53100.00, 106200.00, 1, 1.0000000000000000000, NULL, 7, NULL, '102'),
	(145, 145, '卡纳', '牙椅', 15, '巴顿', '巴顿', NULL, '牙椅设备', 26000.00, 65000.00, 4000.00, 10000.00, 2, 1.0000000000000000000, NULL, 7, NULL, '103'),
	(146, 146, '卡纳', '牙椅', 16, 'E50', 'E50', NULL, '牙椅设备', 96000.00, 240000.00, 14800.00, 36900.00, 2, 1.0000000000000000000, NULL, 7, NULL, '104'),
	(147, 147, '卡纳', '影像', 9, '牙科数字化扫描系统', '牙科数字化扫描系统', NULL, '影像设备', 38250.00, 76500.00, 5900.00, 11800.00, 1, 1.0000000000000000000, NULL, 7, NULL, '105'),
	(148, 148, '卡纳', '牙椅', 15, '巴顿', '巴顿', NULL, '牙椅设备', 26000.00, 65000.00, 4000.00, 10000.00, 2, 1.0000000000000000000, NULL, 7, NULL, '106'),
	(149, 149, '卡纳', '手机', 28, '8000C', '8000C', NULL, '手机工具', 1440.00, 4800.00, 200.00, 700.00, 10, 1.0000000000000000000, NULL, 7, NULL, '107'),
	(150, 150, '卡纳', '影像', 8, 'Cranex D', 'Cranex D', NULL, '影像设备', 115000.00, 230000.00, 17700.00, 35400.00, 1, 1.0000000000000000000, NULL, 7, NULL, '108'),
	(151, 151, '卡纳', '牙椅', 15, '巴顿', '巴顿', NULL, '牙椅设备', 26000.00, 65000.00, 4000.00, 10000.00, 2, 1.0000000000000000000, NULL, 7, NULL, '109'),
	(159, 159, '卡纳', '影像', 9, '牙科数字化扫描系统', '牙科数字化扫描系统', NULL, '影像设备', 38250.00, 76500.00, 5900.00, 11800.00, 1, 1.0000000000000000000, NULL, 7, NULL, '110'),
	(160, 160, '卡纳', '牙椅', 15, '巴顿', '巴顿', NULL, '牙椅设备', 26000.00, 65000.00, 4000.00, 10000.00, 2, 1.0000000000000000000, NULL, 7, NULL, '111'),
	(161, 161, '卡纳', '手机', 25, 'S619L', 'S619L', NULL, '手机工具', 990.00, 3300.00, 200.00, 500.00, 10, 1.0000000000000000000, NULL, 7, NULL, '112'),
	(162, 162, '卡纳', '手机', 33, '636C', '636C', NULL, '手机工具', 3000.00, 10000.00, 500.00, 1500.00, 10, 1.0000000000000000000, NULL, 7, NULL, '113'),
	(163, 163, '卡纳', '牙椅', 15, '巴顿', '巴顿', NULL, '牙椅设备', 26000.00, 65000.00, 4000.00, 10000.00, 2, 1.0000000000000000000, NULL, 7, NULL, '114'),
	(164, 164, '卡纳', '教学', 38, '单头模', '单头模', NULL, '教学设备', 3000.00, 10000.00, 500.00, 1500.00, 10, 1.0000000000000000000, NULL, 7, NULL, '115'),
	(165, 165, '卡纳', '牙椅', 15, '巴顿', '巴顿', NULL, '牙椅设备', 26000.00, 65000.00, 4000.00, 10000.00, 2, 1.0000000000000000000, NULL, 7, NULL, '116'),
	(166, 166, '卡纳', '影像', 7, '北斗（全景）', '北斗（全景）', NULL, '影像设备', 150000.00, 300000.00, 23100.00, 46200.00, 1, 1.0000000000000000000, NULL, 7, NULL, '117'),
	(167, 167, '卡纳', '牙椅', 15, '巴顿', '巴顿', NULL, '牙椅设备', 26000.00, 65000.00, 4000.00, 10000.00, 2, 1.0000000000000000000, NULL, 7, NULL, '118'),
	(168, 168, '卡纳', '牙椅', 15, '巴顿', '巴顿', NULL, '牙椅设备', 26000.00, 65000.00, 4000.00, 10000.00, 2, 1.0000000000000000000, NULL, 7, NULL, '119'),
	(169, 169, '卡纳', '影像', 8, 'Cranex D', 'Cranex D', NULL, '影像设备', 115000.00, 230000.00, 17700.00, 35400.00, 1, 1.0000000000000000000, NULL, 7, NULL, '120'),
	(170, 170, '卡纳', '影像', 3, 'i-CAT', 'i-CAT', NULL, '影像设备', 575000.00, 1150000.00, 88500.00, 176900.00, 1, 1.0000000000000000000, NULL, 7, NULL, '121'),
	(171, 171, '卡纳', '手机', 28, '8000C', '8000C', NULL, '手机工具', 1440.00, 4800.00, 200.00, 700.00, 10, 1.0000000000000000000, NULL, 7, NULL, '122'),
	(172, 172, '卡纳', '牙椅', 15, '巴顿', '巴顿', NULL, '牙椅设备', 26000.00, 65000.00, 4000.00, 10000.00, 2, 1.0000000000000000000, NULL, 7, NULL, '123'),
	(173, 173, '卡纳', '手机', 32, '605C', '605C', NULL, '手机工具', 3000.00, 10000.00, 500.00, 1500.00, 10, 1.0000000000000000000, NULL, 7, NULL, '124'),
	(174, 174, '卡纳', '手机', 27, 'E680L', 'E680L', NULL, '手机工具', 1110.00, 3700.00, 200.00, 600.00, 10, 1.0000000000000000000, NULL, 7, NULL, '125'),
	(175, 175, '卡纳', '影像', 3, 'i-CAT', 'i-CAT', NULL, '影像设备', 575000.00, 1150000.00, 88500.00, 176900.00, 1, 1.0000000000000000000, NULL, 7, NULL, '126'),
	(176, 176, '卡纳', '手机', 34, '609', '609', NULL, '手机工具', 3000.00, 10000.00, 500.00, 1500.00, 10, 1.0000000000000000000, NULL, 7, NULL, '127'),
	(177, 177, '卡纳', '教学', 38, '单头模', '单头模', NULL, '教学设备', 3000.00, 10000.00, 500.00, 1500.00, 10, 1.0000000000000000000, NULL, 7, NULL, '128'),
	(178, 178, '卡纳', '牙椅', 15, '巴顿', '巴顿', NULL, '牙椅设备', 26000.00, 65000.00, 4000.00, 10000.00, 2, 1.0000000000000000000, NULL, 7, NULL, '129'),
	(179, 179, '卡纳', '影像', 7, '北斗（全景）', '北斗（全景）', NULL, '影像设备', 150000.00, 300000.00, 23100.00, 46200.00, 1, 1.0000000000000000000, NULL, 7, NULL, '130'),
	(180, 180, '卡纳', '影像', 3, 'i-CAT', 'i-CAT', NULL, '影像设备', 575000.00, 1150000.00, 88500.00, 176900.00, 1, 1.0000000000000000000, NULL, 7, NULL, '131'),
	(181, 181, '卡纳', '影像', 7, '北斗（全景）', '北斗（全景）', NULL, '影像设备', 150000.00, 300000.00, 23100.00, 46200.00, 1, 1.0000000000000000000, NULL, 7, NULL, '132'),
	(182, 182, '卡纳', '手机', 31, '8000B', '8000B', NULL, '手机工具', 2070.00, 6900.00, 300.00, 1100.00, 10, 1.0000000000000000000, NULL, 7, NULL, '133'),
	(183, 183, '卡纳', '手机', 27, 'E680L', 'E680L', NULL, '手机工具', 1110.00, 3700.00, 200.00, 600.00, 10, 1.0000000000000000000, NULL, 7, NULL, '134'),
	(184, 184, '卡纳', '手机', 24, 'E680C', 'E680C', NULL, '手机工具', 990.00, 3300.00, 200.00, 500.00, 10, 1.0000000000000000000, NULL, 7, NULL, '135'),
	(185, 185, '卡纳', '影像', 7, '北斗（全景）', '北斗（全景）', NULL, '影像设备', 150000.00, 300000.00, 23100.00, 46200.00, 1, 1.0000000000000000000, NULL, 7, NULL, '136'),
	(186, 186, '卡纳', '影像', 9, '牙科数字化扫描系统', '牙科数字化扫描系统', NULL, '影像设备', 38250.00, 76500.00, 5900.00, 11800.00, 1, 1.0000000000000000000, NULL, 7, NULL, '137'),
	(187, 187, '卡纳', '牙椅', 15, '巴顿', '巴顿', NULL, '牙椅设备', 26000.00, 65000.00, 4000.00, 10000.00, 2, 1.0000000000000000000, NULL, 7, NULL, '138'),
	(188, 188, '卡纳', '牙椅', 15, '巴顿', '巴顿', NULL, '牙椅设备', 26000.00, 65000.00, 4000.00, 10000.00, 2, 1.0000000000000000000, NULL, 7, NULL, '139'),
	(189, 189, '卡纳', '手机', 24, 'E680C', 'E680C', NULL, '手机工具', 990.00, 3300.00, 200.00, 500.00, 10, 1.0000000000000000000, NULL, 7, NULL, '140'),
	(190, 190, '卡纳', '牙椅', 15, '巴顿', '巴顿', NULL, '牙椅设备', 26000.00, 65000.00, 4000.00, 10000.00, 2, 1.0000000000000000000, NULL, 7, NULL, '141'),
	(191, 191, '卡纳', '影像', 8, 'Cranex D', 'Cranex D', NULL, '影像设备', 115000.00, 230000.00, 17700.00, 35400.00, 1, 1.0000000000000000000, NULL, 7, NULL, '142'),
	(192, 192, '卡纳', '手机', 26, 'S619C', 'S619C', NULL, '手机工具', 870.00, 2900.00, 100.00, 400.00, 10, 1.0000000000000000000, NULL, 7, NULL, '143'),
	(222, 222, '卡纳', '手机', 33, '636C', '636C', NULL, '手机工具', 3000.00, 10000.00, 500.00, 1500.00, 10, 1.0000000000000000000, NULL, 7, NULL, '144'),
	(223, 223, '卡纳', '影像', 7, '北斗（全景）', '北斗（全景）', NULL, '影像设备', 150000.00, 300000.00, 23100.00, 46200.00, 1, 1.0000000000000000000, NULL, 7, NULL, '145'),
	(224, 224, '卡纳', '手机', 26, 'S619C', 'S619C', NULL, '手机工具', 870.00, 2900.00, 100.00, 400.00, 10, 1.0000000000000000000, NULL, 7, NULL, '146'),
	(225, 225, '卡纳', '影像', 1, 'eXam', 'eXam', NULL, '影像设备', 625000.00, 1250000.00, 96200.00, 192300.00, 1, 1.0000000000000000000, NULL, 7, NULL, '147'),
	(226, 226, '卡纳', '影像', 2, 'eXam i', 'eXam i', NULL, '影像设备', 345000.00, 690000.00, 53100.00, 106200.00, 1, 1.0000000000000000000, NULL, 7, NULL, '148'),
	(227, 227, '卡纳', '手机', 32, '605C', '605C', NULL, '手机工具', 3000.00, 10000.00, 500.00, 1500.00, 10, 1.0000000000000000000, NULL, 7, NULL, '149'),
	(228, 228, '卡纳', '教学', 39, '头模', '头模', NULL, '教学设备', 24000.00, 80000.00, 3700.00, 12300.00, 2, 1.0000000000000000000, NULL, 7, NULL, '150'),
	(229, 229, '卡纳', '牙椅', 15, '巴顿', '巴顿', NULL, '牙椅设备', 26000.00, 65000.00, 4000.00, 10000.00, 2, 1.0000000000000000000, NULL, 7, NULL, '151'),
	(230, 230, '卡纳', '牙椅', 15, '巴顿', '巴顿', NULL, '牙椅设备', 26000.00, 65000.00, 4000.00, 10000.00, 2, 1.0000000000000000000, NULL, 7, NULL, '152'),
	(231, 231, '卡纳', '牙椅', 15, '巴顿', '巴顿', NULL, '牙椅设备', 26000.00, 65000.00, 4000.00, 10000.00, 2, 1.0000000000000000000, NULL, 7, NULL, '153'),
	(232, 232, '卡纳', '教学', 39, '头模', '头模', NULL, '教学设备', 24000.00, 80000.00, 3700.00, 12300.00, 2, 1.0000000000000000000, NULL, 7, NULL, '154'),
	(233, 232, '卡纳', '教学', 38, '单头模', '单头模', NULL, '教学设备', 3000.00, 10000.00, 500.00, 1500.00, 10, 1.0000000000000000000, NULL, 7, NULL, '155'),
	(234, 233, '卡纳', '手机', 26, 'S619C', 'S619C', NULL, '手机工具', 870.00, 2900.00, 100.00, 400.00, 10, 1.0000000000000000000, NULL, 7, NULL, '156'),
	(235, 234, '卡纳', '影像', 8, 'Cranex D', 'Cranex D', NULL, '影像设备', 115000.00, 230000.00, 17700.00, 35400.00, 1, 1.0000000000000000000, NULL, 7, NULL, '157'),
	(236, 235, '卡纳', '手机', 26, 'S619C', 'S619C', NULL, '手机工具', 870.00, 2900.00, 100.00, 400.00, 10, 1.0000000000000000000, NULL, 7, NULL, '158'),
	(237, 236, '卡纳', '教学', 39, '头模', '头模', NULL, '教学设备', 24000.00, 80000.00, 3700.00, 12300.00, 2, 1.0000000000000000000, NULL, 7, NULL, '159'),
	(238, 237, '卡纳', '牙椅', 15, '巴顿', '巴顿', NULL, '牙椅设备', 26000.00, 65000.00, 4000.00, 10000.00, 2, 1.0000000000000000000, NULL, 7, NULL, '160'),
	(239, 238, '卡纳', '影像', 2, 'eXam i', 'eXam i', NULL, '影像设备', 345000.00, 690000.00, 53100.00, 106200.00, 1, 1.0000000000000000000, NULL, 7, NULL, '161'),
	(240, 239, '卡纳', '牙椅', 15, '巴顿', '巴顿', NULL, '牙椅设备', 26000.00, 65000.00, 4000.00, 10000.00, 2, 1.0000000000000000000, NULL, 7, NULL, '162'),
	(241, 240, '卡纳', '牙椅', 15, '巴顿', '巴顿', NULL, '牙椅设备', 26000.00, 65000.00, 4000.00, 10000.00, 2, 1.0000000000000000000, NULL, 7, NULL, '163'),
	(242, 241, '卡纳', '牙椅', 15, '巴顿', '巴顿', NULL, '牙椅设备', 26000.00, 65000.00, 4000.00, 10000.00, 2, 1.0000000000000000000, NULL, 7, NULL, '164'),
	(243, 242, '卡纳', '牙椅', 15, '巴顿', '巴顿', NULL, '牙椅设备', 26000.00, 65000.00, 4000.00, 10000.00, 2, 1.0000000000000000000, NULL, 7, NULL, '165'),
	(244, 243, '卡纳', '教学', 39, '头模', '头模', NULL, '教学设备', 24000.00, 80000.00, 3700.00, 12300.00, 2, 1.0000000000000000000, NULL, 7, NULL, '166'),
	(245, 244, '卡纳', '影像', 10, 'Cranex 3D', 'Cranex 3D', NULL, '影像设备', 240000.00, 480000.00, 36900.00, 73800.00, 1, 1.0000000000000000000, NULL, 7, NULL, '167'),
	(246, 245, '卡纳', '手机', 26, 'S619C', 'S619C', NULL, '手机工具', 870.00, 2900.00, 100.00, 400.00, 10, 1.0000000000000000000, NULL, 7, NULL, '168'),
	(247, 246, '卡纳', '影像', 8, 'Cranex D', 'Cranex D', NULL, '影像设备', 115000.00, 230000.00, 17700.00, 35400.00, 1, 1.0000000000000000000, NULL, 7, NULL, '169'),
	(248, 247, '卡纳', '影像', 7, '北斗（全景）', '北斗（全景）', NULL, '影像设备', 150000.00, 300000.00, 23100.00, 46200.00, 1, 1.0000000000000000000, NULL, 7, NULL, '170'),
	(249, 248, '卡纳', '牙椅', 15, '巴顿', '巴顿', NULL, '牙椅设备', 26000.00, 65000.00, 4000.00, 10000.00, 2, 1.0000000000000000000, NULL, 7, NULL, '171'),
	(250, 249, '卡纳', '影像', 7, '北斗（全景）', '北斗（全景）', NULL, '影像设备', 150000.00, 300000.00, 23100.00, 46200.00, 1, 1.0000000000000000000, NULL, 7, NULL, '172'),
	(251, 250, '卡纳', '手机', 28, '8000C', '8000C', NULL, '手机工具', 1440.00, 4800.00, 200.00, 700.00, 10, 1.0000000000000000000, NULL, 7, NULL, '173'),
	(253, 251, '卡纳', '牙椅', 15, '巴顿', '巴顿', NULL, '牙椅设备', 26000.00, 65000.00, 4000.00, 10000.00, 2, 1.0000000000000000000, NULL, 7, NULL, '174'),
	(254, 253, '卡纳', '影像', 8, 'Cranex D', 'Cranex D', NULL, '影像设备', 115000.00, 230000.00, 17700.00, 35400.00, 1, 1.0000000000000000000, NULL, 7, NULL, '175'),
	(255, 254, '卡纳', '教学', 39, '头模', '头模', NULL, '教学设备', 24000.00, 80000.00, 3700.00, 12300.00, 2, 1.0000000000000000000, NULL, 7, NULL, '176'),
	(256, 255, '卡纳', '牙椅', 15, '巴顿', '巴顿', NULL, '牙椅设备', 26000.00, 65000.00, 4000.00, 10000.00, 2, 1.0000000000000000000, NULL, 7, NULL, '177'),
	(257, 256, '卡纳', '牙椅', 15, '巴顿', '巴顿', NULL, '牙椅设备', 26000.00, 65000.00, 4000.00, 10000.00, 2, 1.0000000000000000000, NULL, 7, NULL, '178'),
	(258, 257, '卡纳', '手机', 28, '8000C', '8000C', NULL, '手机工具', 1440.00, 4800.00, 200.00, 700.00, 10, 1.0000000000000000000, NULL, 7, NULL, '179'),
	(259, 258, '卡纳', '手机', 34, '609', '609', NULL, '手机工具', 3000.00, 10000.00, 500.00, 1500.00, 10, 1.0000000000000000000, NULL, 7, NULL, '180'),
	(260, 259, '卡纳', '影像', 2, 'eXam i', 'eXam i', NULL, '影像设备', 345000.00, 690000.00, 53100.00, 106200.00, 1, 1.0000000000000000000, NULL, 7, NULL, '181'),
	(261, 260, '卡纳', '教学', 39, '头模', '头模', NULL, '教学设备', 24000.00, 80000.00, 3700.00, 12300.00, 2, 1.0000000000000000000, NULL, 7, NULL, '182'),
	(262, 261, '卡纳', '影像', 6, '北斗（CT）', '北斗（CT）', NULL, '影像设备', 285000.00, 570000.00, 43800.00, 87700.00, 1, 1.0000000000000000000, NULL, 7, NULL, '183'),
	(263, 262, '卡纳', '手机', 33, '636C', '636C', NULL, '手机工具', 3000.00, 10000.00, 500.00, 1500.00, 10, 1.0000000000000000000, NULL, 7, NULL, '184'),
	(264, 263, '卡纳', '手机', 26, 'S619C', 'S619C', NULL, '手机工具', 870.00, 2900.00, 100.00, 400.00, 10, 1.0000000000000000000, NULL, 7, NULL, '185'),
	(265, 264, '卡纳', '牙椅', 15, '巴顿', '巴顿', NULL, '牙椅设备', 26000.00, 65000.00, 4000.00, 10000.00, 2, 1.0000000000000000000, NULL, 7, NULL, '186'),
	(266, 265, '卡纳', '手机', 28, '8000C', '8000C', NULL, '手机工具', 1440.00, 4800.00, 200.00, 700.00, 10, 1.0000000000000000000, NULL, 7, NULL, '187'),
	(267, 266, '卡纳', '教学', 39, '头模', '头模', NULL, '教学设备', 24000.00, 80000.00, 3700.00, 12300.00, 2, 1.0000000000000000000, NULL, 7, NULL, '188'),
	(268, 267, '卡纳', '牙椅', 15, '巴顿', '巴顿', NULL, '牙椅设备', 26000.00, 65000.00, 4000.00, 10000.00, 2, 1.0000000000000000000, NULL, 7, NULL, '189'),
	(269, 268, '卡纳', '手机', 24, 'E680C', 'E680C', NULL, '手机工具', 990.00, 3300.00, 200.00, 500.00, 10, 1.0000000000000000000, NULL, 7, NULL, '190'),
	(270, 269, '卡纳', '牙椅', 15, '巴顿', '巴顿', NULL, '牙椅设备', 26000.00, 65000.00, 4000.00, 10000.00, 2, 1.0000000000000000000, NULL, 7, NULL, '191'),
	(271, 270, '卡纳', '手机', 32, '605C', '605C', NULL, '手机工具', 3000.00, 10000.00, 500.00, 1500.00, 10, 1.0000000000000000000, NULL, 7, NULL, '192'),
	(272, 271, '卡纳', '影像', 9, '牙科数字化扫描系统', '牙科数字化扫描系统', NULL, '影像设备', 38250.00, 76500.00, 5900.00, 11800.00, 1, 1.0000000000000000000, NULL, 7, NULL, '193'),
	(273, 272, '卡纳', '教学', 39, '头模', '头模', NULL, '教学设备', 24000.00, 80000.00, 3700.00, 12300.00, 2, 1.0000000000000000000, NULL, 7, NULL, '194'),
	(274, 273, '卡纳', '牙椅', 15, '巴顿', '巴顿', NULL, '牙椅设备', 26000.00, 65000.00, 4000.00, 10000.00, 2, 1.0000000000000000000, NULL, 7, NULL, '195'),
	(275, 274, '卡纳', '手机', 28, '8000C', '8000C', NULL, '手机工具', 1440.00, 4800.00, 200.00, 700.00, 10, 1.0000000000000000000, NULL, 7, NULL, '196'),
	(276, 275, '卡纳', '手机', 34, '609', '609', NULL, '手机工具', 3000.00, 10000.00, 500.00, 1500.00, 10, 1.0000000000000000000, NULL, 7, NULL, '197'),
	(277, 276, '卡纳', '手机', 28, '8000C', '8000C', NULL, '手机工具', 1440.00, 4800.00, 200.00, 700.00, 10, 1.0000000000000000000, NULL, 7, NULL, '198'),
	(278, 277, '卡纳', '牙椅', 15, '巴顿', '巴顿', NULL, '牙椅设备', 26000.00, 65000.00, 4000.00, 10000.00, 2, 1.0000000000000000000, NULL, 7, NULL, '199'),
	(279, 278, '卡纳', '牙椅', 15, '巴顿', '巴顿', NULL, '牙椅设备', 26000.00, 65000.00, 4000.00, 10000.00, 2, 1.0000000000000000000, NULL, 7, NULL, '200'),
	(280, 279, '卡纳', '影像', 8, 'Cranex D', 'Cranex D', NULL, '影像设备', 115000.00, 230000.00, 17700.00, 35400.00, 1, 1.0000000000000000000, NULL, 7, NULL, '201'),
	(284, 280, '卡纳', '手机', 27, 'E680L', 'E680L', NULL, '手机工具', 1110.00, 3700.00, 200.00, 600.00, 10, 1.0000000000000000000, NULL, 7, NULL, '202'),
	(285, 284, '卡纳', '手机', 34, '609', '609', NULL, '手机工具', 3000.00, 10000.00, 500.00, 1500.00, 10, 1.0000000000000000000, NULL, 7, NULL, '203'),
	(286, 285, '卡纳', '影像', 7, '北斗（全景）', '北斗（全景）', NULL, '影像设备', 150000.00, 300000.00, 23100.00, 46200.00, 1, 1.0000000000000000000, NULL, 7, NULL, '204'),
	(287, 286, '卡纳', '牙椅', 15, '巴顿', '巴顿', NULL, '牙椅设备', 26000.00, 65000.00, 4000.00, 10000.00, 2, 1.0000000000000000000, NULL, 7, NULL, '205'),
	(288, 287, '卡纳', '影像', 3, 'i-CAT', 'i-CAT', NULL, '影像设备', 575000.00, 1150000.00, 88500.00, 176900.00, 1, 1.0000000000000000000, NULL, 7, NULL, '206'),
	(289, 288, '卡纳', '手机', 28, '8000C', '8000C', NULL, '手机工具', 1440.00, 4800.00, 200.00, 700.00, 10, 1.0000000000000000000, NULL, 7, NULL, '207'),
	(290, 289, '卡纳', '牙椅', 15, '巴顿', '巴顿', NULL, '牙椅设备', 26000.00, 65000.00, 4000.00, 10000.00, 2, 1.0000000000000000000, NULL, 7, NULL, '208'),
	(291, 290, '卡纳', '手机', 24, 'E680C', 'E680C', NULL, '手机工具', 990.00, 3300.00, 200.00, 500.00, 10, 1.0000000000000000000, NULL, 7, NULL, '209'),
	(292, 291, '卡纳', '影像', 8, 'Cranex D', 'Cranex D', NULL, '影像设备', 115000.00, 230000.00, 17700.00, 35400.00, 1, 1.0000000000000000000, NULL, 7, NULL, '210'),
	(293, 292, '卡纳', '牙椅', 15, '巴顿', '巴顿', NULL, '牙椅设备', 26000.00, 65000.00, 4000.00, 10000.00, 2, 1.0000000000000000000, NULL, 7, NULL, '211'),
	(294, 293, '卡纳', '影像', 2, 'eXam i', 'eXam i', NULL, '影像设备', 345000.00, 690000.00, 53100.00, 106200.00, 1, 1.0000000000000000000, NULL, 7, NULL, '212'),
	(295, 294, '卡纳', '手机', 33, '636C', '636C', NULL, '手机工具', 3000.00, 10000.00, 500.00, 1500.00, 10, 1.0000000000000000000, NULL, 7, NULL, '213'),
	(296, 295, '卡纳', '手机', 26, 'S619C', 'S619C', NULL, '手机工具', 870.00, 2900.00, 100.00, 400.00, 10, 1.0000000000000000000, NULL, 7, NULL, '214'),
	(297, 296, '卡纳', '牙椅', 15, '巴顿', '巴顿', NULL, '牙椅设备', 26000.00, 65000.00, 4000.00, 10000.00, 2, 1.0000000000000000000, NULL, 7, NULL, '215'),
	(298, 297, '卡纳', '手机', 27, 'E680L', 'E680L', NULL, '手机工具', 1110.00, 3700.00, 200.00, 600.00, 10, 1.0000000000000000000, NULL, 7, NULL, '216'),
	(299, 298, '卡纳', '牙椅', 15, '巴顿', '巴顿', NULL, '牙椅设备', 26000.00, 65000.00, 4000.00, 10000.00, 2, 1.0000000000000000000, NULL, 7, NULL, '217'),
	(300, 299, '卡纳', '影像', 6, '北斗（CT）', '北斗（CT）', NULL, '影像设备', 285000.00, 570000.00, 43800.00, 87700.00, 1, 1.0000000000000000000, NULL, 7, NULL, '218'),
	(301, 300, '卡纳', '教学', 39, '头模', '头模', NULL, '教学设备', 24000.00, 80000.00, 3700.00, 12300.00, 2, 1.0000000000000000000, NULL, 7, NULL, '219'),
	(302, 301, '卡纳', '影像', 2, 'eXam i', 'eXam i', NULL, '影像设备', 345000.00, 690000.00, 53100.00, 106200.00, 1, 1.0000000000000000000, NULL, 7, NULL, '220'),
	(303, 302, '卡纳', '教学', 38, '单头模', '单头模', NULL, '教学设备', 3000.00, 10000.00, 500.00, 1500.00, 10, 1.0000000000000000000, NULL, 7, NULL, '221'),
	(304, 303, '卡纳', '影像', 9, '牙科数字化扫描系统', '牙科数字化扫描系统', NULL, '影像设备', 38250.00, 76500.00, 5900.00, 11800.00, 1, 1.0000000000000000000, NULL, 7, NULL, '222'),
	(305, 304, '卡纳', '教学', 39, '头模', '头模', NULL, '教学设备', 24000.00, 80000.00, 3700.00, 12300.00, 2, 1.0000000000000000000, NULL, 7, NULL, '223'),
	(306, 305, '卡纳', '影像', 8, 'Cranex D', 'Cranex D', NULL, '影像设备', 115000.00, 230000.00, 17700.00, 35400.00, 1, 1.0000000000000000000, NULL, 7, NULL, '224'),
	(307, 306, '卡纳', '牙椅', 14, '1058', '1058', NULL, '牙椅设备', 48000.00, 120000.00, 7400.00, 18500.00, 2, 1.0000000000000000000, NULL, 7, NULL, '225'),
	(308, 307, '卡纳', '牙椅', 15, '巴顿', '巴顿', NULL, '牙椅设备', 26000.00, 65000.00, 4000.00, 10000.00, 2, 1.0000000000000000000, NULL, 7, NULL, '226'),
	(309, 308, '卡纳', '影像', 8, 'Cranex D', 'Cranex D', NULL, '影像设备', 115000.00, 230000.00, 17700.00, 35400.00, 1, 1.0000000000000000000, NULL, 7, NULL, '227'),
	(310, 309, '卡纳', '影像', 2, 'eXam i', 'eXam i', NULL, '影像设备', 345000.00, 690000.00, 53100.00, 106200.00, 1, 1.0000000000000000000, NULL, 7, NULL, '228'),
	(311, 310, '卡纳', '手机', 33, '636C', '636C', NULL, '手机工具', 3000.00, 10000.00, 500.00, 1500.00, 10, 1.0000000000000000000, NULL, 7, NULL, '229'),
	(312, 311, '卡纳', '影像', 2, 'eXam i', 'eXam i', NULL, '影像设备', 345000.00, 690000.00, 53100.00, 106200.00, 1, 1.0000000000000000000, NULL, 7, NULL, '230'),
	(313, 312, '卡纳', '牙椅', 14, '1058', '1058', NULL, '牙椅设备', 48000.00, 120000.00, 7400.00, 18500.00, 2, 1.0000000000000000000, NULL, 7, NULL, '231'),
	(314, 313, '卡纳', '牙椅', 14, '1058', '1058', NULL, '牙椅设备', 48000.00, 120000.00, 7400.00, 18500.00, 2, 1.0000000000000000000, NULL, 7, NULL, '232'),
	(315, 314, '卡纳', '牙椅', 15, '巴顿', '巴顿', NULL, '牙椅设备', 26000.00, 65000.00, 4000.00, 10000.00, 2, 1.0000000000000000000, NULL, 7, NULL, '233'),
	(316, 315, '卡纳', '牙椅', 14, '1058', '1058', NULL, '牙椅设备', 48000.00, 120000.00, 7400.00, 18500.00, 2, 1.0000000000000000000, NULL, 7, NULL, '234'),
	(347, 316, '卡纳', '影像', 10, 'Cranex 3D', 'Cranex 3D', NULL, '影像设备', 240000.00, 480000.00, 36900.00, 73800.00, 1, 1.0000000000000000000, NULL, 7, NULL, '235'),
	(348, 347, '卡纳', '牙椅', 15, '巴顿', '巴顿', NULL, '牙椅设备', 26000.00, 65000.00, 4000.00, 10000.00, 2, 1.0000000000000000000, NULL, 7, NULL, '236'),
	(349, 348, '卡纳', '影像', 7, '北斗（全景）', '北斗（全景）', NULL, '影像设备', 150000.00, 300000.00, 23100.00, 46200.00, 1, 1.0000000000000000000, NULL, 7, NULL, '237'),
	(350, 349, '卡纳', '影像', 2, 'eXam i', 'eXam i', NULL, '影像设备', 345000.00, 690000.00, 53100.00, 106200.00, 1, 1.0000000000000000000, NULL, 7, NULL, '238'),
	(351, 350, '卡纳', '牙椅', 14, '1058', '1058', NULL, '牙椅设备', 48000.00, 120000.00, 7400.00, 18500.00, 2, 1.0000000000000000000, NULL, 7, NULL, '239'),
	(352, 351, '卡纳', '牙椅', 15, '巴顿', '巴顿', NULL, '牙椅设备', 26000.00, 65000.00, 4000.00, 10000.00, 2, 1.0000000000000000000, NULL, 7, NULL, '240'),
	(353, 352, '卡纳', '教学', 38, '单头模', '单头模', NULL, '教学设备', 3000.00, 10000.00, 500.00, 1500.00, 10, 1.0000000000000000000, NULL, 7, NULL, '241'),
	(354, 353, '卡纳', '教学', 38, '单头模', '单头模', NULL, '教学设备', 3000.00, 10000.00, 500.00, 1500.00, 10, 1.0000000000000000000, NULL, 7, NULL, '242'),
	(355, 354, '卡纳', '影像', 1, 'eXam', 'eXam', NULL, '影像设备', 625000.00, 1250000.00, 96200.00, 192300.00, 1, 1.0000000000000000000, NULL, 7, NULL, '243'),
	(356, 355, '卡纳', '影像', 3, 'i-CAT', 'i-CAT', NULL, '影像设备', 575000.00, 1150000.00, 88500.00, 176900.00, 1, 1.0000000000000000000, NULL, 7, NULL, '244'),
	(357, 356, '卡纳', '牙椅', 15, '巴顿', '巴顿', NULL, '牙椅设备', 26000.00, 65000.00, 4000.00, 10000.00, 2, 1.0000000000000000000, NULL, 7, NULL, '245'),
	(358, 357, '卡纳', '牙椅', 15, '巴顿', '巴顿', NULL, '牙椅设备', 26000.00, 65000.00, 4000.00, 10000.00, 2, 1.0000000000000000000, NULL, 7, NULL, '246'),
	(359, 358, '卡纳', '手机', 32, '605C', '605C', NULL, '手机工具', 3000.00, 10000.00, 500.00, 1500.00, 10, 1.0000000000000000000, NULL, 7, NULL, '247'),
	(360, 359, '卡纳', '手机', 27, 'E680L', 'E680L', NULL, '手机工具', 1110.00, 3700.00, 200.00, 600.00, 10, 1.0000000000000000000, NULL, 7, NULL, '248'),
	(361, 360, '卡纳', '影像', 8, 'Cranex D', 'Cranex D', NULL, '影像设备', 115000.00, 230000.00, 17700.00, 35400.00, 1, 1.0000000000000000000, NULL, 7, NULL, '249'),
	(362, 361, '卡纳', '牙椅', 16, 'E50', 'E50', NULL, '牙椅设备', 96000.00, 240000.00, 14800.00, 36900.00, 2, 1.0000000000000000000, NULL, 7, NULL, '250'),
	(363, 362, '卡纳', '教学', 38, '单头模', '单头模', NULL, '教学设备', 3000.00, 10000.00, 500.00, 1500.00, 10, 1.0000000000000000000, NULL, 7, NULL, '251'),
	(364, 363, '卡纳', '影像', 2, 'eXam i', 'eXam i', NULL, '影像设备', 345000.00, 690000.00, 53100.00, 106200.00, 1, 1.0000000000000000000, NULL, 7, NULL, '252'),
	(365, 364, '卡纳', '手机', 27, 'E680L', 'E680L', NULL, '手机工具', 1110.00, 3700.00, 200.00, 600.00, 10, 1.0000000000000000000, NULL, 7, NULL, '253'),
	(366, 365, '卡纳', '影像', 7, '北斗（全景）', '北斗（全景）', NULL, '影像设备', 150000.00, 300000.00, 23100.00, 46200.00, 1, 1.0000000000000000000, NULL, 7, NULL, '254'),
	(367, 366, '卡纳', '手机', 26, 'S619C', 'S619C', NULL, '手机工具', 870.00, 2900.00, 100.00, 400.00, 10, 1.0000000000000000000, NULL, 7, NULL, '255'),
	(368, 367, '卡纳', '影像', 3, 'i-CAT', 'i-CAT', NULL, '影像设备', 575000.00, 1150000.00, 88500.00, 176900.00, 1, 1.0000000000000000000, NULL, 7, NULL, '256'),
	(369, 368, '卡纳', '手机', 25, 'S619L', 'S619L', NULL, '手机工具', 990.00, 3300.00, 200.00, 500.00, 10, 1.0000000000000000000, NULL, 7, NULL, '257'),
	(370, 369, '卡纳', '影像', 9, '牙科数字化扫描系统', '牙科数字化扫描系统', NULL, '影像设备', 38250.00, 76500.00, 5900.00, 11800.00, 1, 1.0000000000000000000, NULL, 7, NULL, '258'),
	(371, 370, '卡纳', '牙椅', 14, '1058', '1058', NULL, '牙椅设备', 48000.00, 120000.00, 7400.00, 18500.00, 2, 1.0000000000000000000, NULL, 7, NULL, '259'),
	(372, 371, '卡纳', '手机', 26, 'S619C', 'S619C', NULL, '手机工具', 870.00, 2900.00, 100.00, 400.00, 10, 1.0000000000000000000, NULL, 7, NULL, '260'),
	(378, 372, '卡纳', '牙椅', 19, 'E30', 'E30', NULL, '牙椅设备', 50800.00, 127000.00, 7800.00, 19500.00, 2, 1.0000000000000000000, NULL, 7, NULL, '261'),
	(379, 378, '卡纳', '教学', 38, '单头模', '单头模', NULL, '教学设备', 3000.00, 10000.00, 500.00, 1500.00, 10, 1.0000000000000000000, NULL, 7, NULL, '262'),
	(380, 379, '卡纳', '教学', 38, '单头模', '单头模', NULL, '教学设备', 3000.00, 10000.00, 500.00, 1500.00, 10, 1.0000000000000000000, NULL, 7, NULL, '263'),
	(381, 380, '卡纳', '影像', 6, '北斗（CT）', '北斗（CT）', NULL, '影像设备', 285000.00, 570000.00, 43800.00, 87700.00, 1, 1.0000000000000000000, NULL, 7, NULL, '264'),
	(382, 381, '卡纳', '牙椅', 16, 'E50', 'E50', NULL, '牙椅设备', 96000.00, 240000.00, 14800.00, 36900.00, 2, 1.0000000000000000000, NULL, 7, NULL, '265'),
	(383, 382, '卡纳', '手机', 32, '605C', '605C', NULL, '手机工具', 3000.00, 10000.00, 500.00, 1500.00, 10, 1.0000000000000000000, NULL, 7, NULL, '266'),
	(384, 383, '卡纳', '牙椅', 14, '1058', '1058', NULL, '牙椅设备', 48000.00, 120000.00, 7400.00, 18500.00, 2, 1.0000000000000000000, NULL, 7, NULL, '267'),
	(385, 384, '卡纳', '手机', 24, 'E680C', 'E680C', NULL, '手机工具', 990.00, 3300.00, 200.00, 500.00, 10, 1.0000000000000000000, NULL, 7, NULL, '268'),
	(386, 385, '卡纳', '影像', 8, 'Cranex D', 'Cranex D', NULL, '影像设备', 115000.00, 230000.00, 17700.00, 35400.00, 1, 1.0000000000000000000, NULL, 7, NULL, '269'),
	(387, 386, '卡纳', '影像', 9, '牙科数字化扫描系统', '牙科数字化扫描系统', NULL, '影像设备', 38250.00, 76500.00, 5900.00, 11800.00, 1, 1.0000000000000000000, NULL, 7, NULL, '270'),
	(388, 387, '卡纳', '牙椅', 16, 'E50', 'E50', NULL, '牙椅设备', 96000.00, 240000.00, 14800.00, 36900.00, 2, 1.0000000000000000000, NULL, 7, NULL, '271'),
	(389, 388, '卡纳', '影像', 7, '北斗（全景）', '北斗（全景）', NULL, '影像设备', 150000.00, 300000.00, 23100.00, 46200.00, 1, 1.0000000000000000000, NULL, 7, NULL, '272'),
	(390, 389, '卡纳', '牙椅', 19, 'E30', 'E30', NULL, '牙椅设备', 50800.00, 127000.00, 7800.00, 19500.00, 2, 1.0000000000000000000, NULL, 7, NULL, '273'),
	(391, 390, '卡纳', '手机', 34, '609', '609', NULL, '手机工具', 3000.00, 10000.00, 500.00, 1500.00, 10, 1.0000000000000000000, NULL, 7, NULL, '274'),
	(392, 391, '卡纳', '牙椅', 16, 'E50', 'E50', NULL, '牙椅设备', 96000.00, 240000.00, 14800.00, 36900.00, 2, 1.0000000000000000000, NULL, 7, NULL, '275'),
	(393, 392, '卡纳', '教学', 39, '头模', '头模', NULL, '教学设备', 24000.00, 80000.00, 3700.00, 12300.00, 2, 1.0000000000000000000, NULL, 7, NULL, '276'),
	(394, 393, '卡纳', '影像', 2, 'eXam i', 'eXam i', NULL, '影像设备', 345000.00, 690000.00, 53100.00, 106200.00, 1, 1.0000000000000000000, NULL, 7, NULL, '277'),
	(395, 394, '卡纳', '手机', 28, '8000C', '8000C', NULL, '手机工具', 1440.00, 4800.00, 200.00, 700.00, 10, 1.0000000000000000000, NULL, 7, NULL, '278'),
	(396, 395, '卡纳', '手机', 28, '8000C', '8000C', NULL, '手机工具', 1440.00, 4800.00, 200.00, 700.00, 10, 1.0000000000000000000, NULL, 7, NULL, '279'),
	(397, 396, '卡纳', '手机', 34, '609', '609', NULL, '手机工具', 3000.00, 10000.00, 500.00, 1500.00, 10, 1.0000000000000000000, NULL, 7, NULL, '280'),
	(398, 397, '卡纳', '手机', 28, '8000C', '8000C', NULL, '手机工具', 1440.00, 4800.00, 200.00, 700.00, 10, 1.0000000000000000000, NULL, 7, NULL, '281'),
	(399, 398, '卡纳', '影像', 2, 'eXam i', 'eXam i', NULL, '影像设备', 345000.00, 690000.00, 53100.00, 106200.00, 1, 1.0000000000000000000, NULL, 7, NULL, '282'),
	(400, 399, '卡纳', '牙椅', 19, 'E30', 'E30', NULL, '牙椅设备', 50800.00, 127000.00, 7800.00, 19500.00, 2, 1.0000000000000000000, NULL, 7, NULL, '283'),
	(401, 400, '卡纳', '牙椅', 19, 'E30', 'E30', NULL, '牙椅设备', 50800.00, 127000.00, 7800.00, 19500.00, 2, 1.0000000000000000000, NULL, 7, NULL, '284'),
	(402, 401, '卡纳', '牙椅', 16, 'E50', 'E50', NULL, '牙椅设备', 96000.00, 240000.00, 14800.00, 36900.00, 2, 1.0000000000000000000, NULL, 7, NULL, '285'),
	(403, 402, '卡纳', '教学', 39, '头模', '头模', NULL, '教学设备', 24000.00, 80000.00, 3700.00, 12300.00, 2, 1.0000000000000000000, NULL, 7, NULL, '286'),
	(404, 403, '卡纳', '影像', 9, '牙科数字化扫描系统', '牙科数字化扫描系统', NULL, '影像设备', 38250.00, 76500.00, 5900.00, 11800.00, 1, 1.0000000000000000000, NULL, 7, NULL, '287'),
	(405, 404, '卡纳', '影像', 8, 'Cranex D', 'Cranex D', NULL, '影像设备', 115000.00, 230000.00, 17700.00, 35400.00, 1, 1.0000000000000000000, NULL, 7, NULL, '288'),
	(406, 405, '卡纳', '牙椅', 19, 'E30', 'E30', NULL, '牙椅设备', 50800.00, 127000.00, 7800.00, 19500.00, 2, 1.0000000000000000000, NULL, 7, NULL, '289'),
	(407, 406, '卡纳', '手机', 26, 'S619C', 'S619C', NULL, '手机工具', 870.00, 2900.00, 100.00, 400.00, 10, 1.0000000000000000000, NULL, 7, NULL, '290'),
	(408, 407, '卡纳', '影像', 8, 'Cranex D', 'Cranex D', NULL, '影像设备', 115000.00, 230000.00, 17700.00, 35400.00, 1, 1.0000000000000000000, NULL, 7, NULL, '291'),
	(409, 408, '卡纳', '手机', 34, '609', '609', NULL, '手机工具', 3000.00, 10000.00, 500.00, 1500.00, 10, 1.0000000000000000000, NULL, 7, NULL, '292'),
	(410, 409, '卡纳', '教学', 39, '头模', '头模', NULL, '教学设备', 24000.00, 80000.00, 3700.00, 12300.00, 2, 1.0000000000000000000, NULL, 7, NULL, '293'),
	(411, 410, '卡纳', '手机', 31, '8000B', '8000B', NULL, '手机工具', 2070.00, 6900.00, 300.00, 1100.00, 10, 1.0000000000000000000, NULL, 7, NULL, '294'),
	(412, 411, '卡纳', '手机', 32, '605C', '605C', NULL, '手机工具', 3000.00, 10000.00, 500.00, 1500.00, 10, 1.0000000000000000000, NULL, 7, NULL, '295'),
	(413, 412, '卡纳', '影像', 9, '牙科数字化扫描系统', '牙科数字化扫描系统', NULL, '影像设备', 38250.00, 76500.00, 5900.00, 11800.00, 1, 1.0000000000000000000, NULL, 7, NULL, '296'),
	(414, 413, '卡纳', '影像', 3, 'i-CAT', 'i-CAT', NULL, '影像设备', 575000.00, 1150000.00, 88500.00, 176900.00, 1, 1.0000000000000000000, NULL, 7, NULL, '297'),
	(415, 414, '卡纳', '影像', 8, 'Cranex D', 'Cranex D', NULL, '影像设备', 115000.00, 230000.00, 17700.00, 35400.00, 1, 1.0000000000000000000, NULL, 7, NULL, '298'),
	(416, 415, '卡纳', '影像', 3, 'i-CAT', 'i-CAT', NULL, '影像设备', 575000.00, 1150000.00, 88500.00, 176900.00, 1, 1.0000000000000000000, NULL, 7, NULL, '299'),
	(417, 416, '卡纳', '影像', 2, 'eXam i', 'eXam i', NULL, '影像设备', 345000.00, 690000.00, 53100.00, 106200.00, 1, 1.0000000000000000000, NULL, 7, NULL, '300'),
	(418, 417, '卡纳', '手机', 32, '605C', '605C', NULL, '手机工具', 3000.00, 10000.00, 500.00, 1500.00, 10, 1.0000000000000000000, NULL, 7, NULL, '301'),
	(419, 418, '卡纳', '影像', 2, 'eXam i', 'eXam i', NULL, '影像设备', 345000.00, 690000.00, 53100.00, 106200.00, 1, 1.0000000000000000000, NULL, 7, NULL, '302'),
	(420, 419, '卡纳', '牙椅', 19, 'E30', 'E30', NULL, '牙椅设备', 50800.00, 127000.00, 7800.00, 19500.00, 2, 1.0000000000000000000, NULL, 7, NULL, '303'),
	(421, 420, '卡纳', '手机', 27, 'E680L', 'E680L', NULL, '手机工具', 1110.00, 3700.00, 200.00, 600.00, 10, 1.0000000000000000000, NULL, 7, NULL, '304'),
	(422, 421, '卡纳', '牙椅', 19, 'E30', 'E30', NULL, '牙椅设备', 50800.00, 127000.00, 7800.00, 19500.00, 2, 1.0000000000000000000, NULL, 7, NULL, '305'),
	(423, 422, '卡纳', '影像', 2, 'eXam i', 'eXam i', NULL, '影像设备', 345000.00, 690000.00, 53100.00, 106200.00, 1, 1.0000000000000000000, NULL, 7, NULL, '306'),
	(424, 423, '卡纳', '手机', 33, '636C', '636C', NULL, '手机工具', 3000.00, 10000.00, 500.00, 1500.00, 10, 1.0000000000000000000, NULL, 7, NULL, '307'),
	(425, 424, '卡纳', '教学', 39, '头模', '头模', NULL, '教学设备', 24000.00, 80000.00, 3700.00, 12300.00, 2, 1.0000000000000000000, NULL, 7, NULL, '308'),
	(426, 424, '卡纳', '教学', 39, '头模', '头模', NULL, '教学设备', 24000.00, 80000.00, 3700.00, 12300.00, 2, 1.0000000000000000000, NULL, 7, NULL, '309'),
	(427, 425, '卡纳', '影像', 3, 'i-CAT', 'i-CAT', NULL, '影像设备', 575000.00, 1150000.00, 88500.00, 176900.00, 1, 1.0000000000000000000, NULL, 7, NULL, '310'),
	(428, 426, '卡纳', '手机', 24, 'E680C', 'E680C', NULL, '手机工具', 990.00, 3300.00, 200.00, 500.00, 10, 1.0000000000000000000, NULL, 7, NULL, '311'),
	(429, 427, '卡纳', '手机', 26, 'S619C', 'S619C', NULL, '手机工具', 870.00, 2900.00, 100.00, 400.00, 10, 1.0000000000000000000, NULL, 7, NULL, '312'),
	(430, 428, '卡纳', '牙椅', 16, 'E50', 'E50', NULL, '牙椅设备', 96000.00, 240000.00, 14800.00, 36900.00, 2, 1.0000000000000000000, NULL, 7, NULL, '313'),
	(431, 429, '卡纳', '影像', 7, '北斗（全景）', '北斗（全景）', NULL, '影像设备', 150000.00, 300000.00, 23100.00, 46200.00, 1, 1.0000000000000000000, NULL, 7, NULL, '314'),
	(432, 430, '卡纳', '手机', 26, 'S619C', 'S619C', NULL, '手机工具', 870.00, 2900.00, 100.00, 400.00, 10, 1.0000000000000000000, NULL, 7, NULL, '315'),
	(433, 431, '卡纳', '手机', 28, '8000C', '8000C', NULL, '手机工具', 1440.00, 4800.00, 200.00, 700.00, 10, 1.0000000000000000000, NULL, 7, NULL, '316'),
	(434, 432, '卡纳', '牙椅', 19, 'E30', 'E30', NULL, '牙椅设备', 50800.00, 127000.00, 7800.00, 19500.00, 2, 1.0000000000000000000, NULL, 7, NULL, '317'),
	(435, 433, '卡纳', '手机', 33, '636C', '636C', NULL, '手机工具', 3000.00, 10000.00, 500.00, 1500.00, 10, 1.0000000000000000000, NULL, 7, NULL, '318'),
	(436, 434, '卡纳', '牙椅', 19, 'E30', 'E30', NULL, '牙椅设备', 50800.00, 127000.00, 7800.00, 19500.00, 2, 1.0000000000000000000, NULL, 7, NULL, '319'),
	(437, 435, '卡纳', '教学', 39, '头模', '头模', NULL, '教学设备', 24000.00, 80000.00, 3700.00, 12300.00, 2, 1.0000000000000000000, NULL, 7, NULL, '320'),
	(438, 436, '卡纳', '影像', 7, '北斗（全景）', '北斗（全景）', NULL, '影像设备', 150000.00, 300000.00, 23100.00, 46200.00, 1, 1.0000000000000000000, NULL, 7, NULL, '321'),
	(439, 437, '卡纳', '手机', 28, '8000C', '8000C', NULL, '手机工具', 1440.00, 4800.00, 200.00, 700.00, 10, 1.0000000000000000000, NULL, 7, NULL, '322'),
	(440, 438, '卡纳', '教学', 39, '头模', '头模', NULL, '教学设备', 24000.00, 80000.00, 3700.00, 12300.00, 2, 1.0000000000000000000, NULL, 7, NULL, '323'),
	(472, 439, '卡纳', '影像', 7, '北斗（全景）', '北斗（全景）', NULL, '影像设备', 150000.00, 300000.00, 23100.00, 46200.00, 1, 1.0000000000000000000, NULL, 7, NULL, '324'),
	(473, 440, '卡纳', '影像', 7, '北斗（全景）', '北斗（全景）', NULL, '影像设备', 150000.00, 300000.00, 23100.00, 46200.00, 1, 1.0000000000000000000, NULL, 7, NULL, '325'),
	(474, 472, '卡纳', '牙椅', 19, 'E30', 'E30', NULL, '牙椅设备', 50800.00, 127000.00, 7800.00, 19500.00, 2, 1.0000000000000000000, NULL, 7, NULL, '326'),
	(475, 473, '卡纳', '牙椅', 19, 'E30', 'E30', NULL, '牙椅设备', 50800.00, 127000.00, 7800.00, 19500.00, 2, 1.0000000000000000000, NULL, 7, NULL, '327'),
	(476, 474, '卡纳', '手机', 24, 'E680C', 'E680C', NULL, '手机工具', 990.00, 3300.00, 200.00, 500.00, 10, 1.0000000000000000000, NULL, 7, NULL, '328'),
	(477, 475, '卡纳', '手机', 32, '605C', '605C', NULL, '手机工具', 3000.00, 10000.00, 500.00, 1500.00, 10, 1.0000000000000000000, NULL, 7, NULL, '329'),
	(478, 476, '卡纳', '牙椅', 19, 'E30', 'E30', NULL, '牙椅设备', 50800.00, 127000.00, 7800.00, 19500.00, 2, 1.0000000000000000000, NULL, 7, NULL, '330'),
	(479, 477, '卡纳', '牙椅', 19, 'E30', 'E30', NULL, '牙椅设备', 50800.00, 127000.00, 7800.00, 19500.00, 2, 1.0000000000000000000, NULL, 7, NULL, '331'),
	(480, 478, '卡纳', '手机', 24, 'E680C', 'E680C', NULL, '手机工具', 990.00, 3300.00, 200.00, 500.00, 10, 1.0000000000000000000, NULL, 7, NULL, '332'),
	(481, 479, '卡纳', '牙椅', 19, 'E30', 'E30', NULL, '牙椅设备', 50800.00, 127000.00, 7800.00, 19500.00, 2, 1.0000000000000000000, NULL, 7, NULL, '333'),
	(482, 480, '卡纳', '教学', 39, '头模', '头模', NULL, '教学设备', 24000.00, 80000.00, 3700.00, 12300.00, 2, 1.0000000000000000000, NULL, 7, NULL, '334'),
	(483, 481, '卡纳', '牙椅', 19, 'E30', 'E30', NULL, '牙椅设备', 50800.00, 127000.00, 7800.00, 19500.00, 2, 1.0000000000000000000, NULL, 7, NULL, '335'),
	(484, 482, '卡纳', '牙椅', 19, 'E30', 'E30', NULL, '牙椅设备', 50800.00, 127000.00, 7800.00, 19500.00, 2, 1.0000000000000000000, NULL, 7, NULL, '336'),
	(485, 483, '卡纳', '手机', 33, '636C', '636C', NULL, '手机工具', 3000.00, 10000.00, 500.00, 1500.00, 10, 1.0000000000000000000, NULL, 7, NULL, '337'),
	(486, 484, '卡纳', '影像', 2, 'eXam i', 'eXam i', NULL, '影像设备', 345000.00, 690000.00, 53100.00, 106200.00, 1, 1.0000000000000000000, NULL, 7, NULL, '338'),
	(487, 485, '卡纳', '牙椅', 19, 'E30', 'E30', NULL, '牙椅设备', 50800.00, 127000.00, 7800.00, 19500.00, 2, 1.0000000000000000000, NULL, 7, NULL, '339'),
	(488, 486, '卡纳', '影像', 7, '北斗（全景）', '北斗（全景）', NULL, '影像设备', 150000.00, 300000.00, 23100.00, 46200.00, 1, 1.0000000000000000000, NULL, 7, NULL, '340'),
	(489, 487, '卡纳', '牙椅', 19, 'E30', 'E30', NULL, '牙椅设备', 50800.00, 127000.00, 7800.00, 19500.00, 2, 1.0000000000000000000, NULL, 7, NULL, '341'),
	(490, 488, '卡纳', '影像', 3, 'i-CAT', 'i-CAT', NULL, '影像设备', 575000.00, 1150000.00, 88500.00, 176900.00, 1, 1.0000000000000000000, NULL, 7, NULL, '342'),
	(491, 489, '卡纳', '手机', 26, 'S619C', 'S619C', NULL, '手机工具', 870.00, 2900.00, 100.00, 400.00, 10, 1.0000000000000000000, NULL, 7, NULL, '343'),
	(492, 490, '卡纳', '教学', 39, '头模', '头模', NULL, '教学设备', 24000.00, 80000.00, 3700.00, 12300.00, 2, 1.0000000000000000000, NULL, 7, NULL, '344'),
	(493, 491, '卡纳', '影像', 8, 'Cranex D', 'Cranex D', NULL, '影像设备', 115000.00, 230000.00, 17700.00, 35400.00, 1, 1.0000000000000000000, NULL, 7, NULL, '345'),
	(494, 492, '卡纳', '牙椅', 19, 'E30', 'E30', NULL, '牙椅设备', 50800.00, 127000.00, 7800.00, 19500.00, 2, 1.0000000000000000000, NULL, 7, NULL, '346'),
	(495, 493, '卡纳', '手机', 28, '8000C', '8000C', NULL, '手机工具', 1440.00, 4800.00, 200.00, 700.00, 10, 1.0000000000000000000, NULL, 7, NULL, '347'),
	(496, 494, '卡纳', '教学', 39, '头模', '头模', NULL, '教学设备', 24000.00, 80000.00, 3700.00, 12300.00, 2, 1.0000000000000000000, NULL, 7, NULL, '348'),
	(497, 495, '卡纳', '牙椅', 15, '巴顿', '巴顿', NULL, '牙椅设备', 26000.00, 65000.00, 4000.00, 10000.00, 2, 1.0000000000000000000, NULL, 7, NULL, '349'),
	(503, 496, '卡纳', '手机', 27, 'E680L', 'E680L', NULL, '手机工具', 1110.00, 3700.00, 200.00, 600.00, 10, 1.0000000000000000000, NULL, 7, NULL, '350'),
	(504, 497, '卡纳', '教学', 39, '头模', '头模', NULL, '教学设备', 24000.00, 80000.00, 3700.00, 12300.00, 2, 1.0000000000000000000, NULL, 7, NULL, '351'),
	(505, 503, '卡纳', '牙椅', 15, '巴顿', '巴顿', NULL, '牙椅设备', 26000.00, 65000.00, 4000.00, 10000.00, 2, 1.0000000000000000000, NULL, 7, NULL, '352'),
	(506, 504, '卡纳', '教学', 39, '头模', '头模', NULL, '教学设备', 24000.00, 80000.00, 3700.00, 12300.00, 2, 1.0000000000000000000, NULL, 7, NULL, '353'),
	(507, 505, '卡纳', '影像', 8, 'Cranex D', 'Cranex D', NULL, '影像设备', 115000.00, 230000.00, 17700.00, 35400.00, 1, 1.0000000000000000000, NULL, 7, NULL, '354'),
	(508, 506, '卡纳', '牙椅', 19, 'E30', 'E30', NULL, '牙椅设备', 50800.00, 127000.00, 7800.00, 19500.00, 2, 1.0000000000000000000, NULL, 7, NULL, '355'),
	(509, 507, '卡纳', '影像', 9, '牙科数字化扫描系统', '牙科数字化扫描系统', NULL, '影像设备', 38250.00, 76500.00, 5900.00, 11800.00, 1, 1.0000000000000000000, NULL, 7, NULL, '356'),
	(510, 508, '卡纳', '手机', 26, 'S619C', 'S619C', NULL, '手机工具', 870.00, 2900.00, 100.00, 400.00, 10, 1.0000000000000000000, NULL, 7, NULL, '357'),
	(511, 509, '卡纳', '影像', 10, 'Cranex 3D', 'Cranex 3D', NULL, '影像设备', 240000.00, 480000.00, 36900.00, 73800.00, 1, 1.0000000000000000000, NULL, 7, NULL, '358'),
	(512, 510, '卡纳', '影像', 9, '牙科数字化扫描系统', '牙科数字化扫描系统', NULL, '影像设备', 38250.00, 76500.00, 5900.00, 11800.00, 1, 1.0000000000000000000, NULL, 7, NULL, '359'),
	(513, 511, '卡纳', '教学', 39, '头模', '头模', NULL, '教学设备', 24000.00, 80000.00, 3700.00, 12300.00, 2, 1.0000000000000000000, NULL, 7, NULL, '360'),
	(514, 512, '卡纳', '牙椅', 19, 'E30', 'E30', NULL, '牙椅设备', 50800.00, 127000.00, 7800.00, 19500.00, 2, 1.0000000000000000000, NULL, 7, NULL, '361'),
	(515, 513, '卡纳', '教学', 39, '头模', '头模', NULL, '教学设备', 24000.00, 80000.00, 3700.00, 12300.00, 2, 1.0000000000000000000, NULL, 7, NULL, '362'),
	(516, 515, '卡纳', '手机', 24, 'E680C', 'E680C', NULL, '手机工具', 990.00, 3300.00, 200.00, 500.00, 10, 1.0000000000000000000, NULL, 7, NULL, '363'),
	(517, 516, '卡纳', '教学', 39, '头模', '头模', NULL, '教学设备', 24000.00, 80000.00, 3700.00, 12300.00, 2, 1.0000000000000000000, NULL, 7, NULL, '364'),
	(518, 517, '卡纳', '教学', 38, '单头模', '单头模', NULL, '教学设备', 3000.00, 10000.00, 500.00, 1500.00, 10, 1.0000000000000000000, NULL, 7, NULL, '365'),
	(519, 518, '卡纳', '牙椅', 19, 'E30', 'E30', NULL, '牙椅设备', 50800.00, 127000.00, 7800.00, 19500.00, 2, 1.0000000000000000000, NULL, 7, NULL, '366'),
	(520, 519, '卡纳', '手机', 25, 'S619L', 'S619L', NULL, '手机工具', 990.00, 3300.00, 200.00, 500.00, 10, 1.0000000000000000000, NULL, 7, NULL, '367'),
	(521, 520, '卡纳', '牙椅', 15, '巴顿', '巴顿', NULL, '牙椅设备', 26000.00, 65000.00, 4000.00, 10000.00, 2, 1.0000000000000000000, NULL, 7, NULL, '368'),
	(522, 521, '卡纳', '教学', 38, '单头模', '单头模', NULL, '教学设备', 3000.00, 10000.00, 500.00, 1500.00, 10, 1.0000000000000000000, NULL, 7, NULL, '369'),
	(523, 522, '卡纳', '手机', 26, 'S619C', 'S619C', NULL, '手机工具', 870.00, 2900.00, 100.00, 400.00, 10, 1.0000000000000000000, NULL, 7, NULL, '370'),
	(524, 523, '卡纳', '手机', 28, '8000C', '8000C', NULL, '手机工具', 1440.00, 4800.00, 200.00, 700.00, 10, 1.0000000000000000000, NULL, 7, NULL, '371'),
	(525, 524, '卡纳', '手机', 34, '609', '609', NULL, '手机工具', 3000.00, 10000.00, 500.00, 1500.00, 10, 1.0000000000000000000, NULL, 7, NULL, '372'),
	(526, 525, '卡纳', '教学', 39, '头模', '头模', NULL, '教学设备', 24000.00, 80000.00, 3700.00, 12300.00, 2, 1.0000000000000000000, NULL, 7, NULL, '373'),
	(527, 526, '卡纳', '教学', 39, '头模', '头模', NULL, '教学设备', 24000.00, 80000.00, 3700.00, 12300.00, 2, 1.0000000000000000000, NULL, 7, NULL, '374'),
	(528, 527, '卡纳', '教学', 38, '单头模', '单头模', NULL, '教学设备', 3000.00, 10000.00, 500.00, 1500.00, 10, 1.0000000000000000000, NULL, 7, NULL, '375'),
	(529, 528, '卡纳', '教学', 39, '头模', '头模', NULL, '教学设备', 24000.00, 80000.00, 3700.00, 12300.00, 2, 1.0000000000000000000, NULL, 7, NULL, '376'),
	(530, 529, '卡纳', '牙椅', 15, '巴顿', '巴顿', NULL, '牙椅设备', 26000.00, 65000.00, 4000.00, 10000.00, 2, 1.0000000000000000000, NULL, 7, NULL, '377'),
	(531, 530, '卡纳', '教学', 38, '单头模', '单头模', NULL, '教学设备', 3000.00, 10000.00, 500.00, 1500.00, 10, 1.0000000000000000000, NULL, 7, NULL, '378'),
	(532, 531, '卡纳', '影像', 2, 'eXam i', 'eXam i', NULL, '影像设备', 345000.00, 690000.00, 53100.00, 106200.00, 1, 1.0000000000000000000, NULL, 7, NULL, '379'),
	(533, 532, '卡纳', '教学', 38, '单头模', '单头模', NULL, '教学设备', 3000.00, 10000.00, 500.00, 1500.00, 10, 1.0000000000000000000, NULL, 7, NULL, '380'),
	(534, 533, '卡纳', '影像', 6, '北斗（CT）', '北斗（CT）', NULL, '影像设备', 285000.00, 570000.00, 43800.00, 87700.00, 1, 1.0000000000000000000, NULL, 7, NULL, '381'),
	(535, 534, '卡纳', '教学', 38, '单头模', '单头模', NULL, '教学设备', 3000.00, 10000.00, 500.00, 1500.00, 10, 1.0000000000000000000, NULL, 7, NULL, '382'),
	(536, 535, '卡纳', '教学', 39, '头模', '头模', NULL, '教学设备', 24000.00, 80000.00, 3700.00, 12300.00, 2, 1.0000000000000000000, NULL, 7, NULL, '383'),
	(537, 536, '卡纳', '牙椅', 19, 'E30', 'E30', NULL, '牙椅设备', 50800.00, 127000.00, 7800.00, 19500.00, 2, 1.0000000000000000000, NULL, 7, NULL, '384'),
	(538, 537, '卡纳', '牙椅', 19, 'E30', 'E30', NULL, '牙椅设备', 50800.00, 127000.00, 7800.00, 19500.00, 2, 1.0000000000000000000, NULL, 7, NULL, '385'),
	(539, 538, '卡纳', '教学', 39, '头模', '头模', NULL, '教学设备', 24000.00, 80000.00, 3700.00, 12300.00, 2, 1.0000000000000000000, NULL, 7, NULL, '386'),
	(540, 539, '卡纳', '影像', 8, 'Cranex D', 'Cranex D', NULL, '影像设备', 115000.00, 230000.00, 17700.00, 35400.00, 1, 1.0000000000000000000, NULL, 7, NULL, '387'),
	(541, 540, '卡纳', '教学', 39, '头模', '头模', NULL, '教学设备', 24000.00, 80000.00, 3700.00, 12300.00, 2, 1.0000000000000000000, NULL, 7, NULL, '388'),
	(542, 541, '卡纳', '教学', 39, '头模', '头模', NULL, '教学设备', 24000.00, 80000.00, 3700.00, 12300.00, 2, 1.0000000000000000000, NULL, 7, NULL, '389'),
	(543, 543, '卡纳', '教学', 39, '头模', '头模', NULL, '教学设备', 24000.00, 80000.00, 3700.00, 12300.00, 2, 1.0000000000000000000, NULL, 7, NULL, '390'),
	(544, 544, '卡纳', '教学', 39, '头模', '头模', NULL, '教学设备', 24000.00, 80000.00, 3700.00, 12300.00, 2, 1.0000000000000000000, NULL, 7, NULL, '391'),
	(545, 545, '卡纳', '教学', 39, '头模', '头模', NULL, '教学设备', 24000.00, 80000.00, 3700.00, 12300.00, 2, 1.0000000000000000000, NULL, 7, NULL, '392'),
	(546, 546, '卡纳', '牙椅', 14, '1058', '1058', NULL, '牙椅设备', 48000.00, 120000.00, 7400.00, 18500.00, 2, 1.0000000000000000000, NULL, 7, NULL, '393'),
	(547, 547, '卡纳', '教学', 39, '头模', '头模', NULL, '教学设备', 24000.00, 80000.00, 3700.00, 12300.00, 2, 1.0000000000000000000, NULL, 7, NULL, '394'),
	(548, 548, '卡纳', '教学', 39, '头模', '头模', NULL, '教学设备', 24000.00, 80000.00, 3700.00, 12300.00, 2, 1.0000000000000000000, NULL, 7, NULL, '395'),
	(549, 549, '卡纳', '教学', 39, '头模', '头模', NULL, '教学设备', 24000.00, 80000.00, 3700.00, 12300.00, 2, 1.0000000000000000000, NULL, 7, NULL, '396'),
	(550, 550, '卡纳', '影像', 9, '牙科数字化扫描系统', '牙科数字化扫描系统', NULL, '影像设备', 38250.00, 76500.00, 5900.00, 11800.00, 1, 1.0000000000000000000, NULL, 7, NULL, '397'),
	(566, 566, '卡纳', '教学', 39, '头模', '头模', NULL, '教学设备', 24000.00, 80000.00, 3700.00, 12300.00, 2, 1.0000000000000000000, NULL, 7, NULL, '398'),
	(567, 567, '卡纳', '教学', 39, '头模', '头模', NULL, '教学设备', 24000.00, 80000.00, 3700.00, 12300.00, 2, 1.0000000000000000000, NULL, 7, NULL, '399'),
	(568, 568, '卡纳', '教学', 39, '头模', '头模', NULL, '教学设备', 24000.00, 80000.00, 3700.00, 12300.00, 2, 1.0000000000000000000, NULL, 7, NULL, '400'),
	(569, 569, '卡纳', '教学', 39, '头模', '头模', NULL, '教学设备', 24000.00, 80000.00, 3700.00, 12300.00, 2, 1.0000000000000000000, NULL, 7, NULL, '401'),
	(570, 570, '卡纳', '教学', 39, '头模', '头模', NULL, '教学设备', 24000.00, 80000.00, 3700.00, 12300.00, 2, 1.0000000000000000000, NULL, 7, NULL, '402'),
	(571, 571, '卡纳', '手机', 27, 'E680L', 'E680L', NULL, '手机工具', 1110.00, 3700.00, 200.00, 600.00, 10, 1.0000000000000000000, NULL, 7, NULL, '403'),
	(572, 572, '卡纳', '牙椅', 15, '巴顿', '巴顿', NULL, '牙椅设备', 26000.00, 65000.00, 4000.00, 10000.00, 2, 1.0000000000000000000, NULL, 7, NULL, '404'),
	(573, 573, '卡纳', '手机', 24, 'E680C', 'E680C', NULL, '手机工具', 990.00, 3300.00, 200.00, 500.00, 10, 1.0000000000000000000, NULL, 7, NULL, '405'),
	(574, 574, '卡纳', '影像', 8, 'Cranex D', 'Cranex D', NULL, '影像设备', 115000.00, 230000.00, 17700.00, 35400.00, 1, 1.0000000000000000000, NULL, 7, NULL, '406'),
	(575, 575, '卡纳', '手机', 31, '8000B', '8000B', NULL, '手机工具', 2070.00, 6900.00, 300.00, 1100.00, 10, 1.0000000000000000000, NULL, 7, NULL, '407'),
	(576, 576, '卡纳', '教学', 39, '头模', '头模', NULL, '教学设备', 24000.00, 80000.00, 3700.00, 12300.00, 2, 1.0000000000000000000, NULL, 7, NULL, '408'),
	(577, 577, '卡纳', '手机', 26, 'S619C', 'S619C', NULL, '手机工具', 870.00, 2900.00, 100.00, 400.00, 10, 1.0000000000000000000, NULL, 7, NULL, '409'),
	(578, 578, '卡纳', '教学', 39, '头模', '头模', NULL, '教学设备', 24000.00, 80000.00, 3700.00, 12300.00, 2, 1.0000000000000000000, NULL, 7, NULL, '410'),
	(579, 579, '卡纳', '影像', 2, 'eXam i', 'eXam i', NULL, '影像设备', 345000.00, 690000.00, 53100.00, 106200.00, 1, 1.0000000000000000000, NULL, 7, NULL, '411'),
	(580, 580, '卡纳', '影像', 7, '北斗（全景）', '北斗（全景）', NULL, '影像设备', 150000.00, 300000.00, 23100.00, 46200.00, 1, 1.0000000000000000000, NULL, 7, NULL, '412'),
	(581, 581, '卡纳', '教学', 39, '头模', '头模', NULL, '教学设备', 24000.00, 80000.00, 3700.00, 12300.00, 2, 1.0000000000000000000, NULL, 7, NULL, '413'),
	(582, 582, '卡纳', '教学', 39, '头模', '头模', NULL, '教学设备', 24000.00, 80000.00, 3700.00, 12300.00, 2, 1.0000000000000000000, NULL, 7, NULL, '414'),
	(583, 583, '卡纳', '教学', 39, '头模', '头模', NULL, '教学设备', 24000.00, 80000.00, 3700.00, 12300.00, 2, 1.0000000000000000000, NULL, 7, NULL, '415'),
	(584, 584, '卡纳', '教学', 39, '头模', '头模', NULL, '教学设备', 24000.00, 80000.00, 3700.00, 12300.00, 2, 1.0000000000000000000, NULL, 7, NULL, '416'),
	(585, 585, '卡纳', '教学', 39, '头模', '头模', NULL, '教学设备', 24000.00, 80000.00, 3700.00, 12300.00, 2, 1.0000000000000000000, NULL, 7, NULL, '417'),
	(586, 586, '卡纳', '教学', 39, '头模', '头模', NULL, '教学设备', 24000.00, 80000.00, 3700.00, 12300.00, 2, 1.0000000000000000000, NULL, 7, NULL, '418'),
	(587, 587, '卡纳', '教学', 39, '头模', '头模', NULL, '教学设备', 24000.00, 80000.00, 3700.00, 12300.00, 2, 1.0000000000000000000, NULL, 7, NULL, '419'),
	(588, 588, '卡纳', '教学', 39, '头模', '头模', NULL, '教学设备', 24000.00, 80000.00, 3700.00, 12300.00, 2, 1.0000000000000000000, NULL, 7, NULL, '420'),
	(589, 589, '卡纳', '教学', 39, '头模', '头模', NULL, '教学设备', 24000.00, 80000.00, 3700.00, 12300.00, 2, 1.0000000000000000000, NULL, 7, NULL, '421'),
	(590, 590, '卡纳', '牙椅', 14, '1058', '1058', NULL, '牙椅设备', 48000.00, 120000.00, 7400.00, 18500.00, 2, 1.0000000000000000000, NULL, 7, NULL, '422'),
	(591, 591, '卡纳', '教学', 39, '头模', '头模', NULL, '教学设备', 24000.00, 80000.00, 3700.00, 12300.00, 2, 1.0000000000000000000, NULL, 7, NULL, '423'),
	(592, 592, '卡纳', '教学', 39, '头模', '头模', NULL, '教学设备', 24000.00, 80000.00, 3700.00, 12300.00, 2, 1.0000000000000000000, NULL, 7, NULL, '424'),
	(593, 593, '卡纳', '教学', 39, '头模', '头模', NULL, '教学设备', 24000.00, 80000.00, 3700.00, 12300.00, 2, 1.0000000000000000000, NULL, 7, NULL, '425'),
	(594, 594, '卡纳', '教学', 39, '头模', '头模', NULL, '教学设备', 24000.00, 80000.00, 3700.00, 12300.00, 2, 1.0000000000000000000, NULL, 7, NULL, '426'),
	(595, 595, '卡纳', '教学', 39, '头模', '头模', NULL, '教学设备', 24000.00, 80000.00, 3700.00, 12300.00, 2, 1.0000000000000000000, NULL, 7, NULL, '427'),
	(596, 596, '卡纳', '教学', 39, '头模', '头模', NULL, '教学设备', 24000.00, 80000.00, 3700.00, 12300.00, 2, 1.0000000000000000000, NULL, 7, NULL, '428'),
	(597, 597, '卡纳', '教学', 39, '头模', '头模', NULL, '教学设备', 24000.00, 80000.00, 3700.00, 12300.00, 2, 1.0000000000000000000, NULL, 7, NULL, '429'),
	(598, 598, '卡纳', '教学', 39, '头模', '头模', NULL, '教学设备', 24000.00, 80000.00, 3700.00, 12300.00, 2, 1.0000000000000000000, NULL, 7, NULL, '430'),
	(599, 599, '卡纳', '教学', 39, '头模', '头模', NULL, '教学设备', 24000.00, 80000.00, 3700.00, 12300.00, 2, 1.0000000000000000000, NULL, 7, NULL, '431'),
	(600, 600, '卡纳', '教学', 39, '头模', '头模', NULL, '教学设备', 24000.00, 80000.00, 3700.00, 12300.00, 2, 1.0000000000000000000, NULL, 7, NULL, '432'),
	(601, 601, '卡纳', '教学', 39, '头模', '头模', NULL, '教学设备', 24000.00, 80000.00, 3700.00, 12300.00, 2, 1.0000000000000000000, NULL, 7, NULL, '433'),
	(602, 602, '卡纳', '教学', 39, '头模', '头模', NULL, '教学设备', 24000.00, 80000.00, 3700.00, 12300.00, 2, 1.0000000000000000000, NULL, 7, NULL, '434'),
	(603, 603, '卡纳', '教学', 39, '头模', '头模', NULL, '教学设备', 24000.00, 80000.00, 3700.00, 12300.00, 2, 1.0000000000000000000, NULL, 7, NULL, '435'),
	(604, 604, '卡纳', '教学', 38, '单头模', '单头模', NULL, '教学设备', 3000.00, 10000.00, 500.00, 1500.00, 10, 1.0000000000000000000, NULL, 7, NULL, '436'),
	(605, 605, '卡纳', '教学', 39, '头模', '头模', NULL, '教学设备', 24000.00, 80000.00, 3700.00, 12300.00, 2, 1.0000000000000000000, NULL, 7, NULL, '437'),
	(606, 606, '卡纳', '影像', 7, '北斗（全景）', '北斗（全景）', NULL, '影像设备', 150000.00, 300000.00, 23100.00, 46200.00, 1, 1.0000000000000000000, NULL, 7, NULL, '438'),
	(607, 607, '卡纳', '教学', 39, '头模', '头模', NULL, '教学设备', 24000.00, 80000.00, 3700.00, 12300.00, 2, 1.0000000000000000000, NULL, 7, NULL, '439'),
	(608, 608, '卡纳', '牙椅', 15, '巴顿', '巴顿', NULL, '牙椅设备', 26000.00, 65000.00, 4000.00, 10000.00, 2, 1.0000000000000000000, NULL, 7, NULL, '440'),
	(609, 609, '卡纳', '教学', 39, '头模', '头模', NULL, '教学设备', 24000.00, 80000.00, 3700.00, 12300.00, 2, 1.0000000000000000000, NULL, 7, NULL, '441'),
	(610, 610, '卡纳', '教学', 39, '头模', '头模', NULL, '教学设备', 24000.00, 80000.00, 3700.00, 12300.00, 2, 1.0000000000000000000, NULL, 7, NULL, '442'),
	(611, 611, '卡纳', '教学', 39, '头模', '头模', NULL, '教学设备', 24000.00, 80000.00, 3700.00, 12300.00, 2, 1.0000000000000000000, NULL, 7, NULL, '443'),
	(612, 612, '卡纳', '牙椅', 14, '1058', '1058', NULL, '牙椅设备', 48000.00, 120000.00, 7400.00, 18500.00, 2, 1.0000000000000000000, NULL, 7, NULL, '444'),
	(613, 613, '卡纳', '教学', 39, '头模', '头模', NULL, '教学设备', 24000.00, 80000.00, 3700.00, 12300.00, 2, 1.0000000000000000000, NULL, 7, NULL, '445'),
	(614, 614, '卡纳', '教学', 39, '头模', '头模', NULL, '教学设备', 24000.00, 80000.00, 3700.00, 12300.00, 2, 1.0000000000000000000, NULL, 7, NULL, '446'),
	(615, 615, '卡纳', '教学', 39, '头模', '头模', NULL, '教学设备', 24000.00, 80000.00, 3700.00, 12300.00, 2, 1.0000000000000000000, NULL, 7, NULL, '447'),
	(616, 616, '卡纳', '教学', 39, '头模', '头模', NULL, '教学设备', 24000.00, 80000.00, 3700.00, 12300.00, 2, 1.0000000000000000000, NULL, 7, NULL, '448'),
	(617, 617, '卡纳', '牙椅', 14, '1058', '1058', NULL, '牙椅设备', 48000.00, 120000.00, 7400.00, 18500.00, 2, 1.0000000000000000000, NULL, 7, NULL, '449'),
	(618, 618, '卡纳', '教学', 39, '头模', '头模', NULL, '教学设备', 24000.00, 80000.00, 3700.00, 12300.00, 2, 1.0000000000000000000, NULL, 7, NULL, '450'),
	(619, 619, '卡纳', '教学', 39, '头模', '头模', NULL, '教学设备', 24000.00, 80000.00, 3700.00, 12300.00, 2, 1.0000000000000000000, NULL, 7, NULL, '451'),
	(620, 620, '卡纳', '教学', 39, '头模', '头模', NULL, '教学设备', 24000.00, 80000.00, 3700.00, 12300.00, 2, 1.0000000000000000000, NULL, 7, NULL, '452'),
	(621, 621, '卡纳', '手机', 33, '636C', '636C', NULL, '手机工具', 3000.00, 10000.00, 500.00, 1500.00, 10, 1.0000000000000000000, NULL, 7, NULL, '453'),
	(622, 622, '卡纳', '手机', 34, '609', '609', NULL, '手机工具', 3000.00, 10000.00, 500.00, 1500.00, 10, 1.0000000000000000000, NULL, 7, NULL, '454'),
	(623, 623, '卡纳', '教学', 39, '头模', '头模', NULL, '教学设备', 24000.00, 80000.00, 3700.00, 12300.00, 2, 1.0000000000000000000, NULL, 7, NULL, '455'),
	(624, 624, '卡纳', '教学', 39, '头模', '头模', NULL, '教学设备', 24000.00, 80000.00, 3700.00, 12300.00, 2, 1.0000000000000000000, NULL, 7, NULL, '456'),
	(625, 625, '卡纳', '教学', 39, '头模', '头模', NULL, '教学设备', 24000.00, 80000.00, 3700.00, 12300.00, 2, 1.0000000000000000000, NULL, 7, NULL, '457'),
	(626, 626, '卡纳', '牙椅', 15, '巴顿', '巴顿', NULL, '牙椅设备', 26000.00, 65000.00, 4000.00, 10000.00, 2, 1.0000000000000000000, NULL, 7, NULL, '458'),
	(627, 627, '卡纳', '教学', 38, '单头模', '单头模', NULL, '教学设备', 3000.00, 10000.00, 500.00, 1500.00, 10, 1.0000000000000000000, NULL, 7, NULL, '459'),
	(628, 628, '卡纳', '教学', 39, '头模', '头模', NULL, '教学设备', 24000.00, 80000.00, 3700.00, 12300.00, 2, 1.0000000000000000000, NULL, 7, NULL, '460'),
	(629, 629, '卡纳', '教学', 39, '头模', '头模', NULL, '教学设备', 24000.00, 80000.00, 3700.00, 12300.00, 2, 1.0000000000000000000, NULL, 7, NULL, '461'),
	(630, 630, '卡纳', '教学', 39, '头模', '头模', NULL, '教学设备', 24000.00, 80000.00, 3700.00, 12300.00, 2, 1.0000000000000000000, NULL, 7, NULL, '462'),
	(631, 631, '卡纳', '教学', 39, '头模', '头模', NULL, '教学设备', 24000.00, 80000.00, 3700.00, 12300.00, 2, 1.0000000000000000000, NULL, 7, NULL, '463'),
	(632, 632, '卡纳', '教学', 39, '头模', '头模', NULL, '教学设备', 24000.00, 80000.00, 3700.00, 12300.00, 2, 1.0000000000000000000, NULL, 7, NULL, '464'),
	(633, 633, '卡纳', '教学', 39, '头模', '头模', NULL, '教学设备', 24000.00, 80000.00, 3700.00, 12300.00, 2, 1.0000000000000000000, NULL, 7, NULL, '465'),
	(634, 634, '卡纳', '影像', 7, '北斗（全景）', '北斗（全景）', NULL, '影像设备', 150000.00, 300000.00, 23100.00, 46200.00, 1, 1.0000000000000000000, NULL, 7, NULL, '466'),
	(635, 635, '卡纳', '牙椅', 15, '巴顿', '巴顿', NULL, '牙椅设备', 26000.00, 65000.00, 4000.00, 10000.00, 2, 1.0000000000000000000, NULL, 7, NULL, '467'),
	(636, 636, '卡纳', '教学', 39, '头模', '头模', NULL, '教学设备', 24000.00, 80000.00, 3700.00, 12300.00, 2, 1.0000000000000000000, NULL, 7, NULL, '468'),
	(637, 637, '卡纳', '教学', 39, '头模', '头模', NULL, '教学设备', 24000.00, 80000.00, 3700.00, 12300.00, 2, 1.0000000000000000000, NULL, 7, NULL, '469'),
	(638, 638, '卡纳', '教学', 38, '单头模', '单头模', NULL, '教学设备', 3000.00, 10000.00, 500.00, 1500.00, 10, 1.0000000000000000000, NULL, 7, NULL, '470'),
	(639, 639, '卡纳', '手机', 32, '605C', '605C', NULL, '手机工具', 3000.00, 10000.00, 500.00, 1500.00, 10, 1.0000000000000000000, NULL, 7, NULL, '471'),
	(640, 640, '卡纳', '教学', 39, '头模', '头模', NULL, '教学设备', 24000.00, 80000.00, 3700.00, 12300.00, 2, 1.0000000000000000000, NULL, 7, NULL, '472'),
	(641, 641, '卡纳', '影像', 8, 'Cranex D', 'Cranex D', NULL, '影像设备', 115000.00, 230000.00, 17700.00, 35400.00, 1, 1.0000000000000000000, NULL, 7, NULL, '473'),
	(642, 642, '卡纳', '影像', 3, 'i-CAT', 'i-CAT', NULL, '影像设备', 575000.00, 1150000.00, 88500.00, 176900.00, 1, 1.0000000000000000000, NULL, 7, NULL, '474'),
	(643, 643, '卡纳', '教学', 39, '头模', '头模', NULL, '教学设备', 24000.00, 80000.00, 3700.00, 12300.00, 2, 1.0000000000000000000, NULL, 7, NULL, '475'),
	(644, 644, '卡纳', '教学', 39, '头模', '头模', NULL, '教学设备', 24000.00, 80000.00, 3700.00, 12300.00, 2, 1.0000000000000000000, NULL, 7, NULL, '476'),
	(645, 645, '卡纳', '教学', 39, '头模', '头模', NULL, '教学设备', 24000.00, 80000.00, 3700.00, 12300.00, 2, 1.0000000000000000000, NULL, 7, NULL, '477'),
	(646, 646, '卡纳', '手机', 28, '8000C', '8000C', NULL, '手机工具', 1440.00, 4800.00, 200.00, 700.00, 10, 1.0000000000000000000, NULL, 7, NULL, '478'),
	(647, 647, '卡纳', '影像', 2, 'eXam i', 'eXam i', NULL, '影像设备', 345000.00, 690000.00, 53100.00, 106200.00, 1, 1.0000000000000000000, NULL, 7, NULL, '479'),
	(648, 648, '卡纳', '影像', 8, 'Cranex D', 'Cranex D', NULL, '影像设备', 115000.00, 230000.00, 17700.00, 35400.00, 1, 1.0000000000000000000, NULL, 7, NULL, '480');
/*!40000 ALTER TABLE `optproduct` ENABLE KEYS */;

-- 导出  表 vsms.optrealsnap 结构
DROP TABLE IF EXISTS `optrealsnap`;
CREATE TABLE IF NOT EXISTS `optrealsnap` (
  `id` int(10) NOT NULL AUTO_INCREMENT COMMENT 'ID',
  `optid` int(10) DEFAULT NULL COMMENT '机会id',
  `optno` varchar(500) DEFAULT NULL COMMENT '机会编号',
  `leadid` int(10) DEFAULT NULL COMMENT '市场线索id',
  `sourceid` int(11) DEFAULT NULL COMMENT '来源id',
  `customerid` int(10) DEFAULT NULL COMMENT '客户id',
  `opttype` smallint(5) DEFAULT NULL COMMENT '机会类型：1-内贸，2-外贸',
  `optname` varchar(500) DEFAULT NULL COMMENT '项目名称',
  `totalprice` decimal(14,2) DEFAULT NULL COMMENT '机会总值',
  `totalcost` decimal(14,2) DEFAULT NULL COMMENT '机会产品总成本',
  `totalpriceminor` decimal(14,2) DEFAULT NULL COMMENT '机会产品总值(辅货币)',
  `totalcostminor` decimal(14,2) DEFAULT NULL COMMENT '机会产品总成本(辅货币)',
  `optexpend` decimal(14,2) DEFAULT NULL COMMENT '机会费用',
  `otherexpend` decimal(14,2) DEFAULT NULL COMMENT '其他费用',
  `planoverdate` date DEFAULT NULL COMMENT '预计结单日期',
  `realityoverdate` date DEFAULT NULL COMMENT '实际结单日期',
  `possibilityid` int(10) DEFAULT NULL COMMENT '竞争机会id',
  `stageid` int(10) DEFAULT NULL COMMENT '进展阶段id',
  `createrid` int(10) DEFAULT NULL COMMENT '创建人id',
  `createdatetime` datetime DEFAULT NULL COMMENT '创建时间',
  `confidenceindex` float DEFAULT NULL COMMENT '信心指数',
  `optstatus` smallint(5) DEFAULT NULL COMMENT '机会状态：1-跟踪，2-成功，3-搁置，4-失败，5-失效',
  `optlevel` smallint(5) DEFAULT NULL COMMENT '机会等级：1-一般，2-紧急，3-重要',
  `remark` text COMMENT '备注',
  `ownerid` int(10) DEFAULT NULL COMMENT '所属人id',
  `procurementmethodid` int(10) DEFAULT NULL,
  `faranchiseid` int(10) DEFAULT NULL,
  `currencyid` int(10) DEFAULT NULL COMMENT '币种id,暂时1/主币种,2/辅币种',
  `snapdate` int(11) DEFAULT NULL COMMENT '镜像日期',
  `isestimate` tinyint(4) DEFAULT NULL COMMENT '是否为当月预测',
  PRIMARY KEY (`id`),
  KEY `index_snapdate` (`snapdate`)
) ENGINE=InnoDB DEFAULT CHARSET=utf8 COMMENT='销售机会实际快照表';

-- 正在导出表  vsms.optrealsnap 的数据：~387 rows (大约)
/*!40000 ALTER TABLE `optrealsnap` DISABLE KEYS */;
INSERT INTO `optrealsnap` (`id`, `optid`, `optno`, `leadid`, `sourceid`, `customerid`, `opttype`, `optname`, `totalprice`, `totalcost`, `totalpriceminor`, `totalcostminor`, `optexpend`, `otherexpend`, `planoverdate`, `realityoverdate`, `possibilityid`, `stageid`, `createrid`, `createdatetime`, `confidenceindex`, `optstatus`, `optlevel`, `remark`, `ownerid`, `procurementmethodid`, `faranchiseid`, `currencyid`, `snapdate`, `isestimate`) VALUES
	(1, 1, 'OPT000001', NULL, 4, 20, 1, '南宁梁芳丽口腔诊所手机工具', 29000.00, 8700.00, 4000.00, 1000.00, NULL, NULL, '2017-01-18', '2017-01-18', 4, 7, 5, '2016-10-23 10:26:16', NULL, 2, 1, NULL, 5, 1, 2, 1, 201701, 1),
	(2, 2, 'OPT000002', NULL, 2, 106, 1, '熊猫集团医院影像设备', 300000.00, 150000.00, 46200.00, 23100.00, NULL, NULL, '2017-01-24', '2017-01-24', 4, 7, 5, '2016-10-25 09:03:24', NULL, 2, 1, NULL, 5, 1, 2, 1, 201701, 1),
	(3, 3, 'OPT000003', NULL, 2, 38, 1, '成都医学院附属医院牙椅设备', 480000.00, 192000.00, 73800.00, 29600.00, NULL, NULL, '2017-01-27', '2017-01-27', 4, 7, 3, '2016-10-25 14:58:55', NULL, 2, 1, NULL, 3, 2, 2, 1, 201701, 1),
	(4, 4, 'OPT000004', NULL, 4, 19, 1, '湖北十堰郧西县人民医院影像设备', 690000.00, 345000.00, 106200.00, 53100.00, NULL, NULL, '2017-01-30', NULL, 4, 6, 5, '2016-10-28 01:19:44', NULL, 3, 1, NULL, 5, 2, 2, 1, 201701, 1),
	(5, 5, 'OPT000005', NULL, 2, 2, 1, '山东省级机关医院手机工具', 33000.00, 9900.00, 5000.00, 2000.00, NULL, NULL, '2017-01-24', '2017-01-24', 4, 7, 6, '2016-10-29 17:41:34', NULL, 2, 1, NULL, 6, 2, 1, 1, 201701, 1),
	(6, 6, 'OPT000006', NULL, 4, 75, 1, '温州医科大学附属口腔医院手机工具', 100000.00, 30000.00, 15000.00, 5000.00, NULL, NULL, '2017-01-28', '2017-01-28', 4, 7, 3, '2016-10-30 00:32:06', NULL, 2, 1, NULL, 3, 2, 2, 1, 201701, 1),
	(7, 7, 'OPT000007', NULL, 4, 72, 1, '苏州市吴中区人民医院牙椅设备', 240000.00, 96000.00, 37000.00, 14800.00, NULL, NULL, '2017-01-20', '2017-01-20', 4, 7, 3, '2016-10-31 09:40:03', NULL, 2, 1, NULL, 3, 2, 2, 1, 201701, 1),
	(8, 8, 'OPT000008', NULL, 2, 116, 1, '西安联帮口腔牙椅设备', 254000.00, 101600.00, 39000.00, 15600.00, NULL, NULL, '2017-01-24', '2017-01-24', 4, 7, 6, '2016-11-03 10:08:07', NULL, 2, 1, NULL, 6, 1, 1, 1, 201701, 1),
	(9, 9, 'OPT000009', NULL, 4, 21, 1, '武汉天姿口腔门诊牙椅设备', 130000.00, 52000.00, 20000.00, 8000.00, NULL, NULL, '2017-01-30', NULL, 4, 6, 5, '2016-11-07 16:58:20', NULL, 5, 1, NULL, 5, 1, 2, 1, 201701, 1),
	(10, 10, 'OPT000010', NULL, 2, 97, 1, '淮安诺贝尔口腔医院牙椅设备', 254000.00, 101600.00, 39000.00, 15600.00, NULL, NULL, '2017-01-27', '2017-01-27', 4, 1, 5, '2016-11-09 02:06:00', NULL, 4, 1, NULL, 5, 1, 2, 1, 201701, 1),
	(11, 11, 'OPT000011', NULL, 2, 117, 1, '西安市第5医院影像设备', 570000.00, 285000.00, 87700.00, 43800.00, NULL, NULL, '2017-01-28', '2017-01-28', 4, 7, 6, '2016-11-09 08:06:22', NULL, 2, 1, NULL, 6, 2, 1, 1, 201701, 1),
	(12, 12, 'OPT000012', NULL, 2, 99, 1, '连云港妇幼保健医院手机工具', 100000.00, 30000.00, 15000.00, 5000.00, NULL, NULL, '2017-01-27', '2017-01-27', 4, 7, 5, '2016-11-09 12:59:37', NULL, 2, 1, NULL, 5, 2, 2, 1, 201701, 1),
	(13, 13, 'OPT000013', NULL, 4, 79, 1, '无锡电力疗养院手机工具', 69000.00, 20700.00, 11000.00, 3000.00, NULL, NULL, '2017-01-26', '2017-01-26', 4, 7, 3, '2016-11-10 04:41:43', NULL, 2, 1, NULL, 3, 1, 2, 1, 201701, 1),
	(14, 14, 'OPT000014', NULL, 2, 95, 1, '朝阳区社区卫生服务管理中心牙椅设备', 480000.00, 192000.00, 73800.00, 29600.00, NULL, NULL, '2017-01-27', '2017-01-27', 4, 7, 6, '2016-11-10 20:45:09', NULL, 2, 1, NULL, 6, 2, 1, 1, 201701, 1),
	(15, 15, 'OPT000015', NULL, 2, 96, 1, '欢乐口腔影像设备', 76500.00, 38250.00, 11800.00, 5900.00, NULL, NULL, '2017-02-28', NULL, 3, 5, 6, '2016-11-18 20:26:40', NULL, 1, 1, NULL, 6, 1, 1, 1, 201701, 1),
	(16, 16, 'OPT000016', NULL, 2, 98, 1, '江苏省中医院影像设备', 480000.00, 240000.00, 73800.00, 36900.00, NULL, NULL, '2017-01-26', '2017-01-26', 3, 7, 5, '2016-11-19 00:27:02', NULL, 2, 1, NULL, 5, 2, 2, 1, 201701, 1),
	(17, 17, 'OPT000017', NULL, 2, 37, 1, '成都温江劲游牙科手机工具', 29000.00, 8700.00, 4000.00, 1000.00, NULL, NULL, '2017-01-18', '2017-01-18', 3, 7, 3, '2016-11-19 09:05:21', NULL, 2, 1, NULL, 3, 1, 2, 1, 201701, 1),
	(18, 21, 'OPT000021', 27, 2, 115, 1, '西安欢乐口腔手机工具', 37000.00, 11100.00, 6000.00, 2000.00, NULL, NULL, '2017-03-30', NULL, 3, 5, 6, '2016-11-26 17:07:38', NULL, 1, 1, NULL, 6, 1, 1, 1, 201701, 1),
	(19, 23, 'OPT000023', 28, 2, 1, 1, '山东麦芽口腔连锁机构影像设备', 690000.00, 345000.00, 106200.00, 53100.00, NULL, NULL, '2017-01-30', NULL, 3, 5, 6, '2016-11-28 04:20:15', NULL, 3, 1, NULL, 6, 1, 1, 1, 201701, 1),
	(20, 24, 'OPT000024', 20, 2, 105, 1, '泗阳县中医院教学设备', 160000.00, 48000.00, 24600.00, 7400.00, NULL, NULL, '2017-02-28', NULL, 3, 5, 5, '2016-11-29 02:22:24', NULL, 1, 1, NULL, 5, 2, 2, 1, 201701, 1),
	(21, 31, 'OPT000031', 9, 4, 80, 1, '无锡冯友伟口腔牙椅设备', 130000.00, 52000.00, 20000.00, 8000.00, NULL, NULL, '2017-01-29', '2017-01-29', 3, 7, 3, '2016-12-07 04:33:33', NULL, 2, 1, NULL, 3, 1, 2, 1, 201701, 1),
	(22, 32, 'OPT000032', 10, 2, 36, 1, '成都瑞泰口腔医院影像设备', 1150000.00, 575000.00, 176900.00, 88500.00, NULL, NULL, '2017-03-30', NULL, 2, 4, 3, '2016-12-08 22:30:25', NULL, 1, 1, NULL, 3, 1, 2, 1, 201701, 1),
	(23, 33, 'OPT000033', NULL, 4, 73, 1, '台州医院路桥分院教学设备', 160000.00, 48000.00, 24600.00, 7400.00, NULL, NULL, '2017-03-30', NULL, 2, 4, 3, '2016-12-10 05:00:34', NULL, 1, 1, NULL, 3, 1, 2, 1, 201701, 1),
	(24, 36, 'OPT000036', NULL, 4, 74, 1, '温岭郎德口腔门诊影像设备', 690000.00, 345000.00, 106200.00, 53100.00, NULL, NULL, '2017-01-30', NULL, 2, 4, 3, '2016-12-13 23:13:47', NULL, 3, 1, NULL, 3, 1, 2, 1, 201701, 1),
	(25, 37, 'OPT000037', NULL, 2, 103, 1, '南京市武警医院手机工具', 48000.00, 14400.00, 7000.00, 2000.00, NULL, NULL, '2017-01-28', '2017-01-28', 2, 7, 5, '2016-12-14 13:42:00', NULL, 2, 1, NULL, 5, 2, 2, 1, 201701, 1),
	(26, 38, 'OPT000038', NULL, 2, 104, 1, '泗阳胡氏口腔医院牙椅设备', 240000.00, 96000.00, 37000.00, 14800.00, NULL, NULL, '2017-01-28', '2017-01-28', 2, 7, 5, '2016-12-14 18:27:54', NULL, 2, 1, NULL, 5, 1, 2, 1, 201701, 1),
	(27, 39, 'OPT000039', NULL, 2, 81, 1, '萧山中医院影像设备', 230000.00, 115000.00, 35400.00, 17700.00, NULL, NULL, '2017-01-13', '2017-01-13', 2, 1, 3, '2016-12-18 12:29:46', NULL, 4, 1, NULL, 3, 2, 2, 1, 201701, 1),
	(28, 42, 'OPT000042', NULL, 2, 3, 1, '山东医科大学附属第二医院牙椅设备', 240000.00, 96000.00, 37000.00, 14800.00, NULL, NULL, '2017-01-07', '2017-01-07', 2, 1, 6, '2016-12-21 09:49:16', NULL, 4, 1, NULL, 6, 2, 1, 1, 201701, 1),
	(29, 45, 'OPT000045', NULL, 2, 4, 1, '济南金源口腔教学设备', 100000.00, 30000.00, 15000.00, 5000.00, NULL, NULL, '2017-01-07', '2017-01-07', 2, 1, 6, '2016-12-23 14:47:30', NULL, 4, 1, NULL, 6, 1, 1, 1, 201701, 1),
	(30, 47, 'OPT000047', NULL, 2, 110, 1, '韩大夫口腔手机工具', 100000.00, 30000.00, 15000.00, 5000.00, NULL, NULL, '2017-01-30', NULL, 2, 4, 6, '2016-12-24 02:27:31', NULL, 5, 1, NULL, 6, 1, 1, 1, 201701, 1),
	(32, 15, 'OPT000015', NULL, 2, 96, 1, '欢乐口腔影像设备', 76500.00, 38250.00, 11800.00, 5900.00, NULL, NULL, '2017-02-14', '2017-02-14', 3, 7, 6, '2016-11-18 20:26:40', NULL, 2, 1, NULL, 6, 1, 1, 1, 201702, 1),
	(33, 18, 'OPT000018', 6, 2, 82, 1, '张家港市人民医院手机工具', 48000.00, 14400.00, 7000.00, 2000.00, NULL, NULL, '2017-02-19', '2017-02-19', 4, 7, 3, '2016-11-20 10:49:04', NULL, 2, 1, NULL, 3, 2, 2, 1, 201702, 1),
	(34, 19, 'OPT000019', NULL, 2, 111, 1, '陕西户县森工医院牙椅设备', 254000.00, 101600.00, 39000.00, 15600.00, NULL, NULL, '2017-02-18', '2017-02-18', 4, 7, 6, '2016-11-24 01:22:04', NULL, 2, 1, NULL, 6, 2, 1, 1, 201702, 1),
	(35, 20, 'OPT000020', 18, 2, 100, 1, '涟水县人民医院牙椅设备', 254000.00, 101600.00, 39000.00, 15600.00, NULL, NULL, '2017-03-28', NULL, 4, 6, 5, '2016-11-26 01:57:48', NULL, 1, 1, NULL, 5, 2, 2, 1, 201702, 1),
	(36, 22, 'OPT000022', 19, 2, 109, 1, '扬州高邮市中医院影像设备', 230000.00, 115000.00, 35400.00, 17700.00, NULL, NULL, '2017-02-18', '2017-02-18', 4, 7, 5, '2016-11-27 11:20:30', NULL, 2, 1, NULL, 5, 2, 2, 1, 201702, 1),
	(37, 24, 'OPT000024', 20, 2, 105, 1, '泗阳县中医院教学设备', 160000.00, 48000.00, 24600.00, 7400.00, NULL, NULL, '2017-02-27', '2017-02-27', 3, 7, 5, '2016-11-29 02:22:24', NULL, 2, 1, NULL, 5, 2, 2, 1, 201702, 1),
	(38, 25, 'OPT000025', 7, 2, 83, 1, '镇江第一人民医院牙椅设备', 254000.00, 101600.00, 39000.00, 15600.00, NULL, NULL, '2017-02-19', '2017-02-19', 4, 7, 3, '2016-11-29 17:18:56', NULL, 2, 1, NULL, 3, 2, 2, 1, 201702, 1),
	(39, 26, 'OPT000026', 48, 2, 24, 1, '大都会国际牙科中心牙椅设备', 480000.00, 192000.00, 73800.00, 29600.00, NULL, NULL, '2017-02-28', NULL, 4, 6, 5, '2016-12-02 22:01:45', NULL, 3, 1, NULL, 5, 1, 2, 1, 201702, 1),
	(40, 27, 'OPT000027', 29, 2, 6, 1, '济南市中医院手机工具', 33000.00, 9900.00, 5000.00, 2000.00, NULL, NULL, '2017-02-15', '2017-02-15', 4, 7, 6, '2016-12-03 17:49:47', NULL, 2, 1, NULL, 6, 2, 1, 1, 201702, 1),
	(41, 28, 'OPT000028', 30, 2, 118, 1, '西安市中心医院手机工具', 37000.00, 11100.00, 6000.00, 2000.00, NULL, NULL, '2017-02-19', '2017-02-19', 4, 7, 6, '2016-12-03 18:25:48', NULL, 2, 1, NULL, 6, 2, 1, 1, 201702, 1),
	(42, 29, 'OPT000029', 8, 2, 84, 1, '镇江口腔医院教学设备', 160000.00, 48000.00, 24600.00, 7400.00, NULL, NULL, '2017-02-25', '2017-02-25', 4, 7, 3, '2016-12-06 03:35:00', NULL, 2, 1, NULL, 3, 2, 2, 1, 201702, 1),
	(43, 30, 'OPT000030', 49, 2, 107, 1, '宿迁第一人民医院手机工具', 48000.00, 14400.00, 7000.00, 2000.00, NULL, NULL, '2017-02-22', '2017-02-22', 4, 1, 5, '2016-12-06 05:57:35', NULL, 4, 1, NULL, 5, 2, 2, 1, 201702, 1),
	(44, 34, 'OPT000034', 50, 2, 25, 1, '佛山崔医生牙科教学设备', 160000.00, 48000.00, 24600.00, 7400.00, NULL, NULL, '2017-02-28', '2017-02-28', 4, 7, 5, '2016-12-13 12:47:45', NULL, 2, 1, NULL, 5, 1, 2, 1, 201702, 1),
	(45, 35, 'OPT000035', 37, 2, 85, 1, '郑博口腔门诊部影像设备', 76500.00, 38250.00, 11800.00, 5900.00, NULL, NULL, '2017-02-23', '2017-02-23', 4, 7, 3, '2016-12-13 15:41:07', NULL, 2, 1, NULL, 3, 1, 2, 1, 201702, 1),
	(46, 40, 'OPT000040', NULL, 4, 22, 1, '宜昌市中心人民医院影像设备', 1150000.00, 575000.00, 176900.00, 88500.00, NULL, NULL, '2017-02-28', NULL, 3, 5, 5, '2016-12-20 07:17:37', NULL, 5, 1, NULL, 5, 2, 2, 1, 201702, 1),
	(47, 41, 'OPT000041', 40, 2, 41, 1, '眉山市青神悦尔口腔牙椅设备', 254000.00, 101600.00, 39000.00, 15600.00, NULL, NULL, '2017-02-28', '2017-02-28', 4, 7, 3, '2016-12-20 22:21:52', NULL, 2, 1, NULL, 3, 1, 2, 1, 201702, 1),
	(48, 44, 'OPT000044', NULL, 4, 77, 1, '无锡101医院影像设备', 690000.00, 345000.00, 106200.00, 53100.00, NULL, NULL, '2017-02-22', '2017-02-22', 3, 7, 3, '2016-12-23 00:48:20', NULL, 2, 1, NULL, 3, 2, 2, 1, 201702, 1),
	(49, 50, 'OPT000050', NULL, 2, 23, 1, 'Global Dental 儿童诊所手机工具', 29000.00, 8700.00, 4000.00, 1000.00, NULL, NULL, '2017-02-26', '2017-02-26', 3, 7, 5, '2016-12-27 16:59:07', NULL, 2, 1, NULL, 5, 1, 2, 1, 201702, 1),
	(50, 53, 'OPT000053', 60, 2, 112, 1, '西安爱雅口腔医院教学设备', 160000.00, 48000.00, 24600.00, 7400.00, NULL, NULL, '2017-04-28', NULL, 3, 5, 6, '2016-12-29 01:30:37', NULL, 1, 1, NULL, 6, 1, 1, 1, 201702, 1),
	(51, 55, 'OPT000055', NULL, 2, 7, 1, '青岛美伦美口腔门诊部牙椅设备', 130000.00, 52000.00, 20000.00, 8000.00, NULL, NULL, '2017-04-28', NULL, 3, 5, 6, '2016-12-29 11:05:22', NULL, 1, 1, NULL, 6, 1, 1, 1, 201702, 1),
	(52, 56, 'OPT000056', NULL, 2, 5, 1, '济南市妇幼保健院影像设备', 690000.00, 345000.00, 106200.00, 53100.00, NULL, NULL, '2017-02-28', NULL, 3, 5, 6, '2016-12-30 01:44:15', NULL, 3, 1, NULL, 6, 2, 1, 1, 201702, 1),
	(53, 57, 'OPT000057', NULL, 2, 101, 1, '南京军区南京药品器材供应站影像设备', 1250000.00, 625000.00, 192300.00, 96200.00, NULL, NULL, '2017-03-28', NULL, 3, 5, 5, '2016-12-30 02:47:19', NULL, 1, 1, NULL, 5, 2, 2, 1, 201702, 1),
	(54, 59, 'OPT000059', NULL, 2, 39, 1, '华西口腔种植医院影像设备', 570000.00, 285000.00, 87700.00, 43800.00, NULL, NULL, '2017-04-28', NULL, 2, 4, 3, '2017-01-09 10:03:53', NULL, 1, 1, NULL, 3, 1, 2, 1, 201702, 1),
	(55, 60, 'OPT000060', NULL, 2, 102, 1, '南京浦口中医院手机工具', 100000.00, 30000.00, 15000.00, 5000.00, NULL, NULL, '2017-02-20', '2017-02-20', 2, 7, 5, '2017-01-10 03:10:41', NULL, 2, 1, NULL, 5, 2, 2, 1, 201702, 1),
	(56, 64, 'OPT000064', NULL, 2, 114, 1, '西安第8医院手机工具', 100000.00, 30000.00, 15000.00, 5000.00, NULL, NULL, '2017-02-16', '2017-02-16', 2, 1, 6, '2017-01-11 02:23:39', NULL, 4, 1, NULL, 6, 2, 1, 1, 201702, 1),
	(57, 66, 'OPT000066', NULL, 4, 76, 1, '温州医科大学温州市第三临床学院牙椅设备', 254000.00, 101600.00, 39000.00, 15600.00, NULL, NULL, '2017-04-28', NULL, 2, 4, 3, '2017-01-12 19:38:31', NULL, 1, 1, NULL, 3, 2, 2, 1, 201702, 1),
	(58, 67, 'OPT000067', NULL, 6, 120, 1, '延安大学附属医院影像设备', 300000.00, 150000.00, 46200.00, 23100.00, NULL, NULL, '2017-02-23', '2017-02-23', 2, 1, 6, '2017-01-12 22:34:41', NULL, 4, 1, NULL, 6, 2, 1, 1, 201702, 1),
	(59, 68, 'OPT000068', NULL, 2, 108, 1, '徐州沛县口腔医院牙椅设备', 254000.00, 101600.00, 39000.00, 15600.00, NULL, NULL, '2017-02-23', '2017-02-23', 2, 7, 5, '2017-01-14 08:35:41', NULL, 2, 1, NULL, 5, 2, 2, 1, 201702, 1),
	(60, 71, 'OPT000071', NULL, 4, 78, 1, '无锡爱牙口腔手机工具', 100000.00, 30000.00, 15000.00, 5000.00, NULL, NULL, '2017-02-28', NULL, 2, 4, 3, '2017-01-17 20:46:03', NULL, 3, 1, NULL, 3, 1, 2, 1, 201702, 1),
	(61, 72, 'OPT000072', NULL, 2, 40, 1, '乐山梁医生诊所手机工具', 29000.00, 8700.00, 4000.00, 1000.00, NULL, NULL, '2017-02-28', '2017-02-28', 2, 1, 3, '2017-01-18 21:58:30', NULL, 4, 1, NULL, 3, 1, 2, 1, 201702, 1),
	(62, 79, 'OPT000079', NULL, 2, 113, 1, '西安拜博920口腔影像设备', 480000.00, 240000.00, 73800.00, 36900.00, NULL, NULL, '2017-02-28', NULL, 1, 3, 6, '2017-01-23 10:34:56', NULL, 5, 1, NULL, 6, 1, 1, 1, 201702, 1),
	(63, 81, 'OPT000081', NULL, 2, 119, 1, '西安优意口腔医院中视野CT牙椅设备', 254000.00, 101600.00, 39000.00, 15600.00, NULL, NULL, '2017-02-28', NULL, 1, 3, 6, '2017-01-24 01:52:37', NULL, 5, 1, NULL, 6, 1, 1, 1, 201702, 1),
	(95, 20, 'OPT000020', 18, 2, 100, 1, '涟水县人民医院牙椅设备', 254000.00, 101600.00, 39000.00, 15600.00, NULL, NULL, '2017-03-11', '2017-03-11', 4, 7, 5, '2016-11-26 01:57:48', NULL, 2, 1, NULL, 5, 2, 2, 1, 201703, 1),
	(96, 21, 'OPT000021', 27, 2, 115, 1, '西安欢乐口腔手机工具', 37000.00, 11100.00, 6000.00, 2000.00, NULL, NULL, '2017-03-14', '2017-03-14', 3, 7, 6, '2016-11-26 17:07:38', NULL, 2, 1, NULL, 6, 1, 1, 1, 201703, 1),
	(97, 32, 'OPT000032', 10, 2, 36, 1, '成都瑞泰口腔医院影像设备', 1150000.00, 575000.00, 176900.00, 88500.00, NULL, NULL, '2017-03-12', '2017-03-12', 2, 7, 3, '2016-12-08 22:30:25', NULL, 2, 1, NULL, 3, 1, 2, 1, 201703, 1),
	(98, 33, 'OPT000033', 36, 4, 73, 1, '台州医院路桥分院教学设备', 160000.00, 48000.00, 24600.00, 7400.00, NULL, NULL, '2017-03-13', '2017-03-13', 2, 7, 3, '2016-12-10 05:00:34', NULL, 2, 1, NULL, 3, 1, 2, 1, 201703, 1),
	(99, 43, 'OPT000043', 66, 4, 79, 1, '无锡电力疗养院牙椅设备', 480000.00, 192000.00, 73800.00, 29600.00, NULL, NULL, '2017-03-20', '2017-03-20', 4, 7, 3, '2016-12-22 03:48:56', NULL, 2, 1, NULL, 3, 1, 2, 1, 201703, 1),
	(100, 46, 'OPT000046', 68, 2, 54, 1, '常州北极星口腔门诊部牙椅设备', 254000.00, 101600.00, 39000.00, 15600.00, NULL, NULL, '2017-03-21', '2017-03-21', 4, 7, 3, '2016-12-23 20:28:31', NULL, 2, 1, NULL, 3, 1, 2, 1, 201703, 1),
	(101, 48, 'OPT000048', 69, 2, 81, 1, '萧山中医院手机工具', 100000.00, 30000.00, 15000.00, 5000.00, NULL, NULL, '2017-03-24', '2017-03-24', 4, 7, 3, '2016-12-24 03:52:32', NULL, 2, 1, NULL, 3, 2, 2, 1, 201703, 1),
	(102, 49, 'OPT000049', NULL, 2, 106, 1, '熊猫集团医院手机工具', 100000.00, 30000.00, 15000.00, 5000.00, NULL, NULL, '2017-03-30', NULL, 4, 6, 5, '2016-12-26 07:04:26', NULL, 3, 1, NULL, 5, 1, 2, 1, 201703, 1),
	(103, 51, 'OPT000051', NULL, 4, 19, 1, '湖北十堰郧西县人民医院手机工具', 48000.00, 14400.00, 7000.00, 2000.00, NULL, NULL, '2017-03-19', '2017-03-19', 4, 7, 5, '2016-12-28 01:41:01', NULL, 2, 1, NULL, 5, 2, 2, 1, 201703, 1),
	(104, 52, 'OPT000052', NULL, 2, 103, 1, '南京市武警医院牙椅设备', 480000.00, 192000.00, 73800.00, 29600.00, NULL, NULL, '2017-05-30', NULL, 4, 6, 5, '2016-12-28 07:25:21', NULL, 1, 1, NULL, 5, 2, 2, 1, 201703, 1),
	(105, 54, 'OPT000054', 70, 2, 37, 1, '成都温江劲游牙科牙椅设备', 480000.00, 192000.00, 73800.00, 29600.00, NULL, NULL, '2017-03-22', '2017-03-22', 4, 7, 3, '2016-12-29 07:43:10', NULL, 2, 1, NULL, 3, 1, 2, 1, 201703, 1),
	(106, 57, 'OPT000057', NULL, 2, 101, 1, '南京军区南京药品器材供应站影像设备', 1250000.00, 625000.00, 192300.00, 96200.00, NULL, NULL, '2017-03-13', '2017-03-13', 3, 7, 5, '2016-12-30 02:47:19', NULL, 2, 1, NULL, 5, 2, 2, 1, 201703, 1),
	(107, 58, 'OPT000058', 89, 2, 3, 1, '山东医科大学附属第二医院教学设备', 160000.00, 48000.00, 24600.00, 7400.00, NULL, NULL, '2017-03-29', '2017-03-29', 4, 7, 6, '2017-01-03 16:07:23', NULL, 2, 1, NULL, 6, 2, 1, 1, 201703, 1),
	(108, 61, 'OPT000061', NULL, 2, 38, 1, '成都医学院附属医院影像设备', 480000.00, 240000.00, 73800.00, 36900.00, NULL, NULL, '2017-03-29', '2017-03-29', 4, 7, 3, '2017-01-10 07:25:08', NULL, 2, 1, NULL, 3, 2, 2, 1, 201703, 1),
	(109, 62, 'OPT000062', 90, 2, 116, 1, '西安联帮口腔影像设备', 1250000.00, 625000.00, 192300.00, 96200.00, NULL, NULL, '2017-03-28', '2017-03-28', 4, 7, 6, '2017-01-10 13:30:37', NULL, 2, 1, NULL, 6, 1, 1, 1, 201703, 1),
	(110, 63, 'OPT000063', NULL, 2, 8, 1, '青岛市第五医院影像设备', 1150000.00, 575000.00, 176900.00, 88500.00, NULL, NULL, '2017-03-26', '2017-03-26', 4, 7, 6, '2017-01-10 18:35:50', NULL, 2, 1, NULL, 6, 2, 1, 1, 201703, 1),
	(111, 65, 'OPT000065', NULL, 3, 9, 1, '中国人民解放军第一七五医院手机工具', 33000.00, 9900.00, 5000.00, 2000.00, NULL, NULL, '2017-04-30', NULL, 4, 6, 6, '2017-01-11 22:37:29', NULL, 1, 1, NULL, 6, 2, 1, 1, 201703, 1),
	(112, 69, 'OPT000069', NULL, 2, 28, 1, '佛山向阳医院牙椅设备', 254000.00, 101600.00, 39000.00, 15600.00, NULL, NULL, '2017-04-30', NULL, 4, 6, 5, '2017-01-16 19:02:01', NULL, 1, 1, NULL, 5, 1, 2, 1, 201703, 1),
	(113, 70, 'OPT000070', NULL, 2, 27, 1, '佛山天博瑞口腔手机工具', 29000.00, 8700.00, 4000.00, 1000.00, NULL, NULL, '2017-03-25', '2017-03-25', 3, 7, 5, '2017-01-17 00:19:07', NULL, 2, 1, NULL, 5, 1, 2, 1, 201703, 1),
	(114, 73, 'OPT000073', NULL, 2, 42, 1, '眉山市中医院影像设备', 300000.00, 150000.00, 46200.00, 23100.00, NULL, NULL, '2017-04-30', NULL, 3, 5, 3, '2017-01-22 02:25:10', NULL, 1, 1, NULL, 3, 2, 2, 1, 201703, 1),
	(115, 76, 'OPT000076', NULL, 4, 21, 1, '武汉天姿口腔门诊影像设备', 76500.00, 38250.00, 11800.00, 5900.00, NULL, NULL, '2017-03-20', '2017-03-20', 3, 7, 5, '2017-01-22 14:35:02', NULL, 2, 1, NULL, 5, 1, 2, 1, 201703, 1),
	(116, 77, 'OPT000077', NULL, 4, 20, 1, '南宁梁芳丽口腔诊所牙椅设备', 480000.00, 192000.00, 73800.00, 29600.00, NULL, NULL, '2017-03-29', '2017-03-29', 3, 7, 5, '2017-01-22 17:24:06', NULL, 2, 1, NULL, 5, 1, 2, 1, 201703, 1),
	(117, 78, 'OPT000078', NULL, 3, 10, 1, '北京军区三门诊社区服务中心牙椅设备', 254000.00, 101600.00, 39000.00, 15600.00, NULL, NULL, '2017-05-30', NULL, 3, 5, 6, '2017-01-23 03:10:20', NULL, 1, 1, NULL, 6, 2, 1, 1, 201703, 1),
	(118, 80, 'OPT000080', NULL, 2, 26, 1, '佛山市口腔医院影像设备', 570000.00, 285000.00, 87700.00, 43800.00, NULL, NULL, '2017-03-30', NULL, 3, 5, 5, '2017-01-23 13:43:59', NULL, 5, 1, NULL, 5, 2, 2, 1, 201703, 1),
	(119, 82, 'OPT000082', NULL, 2, 1, 1, '山东麦芽口腔连锁机构手机工具', 37000.00, 11100.00, 6000.00, 2000.00, NULL, NULL, '2017-03-30', NULL, 3, 5, 6, '2017-01-25 00:03:07', NULL, 3, 1, NULL, 6, 1, 1, 1, 201703, 1),
	(120, 84, 'OPT000084', NULL, 2, 36, 1, '成都瑞泰口腔医院手机工具', 48000.00, 14400.00, 7000.00, 2000.00, NULL, NULL, '2017-04-30', NULL, 3, 5, 3, '2017-01-26 06:10:09', NULL, 1, 1, NULL, 3, 1, 2, 1, 201703, 1),
	(121, 85, 'OPT000085', NULL, 4, 80, 1, '无锡冯友伟口腔影像设备', 1150000.00, 575000.00, 176900.00, 88500.00, NULL, NULL, '2017-03-30', NULL, 3, 5, 3, '2017-01-28 07:10:17', NULL, 3, 1, NULL, 3, 1, 2, 1, 201703, 1),
	(122, 130, 'OPT000088', NULL, 2, 117, 1, '西安市第5医院手机工具', 100000.00, 30000.00, 15000.00, 5000.00, NULL, NULL, '2017-03-25', '2017-03-25', 3, 1, 6, '2017-02-02 14:31:15', NULL, 4, 1, NULL, 6, 2, 1, 1, 201703, 1),
	(123, 134, 'OPT000092', NULL, 2, 105, 1, '泗阳县中医院影像设备', 690000.00, 345000.00, 106200.00, 53100.00, NULL, NULL, '2017-03-17', '2017-03-17', 2, 7, 5, '2017-02-05 18:24:48', NULL, 2, 1, NULL, 5, 2, 2, 1, 201703, 1),
	(124, 135, 'OPT000093', NULL, 2, 4, 1, '济南金源口腔影像设备', 230000.00, 115000.00, 35400.00, 17700.00, NULL, NULL, '2017-03-27', '2017-03-27', 3, 1, 6, '2017-02-07 12:05:55', NULL, 4, 1, NULL, 6, 1, 1, 1, 201703, 1),
	(125, 136, 'OPT000094', NULL, 2, 55, 1, '峰江街道社区卫生服务中心教学设备', 160000.00, 48000.00, 24600.00, 7400.00, NULL, NULL, '2017-03-29', '2017-03-29', 2, 1, 3, '2017-02-08 06:06:42', NULL, 4, 1, NULL, 3, 2, 2, 1, 201703, 1),
	(126, 137, 'OPT000095', NULL, 2, 115, 1, '西安欢乐口腔牙椅设备', 480000.00, 192000.00, 73800.00, 29600.00, NULL, NULL, '2017-03-30', NULL, 2, 4, 6, '2017-02-10 00:46:53', NULL, 5, 1, NULL, 6, 1, 1, 1, 201703, 1),
	(127, 138, 'OPT000096', NULL, 2, 43, 1, '汶川县人民医院手机工具', 29000.00, 8700.00, 4000.00, 1000.00, NULL, NULL, '2017-03-30', NULL, 2, 4, 3, '2017-02-10 11:32:20', NULL, 5, 1, NULL, 3, 2, 2, 1, 201703, 1),
	(128, 140, 'OPT000098', NULL, 2, 104, 1, '泗阳胡氏口腔医院教学设备', 100000.00, 30000.00, 15000.00, 5000.00, NULL, NULL, '2017-03-08', '2017-03-08', 2, 1, 5, '2017-02-13 05:06:24', NULL, 4, 1, NULL, 5, 1, 2, 1, 201703, 1),
	(129, 142, 'OPT000100', NULL, 2, 2, 1, '山东省级机关医院牙椅设备', 254000.00, 101600.00, 39000.00, 15600.00, NULL, NULL, '2017-03-30', NULL, 2, 4, 6, '2017-02-16 16:11:33', NULL, 5, 1, NULL, 6, 2, 1, 1, 201703, 1),
	(158, 53, 'OPT000053', 60, 2, 112, 1, '西安爱雅口腔医院教学设备', 160000.00, 48000.00, 24600.00, 7400.00, NULL, NULL, '2017-04-11', '2017-04-11', 3, 7, 6, '2016-12-29 01:30:37', NULL, 2, 1, NULL, 6, 1, 1, 1, 201704, 1),
	(159, 55, 'OPT000055', 87, 2, 7, 1, '青岛美伦美口腔门诊部牙椅设备', 130000.00, 52000.00, 20000.00, 8000.00, NULL, NULL, '2017-04-26', '2017-04-26', 3, 7, 6, '2016-12-29 11:05:22', NULL, 2, 1, NULL, 6, 1, 1, 1, 201704, 1),
	(160, 59, 'OPT000059', 96, 2, 39, 1, '华西口腔种植医院影像设备', 570000.00, 285000.00, 87700.00, 43800.00, NULL, NULL, '2017-04-21', '2017-04-21', 2, 7, 3, '2017-01-09 10:03:53', NULL, 2, 1, NULL, 3, 1, 2, 1, 201704, 1),
	(161, 65, 'OPT000065', 119, 3, 9, 1, '中国人民解放军第一七五医院手机工具', 33000.00, 9900.00, 5000.00, 2000.00, NULL, NULL, '2017-04-14', '2017-04-14', 4, 7, 6, '2017-01-11 22:37:29', NULL, 2, 1, NULL, 6, 2, 1, 1, 201704, 1),
	(162, 66, 'OPT000066', 98, 4, 76, 1, '温州医科大学温州市第三临床学院牙椅设备', 254000.00, 101600.00, 39000.00, 15600.00, NULL, NULL, '2017-04-23', '2017-04-23', 2, 7, 3, '2017-01-12 19:38:31', NULL, 2, 1, NULL, 3, 2, 2, 1, 201704, 1),
	(163, 69, 'OPT000069', NULL, 2, 28, 1, '佛山向阳医院牙椅设备', 254000.00, 101600.00, 39000.00, 15600.00, NULL, NULL, '2017-04-15', '2017-04-15', 4, 7, 5, '2017-01-16 19:02:01', NULL, 2, 1, NULL, 5, 1, 2, 1, 201704, 1),
	(164, 73, 'OPT000073', NULL, 2, 42, 1, '眉山市中医院影像设备', 300000.00, 150000.00, 46200.00, 23100.00, NULL, NULL, '2017-04-27', '2017-04-27', 3, 7, 3, '2017-01-22 02:25:10', NULL, 2, 1, NULL, 3, 2, 2, 1, 201704, 1),
	(165, 74, 'OPT000074', NULL, 2, 13, 1, '天津滨海东江医院牙椅设备', 480000.00, 192000.00, 73800.00, 29600.00, NULL, NULL, '2017-04-20', '2017-04-20', 4, 7, 6, '2017-01-22 08:26:46', NULL, 2, 1, NULL, 6, 2, 1, 1, 201704, 1),
	(166, 75, 'OPT000075', NULL, 2, 57, 1, '杭州高技街口腔手机工具', 29000.00, 8700.00, 4000.00, 1000.00, NULL, NULL, '2017-04-15', '2017-04-15', 4, 7, 3, '2017-01-22 12:36:00', NULL, 2, 1, NULL, 3, 1, 2, 1, 201704, 1),
	(167, 83, 'OPT000083', NULL, 3, 11, 1, '国防大学校医院影像设备', 570000.00, 285000.00, 87700.00, 43800.00, NULL, NULL, '2017-04-23', '2017-04-23', 4, 7, 6, '2017-01-26 00:10:18', NULL, 2, 1, NULL, 6, 2, 1, 1, 201704, 1),
	(168, 84, 'OPT000084', NULL, 2, 36, 1, '成都瑞泰口腔医院手机工具', 48000.00, 14400.00, 7000.00, 2000.00, NULL, NULL, '2017-04-10', '2017-04-10', 3, 7, 3, '2017-01-26 06:10:09', NULL, 2, 1, NULL, 3, 1, 2, 1, 201704, 1),
	(169, 128, 'OPT000086', NULL, 2, 5, 1, '济南市妇幼保健院手机工具', 37000.00, 11100.00, 6000.00, 2000.00, NULL, NULL, '2017-06-30', NULL, 4, 6, 6, '2017-02-01 01:19:10', NULL, 1, 1, NULL, 6, 2, 1, 1, 201704, 1),
	(170, 129, 'OPT000087', NULL, 2, 109, 1, '扬州高邮市中医院手机工具', 100000.00, 30000.00, 15000.00, 5000.00, NULL, NULL, '2017-04-30', NULL, 4, 6, 5, '2017-02-01 04:27:21', NULL, 5, 1, NULL, 5, 2, 2, 1, 201704, 1),
	(171, 131, 'OPT000089', NULL, 4, 22, 1, '宜昌市中心人民医院手机工具', 48000.00, 14400.00, 7000.00, 2000.00, NULL, NULL, '2017-04-30', NULL, 4, 6, 5, '2017-02-02 22:53:08', NULL, 3, 1, NULL, 5, 2, 2, 1, 201704, 1),
	(172, 132, 'OPT000090', NULL, 6, 120, 1, '延安大学附属医院手机工具', 100000.00, 30000.00, 15000.00, 5000.00, NULL, NULL, '2017-05-30', NULL, 4, 6, 6, '2017-02-03 12:34:08', NULL, 1, 1, NULL, 6, 2, 1, 1, 201704, 1),
	(173, 133, 'OPT000091', NULL, 2, 12, 1, '泰达医院手机工具', 33000.00, 9900.00, 5000.00, 2000.00, NULL, NULL, '2017-04-30', NULL, 4, 6, 6, '2017-02-03 17:34:11', NULL, 3, 1, NULL, 6, 1, 1, 1, 201704, 1),
	(174, 139, 'OPT000097', NULL, 2, 85, 1, '郑博口腔门诊部手机工具', 100000.00, 30000.00, 15000.00, 5000.00, NULL, NULL, '2017-04-27', '2017-04-27', 4, 7, 3, '2017-02-13 02:48:59', NULL, 2, 1, NULL, 3, 1, 2, 1, 201704, 1),
	(175, 141, 'OPT000099', NULL, 2, 119, 1, '西安优意口腔医院中视野CT影像设备', 690000.00, 345000.00, 106200.00, 53100.00, NULL, NULL, '2017-04-09', '2017-04-09', 4, 1, 6, '2017-02-14 17:54:28', NULL, 4, 1, NULL, 6, 1, 1, 1, 201704, 1),
	(176, 143, 'OPT000101', NULL, 2, 83, 1, '镇江第一人民医院教学设备', 100000.00, 30000.00, 15000.00, 5000.00, NULL, NULL, '2017-04-29', '2017-04-29', 4, 7, 3, '2017-02-16 16:46:54', NULL, 2, 1, NULL, 3, 2, 2, 1, 201704, 1),
	(177, 144, 'OPT000102', NULL, 2, 41, 1, '眉山市青神悦尔口腔影像设备', 690000.00, 345000.00, 106200.00, 53100.00, NULL, NULL, '2017-04-29', '2017-04-29', 4, 7, 3, '2017-02-16 17:17:55', NULL, 2, 1, NULL, 3, 1, 2, 1, 201704, 1),
	(178, 145, 'OPT000103', NULL, 2, 118, 1, '西安市中心医院牙椅设备', 130000.00, 52000.00, 20000.00, 8000.00, NULL, NULL, '2017-04-22', '2017-04-22', 3, 1, 6, '2017-02-22 05:46:22', NULL, 4, 1, NULL, 6, 2, 1, 1, 201704, 1),
	(179, 146, 'OPT000104', NULL, 2, 31, 1, '南海永福口腔牙椅设备', 480000.00, 192000.00, 73800.00, 29600.00, NULL, NULL, '2017-04-22', '2017-04-22', 3, 1, 5, '2017-02-23 03:30:38', NULL, 4, 1, NULL, 5, 1, 2, 1, 201704, 1),
	(180, 147, 'OPT000105', NULL, 2, 7, 1, '青岛美伦美口腔门诊部影像设备', 76500.00, 38250.00, 11800.00, 5900.00, NULL, NULL, '2017-04-30', NULL, 3, 5, 6, '2017-02-25 05:29:59', NULL, 5, 1, NULL, 6, 1, 1, 1, 201704, 1),
	(181, 148, 'OPT000106', NULL, 2, 82, 1, '张家港市人民医院牙椅设备', 130000.00, 52000.00, 20000.00, 8000.00, NULL, NULL, '2017-05-30', NULL, 3, 5, 3, '2017-02-25 10:20:40', NULL, 1, 1, NULL, 3, 2, 2, 1, 201704, 1),
	(182, 150, 'OPT000108', NULL, 2, 25, 1, '佛山崔医生牙科影像设备', 230000.00, 115000.00, 35400.00, 17700.00, NULL, NULL, '2017-06-30', NULL, 3, 5, 5, '2017-02-25 23:06:44', NULL, 1, 1, NULL, 5, 1, 2, 1, 201704, 1),
	(183, 160, 'OPT000111', NULL, 2, 6, 1, '济南市中医院牙椅设备', 130000.00, 52000.00, 20000.00, 8000.00, NULL, NULL, '2017-04-30', NULL, 3, 5, 6, '2017-03-02 01:28:59', NULL, 5, 1, NULL, 6, 2, 1, 1, 201704, 1),
	(184, 161, 'OPT000112', NULL, 2, 30, 1, '恒大中心手机工具', 33000.00, 9900.00, 5000.00, 2000.00, NULL, NULL, '2017-04-28', '2017-04-28', 3, 7, 5, '2017-03-02 07:15:45', NULL, 2, 1, NULL, 5, 1, 2, 1, 201704, 1),
	(185, 163, 'OPT000114', NULL, 2, 58, 1, '湖州市第一人民医院牙椅设备', 130000.00, 52000.00, 20000.00, 8000.00, NULL, NULL, '2017-05-30', NULL, 3, 5, 3, '2017-03-03 10:48:12', NULL, 1, 1, NULL, 3, 2, 2, 1, 201704, 1),
	(186, 164, 'OPT000115', NULL, 2, 24, 1, '大都会国际牙科中心教学设备', 100000.00, 30000.00, 15000.00, 5000.00, NULL, NULL, '2017-04-18', '2017-04-18', 2, 7, 5, '2017-03-03 12:20:38', NULL, 2, 1, NULL, 5, 1, 2, 1, 201704, 1),
	(187, 165, 'OPT000116', NULL, 2, 23, 1, 'Global Dental 儿童诊所牙椅设备', 130000.00, 52000.00, 20000.00, 8000.00, NULL, NULL, '2017-04-28', '2017-04-28', 2, 7, 5, '2017-03-06 09:20:30', NULL, 2, 1, NULL, 5, 1, 2, 1, 201704, 1),
	(188, 166, 'OPT000117', NULL, 2, 84, 1, '镇江口腔医院影像设备', 300000.00, 150000.00, 46200.00, 23100.00, NULL, NULL, '2017-04-30', NULL, 2, 4, 3, '2017-03-08 06:36:00', NULL, 3, 1, NULL, 3, 2, 2, 1, 201704, 1),
	(189, 167, 'OPT000118', NULL, 2, 107, 1, '宿迁第一人民医院牙椅设备', 130000.00, 52000.00, 20000.00, 8000.00, NULL, NULL, '2017-06-30', NULL, 2, 4, 5, '2017-03-08 10:09:23', NULL, 1, 1, NULL, 5, 2, 2, 1, 201704, 1),
	(190, 169, 'OPT000120', NULL, 2, 56, 1, '海安县人民医院影像设备', 230000.00, 115000.00, 35400.00, 17700.00, NULL, NULL, '2017-04-09', '2017-04-09', 2, 1, 3, '2017-03-09 16:59:53', NULL, 4, 1, NULL, 3, 2, 2, 1, 201704, 1),
	(191, 171, 'OPT000122', NULL, 2, 39, 1, '华西口腔种植医院手机工具', 48000.00, 14400.00, 7000.00, 2000.00, NULL, NULL, '2017-04-30', NULL, 2, 4, 3, '2017-03-11 06:14:30', NULL, 5, 1, NULL, 3, 1, 2, 1, 201704, 1),
	(192, 172, 'OPT000123', NULL, 2, 40, 1, '乐山梁医生诊所牙椅设备', 130000.00, 52000.00, 20000.00, 8000.00, NULL, NULL, '2017-04-30', NULL, 2, 4, 3, '2017-03-11 08:04:50', NULL, 5, 1, NULL, 3, 1, 2, 1, 201704, 1),
	(193, 175, 'OPT000126', NULL, 2, 108, 1, '徐州沛县口腔医院影像设备', 1150000.00, 575000.00, 176900.00, 88500.00, NULL, NULL, '2017-04-25', '2017-04-25', 2, 7, 5, '2017-03-15 20:01:29', NULL, 2, 1, NULL, 5, 2, 2, 1, 201704, 1),
	(194, 177, 'OPT000128', NULL, 2, 14, 1, '天津人民医院教学设备', 100000.00, 30000.00, 15000.00, 5000.00, NULL, NULL, '2017-04-30', NULL, 2, 4, 6, '2017-03-20 18:42:42', NULL, 5, 1, NULL, 6, 2, 1, 1, 201704, 1),
	(195, 179, 'OPT000130', NULL, 2, 29, 1, '广东协大口腔医院影像设备', 300000.00, 150000.00, 46200.00, 23100.00, NULL, NULL, '2017-04-05', '2017-04-05', 1, 7, 5, '2017-03-22 11:49:59', NULL, 2, 1, NULL, 5, 1, 2, 1, 201704, 1),
	(221, 52, 'OPT000052', 138, 2, 103, 1, '南京市武警医院牙椅设备', 480000.00, 192000.00, 73800.00, 29600.00, NULL, NULL, '2017-05-15', '2017-05-15', 4, 7, 5, '2016-12-28 07:25:21', NULL, 2, 1, NULL, 5, 2, 2, 1, 201705, 1),
	(222, 78, 'OPT000078', 148, 3, 10, 1, '北京军区三门诊社区服务中心牙椅设备', 254000.00, 101600.00, 39000.00, 15600.00, NULL, NULL, '2017-05-26', '2017-05-26', 3, 7, 6, '2017-01-23 03:10:20', NULL, 2, 1, NULL, 6, 2, 1, 1, 201705, 1),
	(223, 132, 'OPT000090', NULL, 6, 120, 1, '延安大学附属医院手机工具', 100000.00, 30000.00, 15000.00, 5000.00, NULL, NULL, '2017-05-25', '2017-05-25', 4, 7, 6, '2017-02-03 12:34:08', NULL, 2, 1, NULL, 6, 2, 1, 1, 201705, 1),
	(224, 148, 'OPT000106', NULL, 2, 82, 1, '张家港市人民医院牙椅设备', 130000.00, 52000.00, 20000.00, 8000.00, NULL, NULL, '2017-05-29', '2017-05-29', 3, 7, 3, '2017-02-25 10:20:40', NULL, 2, 1, NULL, 3, 2, 2, 1, 201705, 1),
	(225, 149, 'OPT000107', NULL, 2, 26, 1, '佛山市口腔医院手机工具', 48000.00, 14400.00, 7000.00, 2000.00, NULL, NULL, '2017-05-12', '2017-05-12', 4, 1, 5, '2017-02-25 14:46:48', NULL, 4, 1, NULL, 5, 2, 2, 1, 201705, 1),
	(226, 151, 'OPT000109', NULL, 2, 34, 1, '若德口腔门诊牙椅设备', 130000.00, 52000.00, 20000.00, 8000.00, NULL, NULL, '2017-05-30', NULL, 4, 6, 5, '2017-02-26 08:09:35', NULL, 5, 1, NULL, 5, 1, 2, 1, 201705, 1),
	(227, 159, 'OPT000110', NULL, 2, 59, 1, '湖州市中心医院影像设备', 76500.00, 38250.00, 11800.00, 5900.00, NULL, NULL, '2017-05-22', '2017-05-22', 4, 7, 3, '2017-03-01 03:02:10', NULL, 2, 1, NULL, 3, 2, 2, 1, 201705, 1),
	(228, 162, 'OPT000113', NULL, 4, 21, 1, '武汉天姿口腔门诊手机工具', 100000.00, 30000.00, 15000.00, 5000.00, NULL, NULL, '2017-05-23', '2017-05-23', 4, 7, 5, '2017-03-02 22:47:56', NULL, 2, 1, NULL, 5, 1, 2, 1, 201705, 1),
	(229, 163, 'OPT000114', NULL, 2, 58, 1, '湖州市第一人民医院牙椅设备', 130000.00, 52000.00, 20000.00, 8000.00, NULL, NULL, '2017-05-04', '2017-05-04', 3, 7, 3, '2017-03-03 10:48:12', NULL, 2, 1, NULL, 3, 2, 2, 1, 201705, 1),
	(230, 168, 'OPT000119', NULL, 4, 19, 1, '湖北十堰郧西县人民医院牙椅设备', 130000.00, 52000.00, 20000.00, 8000.00, NULL, NULL, '2017-05-28', '2017-05-28', 4, 7, 5, '2017-03-09 00:39:58', NULL, 2, 1, NULL, 5, 2, 2, 1, 201705, 1),
	(231, 170, 'OPT000121', NULL, 2, 3, 1, '山东医科大学附属第二医院影像设备', 1150000.00, 575000.00, 176900.00, 88500.00, NULL, NULL, '2017-05-29', '2017-05-29', 4, 7, 6, '2017-03-10 17:07:48', NULL, 2, 1, NULL, 6, 2, 1, 1, 201705, 1),
	(232, 173, 'OPT000124', NULL, 2, 4, 1, '济南金源口腔手机工具', 100000.00, 30000.00, 15000.00, 5000.00, NULL, NULL, '2017-05-29', '2017-05-29', 4, 7, 6, '2017-03-12 03:46:43', NULL, 2, 1, NULL, 6, 1, 1, 1, 201705, 1),
	(233, 174, 'OPT000125', NULL, 2, 8, 1, '青岛市第五医院手机工具', 37000.00, 11100.00, 6000.00, 2000.00, NULL, NULL, '2017-06-30', NULL, 4, 6, 6, '2017-03-12 08:45:45', NULL, 1, 1, NULL, 6, 2, 1, 1, 201705, 1),
	(234, 176, 'OPT000127', NULL, 2, 38, 1, '成都医学院附属医院手机工具', 100000.00, 30000.00, 15000.00, 5000.00, NULL, NULL, '2017-05-30', '2017-05-30', 4, 7, 3, '2017-03-16 12:15:48', NULL, 2, 1, NULL, 3, 2, 2, 1, 201705, 1),
	(235, 178, 'OPT000129', NULL, 2, 36, 1, '成都瑞泰口腔医院牙椅设备', 130000.00, 52000.00, 20000.00, 8000.00, NULL, NULL, '2017-05-29', '2017-05-29', 4, 7, 3, '2017-03-21 22:46:30', NULL, 2, 1, NULL, 3, 1, 2, 1, 201705, 1),
	(236, 181, 'OPT000132', NULL, 2, 15, 1, '天津市口腔医院影像设备', 300000.00, 150000.00, 46200.00, 23100.00, NULL, NULL, '2017-07-30', NULL, 3, 5, 6, '2017-03-25 04:29:57', NULL, 1, 1, NULL, 6, 2, 1, 1, 201705, 1),
	(237, 182, 'OPT000133', NULL, 2, 42, 1, '眉山市中医院手机工具', 69000.00, 20700.00, 11000.00, 3000.00, NULL, NULL, '2017-05-26', '2017-05-26', 3, 7, 3, '2017-03-25 06:30:07', NULL, 2, 1, NULL, 3, 2, 2, 1, 201705, 1),
	(238, 185, 'OPT000136', NULL, 4, 20, 1, '南宁梁芳丽口腔诊所影像设备', 300000.00, 150000.00, 46200.00, 23100.00, NULL, NULL, '2017-05-28', '2017-05-28', 3, 7, 5, '2017-03-26 03:14:19', NULL, 2, 1, NULL, 5, 1, 2, 1, 201705, 1),
	(239, 187, 'OPT000138', NULL, 2, 61, 1, '江苏省人民医院牙椅设备', 130000.00, 52000.00, 20000.00, 8000.00, NULL, NULL, '2017-05-30', '2017-05-30', 3, 7, 3, '2017-03-27 13:42:58', NULL, 2, 1, NULL, 3, 2, 2, 1, 201705, 1),
	(240, 189, 'OPT000140', NULL, 2, 16, 1, '天津医院手机工具', 33000.00, 9900.00, 5000.00, 2000.00, NULL, NULL, '2017-05-30', NULL, 3, 5, 6, '2017-03-27 23:29:11', NULL, 3, 1, NULL, 6, 2, 1, 1, 201705, 1),
	(241, 190, 'OPT000141', NULL, 3, 9, 1, '中国人民解放军第一七五医院牙椅设备', 130000.00, 52000.00, 20000.00, 8000.00, NULL, NULL, '2017-05-04', '2017-05-04', 3, 1, 6, '2017-03-28 01:19:23', NULL, 4, 1, NULL, 6, 2, 1, 1, 201705, 1),
	(242, 223, 'OPT000145', NULL, 2, 37, 1, '成都温江劲游牙科影像设备', 300000.00, 150000.00, 46200.00, 23100.00, NULL, NULL, '2017-06-30', NULL, 3, 5, 3, '2017-04-01 12:08:46', NULL, 1, 1, NULL, 3, 1, 2, 1, 201705, 1),
	(243, 224, 'OPT000146', NULL, 2, 33, 1, '清远市妇幼保健院手机工具', 29000.00, 8700.00, 4000.00, 1000.00, NULL, NULL, '2017-05-30', NULL, 3, 5, 5, '2017-04-04 01:05:10', NULL, 3, 1, NULL, 5, 2, 2, 1, 201705, 1),
	(244, 225, 'OPT000147', NULL, 2, 28, 1, '佛山向阳医院影像设备', 1250000.00, 625000.00, 192300.00, 96200.00, NULL, NULL, '2017-07-30', NULL, 3, 5, 5, '2017-04-04 06:54:32', NULL, 1, 1, NULL, 5, 1, 2, 1, 201705, 1),
	(245, 230, 'OPT000152', NULL, 2, 17, 1, '天津中北镇社区服务中心牙椅设备', 130000.00, 52000.00, 20000.00, 8000.00, NULL, NULL, '2017-05-27', '2017-05-27', 2, 1, 6, '2017-04-10 00:33:57', NULL, 4, 1, NULL, 6, 2, 1, 1, 201705, 1),
	(246, 231, 'OPT000153', NULL, 2, 43, 1, '汶川县人民医院牙椅设备', 130000.00, 52000.00, 20000.00, 8000.00, NULL, NULL, '2017-06-30', NULL, 2, 4, 3, '2017-04-10 01:06:40', NULL, 1, 1, NULL, 3, 2, 2, 1, 201705, 1),
	(247, 232, 'OPT000154', NULL, 2, 54, 1, '常州北极星口腔门诊部教学设备', 260000.00, 78000.00, 39600.00, 12400.00, NULL, NULL, '2017-05-30', NULL, 2, 4, 3, '2017-04-11 12:19:41', NULL, 3, 1, NULL, 3, 1, 2, 1, 201705, 1),
	(248, 234, 'OPT000156', NULL, 2, 32, 1, '祈福医院影像设备', 230000.00, 115000.00, 35400.00, 17700.00, NULL, NULL, '2017-05-29', '2017-05-29', 2, 7, 5, '2017-04-11 21:49:56', NULL, 2, 1, NULL, 5, 1, 2, 1, 201705, 1),
	(249, 235, 'OPT000157', NULL, 2, 60, 1, '键卫口腔手机工具', 29000.00, 8700.00, 4000.00, 1000.00, NULL, NULL, '2017-05-04', '2017-05-04', 2, 1, 3, '2017-04-15 12:32:48', NULL, 4, 1, NULL, 3, 1, 2, 1, 201705, 1),
	(250, 236, 'OPT000158', NULL, 2, 35, 1, '信宜口腔门诊医院教学设备', 160000.00, 48000.00, 24600.00, 7400.00, NULL, NULL, '2017-05-27', '2017-05-27', 2, 7, 5, '2017-04-15 13:55:11', NULL, 2, 1, NULL, 5, 1, 2, 1, 201705, 1),
	(251, 238, 'OPT000160', NULL, 2, 55, 1, '峰江街道社区卫生服务中心影像设备', 690000.00, 345000.00, 106200.00, 53100.00, NULL, NULL, '2017-05-30', NULL, 2, 4, 3, '2017-04-18 06:00:09', NULL, 5, 1, NULL, 3, 2, 2, 1, 201705, 1),
	(252, 239, 'OPT000161', NULL, 2, 1, 1, '山东麦芽口腔连锁机构牙椅设备', 130000.00, 52000.00, 20000.00, 8000.00, NULL, NULL, '2017-05-30', NULL, 1, 3, 6, '2017-04-19 03:39:00', NULL, 5, 1, NULL, 6, 1, 1, 1, 201705, 1),
	(253, 242, 'OPT000164', NULL, 2, 27, 1, '佛山天博瑞口腔牙椅设备', 130000.00, 52000.00, 20000.00, 8000.00, NULL, NULL, '2017-07-30', NULL, 1, 3, 5, '2017-04-25 06:13:32', NULL, 1, 1, NULL, 5, 1, 2, 1, 201705, 1),
	(254, 243, 'OPT000165', NULL, 2, 2, 1, '山东省级机关医院教学设备', 160000.00, 48000.00, 24600.00, 7400.00, NULL, NULL, '2017-05-30', NULL, 1, 3, 6, '2017-04-26 13:57:51', NULL, 5, 1, NULL, 6, 2, 1, 1, 201705, 1),
	(255, 244, 'OPT000166', NULL, 3, 10, 1, '北京军区三门诊社区服务中心影像设备', 480000.00, 240000.00, 73800.00, 36900.00, NULL, NULL, '2017-05-30', NULL, 1, 3, 6, '2017-04-26 15:16:40', NULL, 5, 1, NULL, 6, 2, 1, 1, 201705, 1),
	(284, 128, 'OPT000086', 179, 2, 5, 1, '济南市妇幼保健院手机工具', 37000.00, 11100.00, 6000.00, 2000.00, NULL, NULL, '2017-06-25', '2017-06-25', 4, 7, 6, '2017-02-01 01:19:10', NULL, 2, 1, NULL, 6, 2, 1, 1, 201706, 1),
	(285, 150, 'OPT000108', NULL, 2, 25, 1, '佛山崔医生牙科影像设备', 230000.00, 115000.00, 35400.00, 17700.00, NULL, NULL, '2017-06-10', '2017-06-10', 3, 7, 5, '2017-02-25 23:06:44', NULL, 2, 1, NULL, 5, 1, 2, 1, 201706, 1),
	(286, 167, 'OPT000118', NULL, 2, 107, 1, '宿迁第一人民医院牙椅设备', 130000.00, 52000.00, 20000.00, 8000.00, NULL, NULL, '2017-06-30', NULL, 2, 4, 5, '2017-03-08 10:09:23', NULL, 3, 1, NULL, 5, 2, 2, 1, 201706, 1),
	(287, 174, 'OPT000125', NULL, 2, 8, 1, '青岛市第五医院手机工具', 37000.00, 11100.00, 6000.00, 2000.00, NULL, NULL, '2017-06-28', '2017-06-28', 4, 7, 6, '2017-03-12 08:45:45', NULL, 2, 1, NULL, 6, 2, 1, 1, 201706, 1),
	(288, 180, 'OPT000131', NULL, 2, 58, 1, '湖州市第一人民医院影像设备', 1150000.00, 575000.00, 176900.00, 88500.00, NULL, NULL, '2017-06-18', '2017-06-18', 4, 7, 3, '2017-03-24 17:58:29', NULL, 2, 1, NULL, 3, 2, 2, 1, 201706, 1),
	(289, 183, 'OPT000134', NULL, 3, 11, 1, '国防大学校医院手机工具', 37000.00, 11100.00, 6000.00, 2000.00, NULL, NULL, '2017-06-16', '2017-06-16', 4, 7, 6, '2017-03-25 07:10:37', NULL, 2, 1, NULL, 6, 2, 1, 1, 201706, 1),
	(290, 184, 'OPT000135', NULL, 2, 86, 1, '北京嘉信泽洋口腔诊所手机工具', 33000.00, 9900.00, 5000.00, 2000.00, NULL, NULL, '2017-06-20', '2017-06-20', 4, 7, 6, '2017-03-25 18:45:09', NULL, 2, 1, NULL, 6, 1, 1, 1, 201706, 1),
	(291, 186, 'OPT000137', NULL, 2, 44, 1, '拜博口腔深圳事业部影像设备', 76500.00, 38250.00, 11800.00, 5900.00, NULL, NULL, '2017-06-14', '2017-06-14', 4, 1, 5, '2017-03-26 16:07:11', NULL, 4, 1, NULL, 5, 1, 2, 1, 201706, 1),
	(292, 188, 'OPT000139', NULL, 2, 39, 1, '华西口腔种植医院牙椅设备', 130000.00, 52000.00, 20000.00, 8000.00, NULL, NULL, '2017-06-21', '2017-06-21', 4, 7, 3, '2017-03-27 16:41:13', NULL, 2, 1, NULL, 3, 1, 2, 1, 201706, 1),
	(293, 191, 'OPT000142', NULL, 2, 40, 1, '乐山梁医生诊所影像设备', 230000.00, 115000.00, 35400.00, 17700.00, NULL, NULL, '2017-06-21', '2017-06-21', 4, 7, 3, '2017-03-28 05:01:01', NULL, 2, 1, NULL, 3, 1, 2, 1, 201706, 1),
	(294, 192, 'OPT000143', NULL, 2, 45, 1, '福华中西医院手机工具', 29000.00, 8700.00, 4000.00, 1000.00, NULL, NULL, '2017-06-18', '2017-06-18', 4, 7, 5, '2017-03-30 15:23:17', NULL, 2, 1, NULL, 5, 1, 2, 1, 201706, 1),
	(295, 222, 'OPT000144', NULL, 2, 25, 1, '佛山崔医生牙科手机工具', 100000.00, 30000.00, 15000.00, 5000.00, NULL, NULL, '2017-06-23', '2017-06-23', 4, 7, 5, '2017-04-01 03:07:50', NULL, 2, 1, NULL, 5, 1, 2, 1, 201706, 1),
	(296, 223, 'OPT000145', NULL, 2, 37, 1, '成都温江劲游牙科影像设备', 300000.00, 150000.00, 46200.00, 23100.00, NULL, NULL, '2017-06-26', '2017-06-26', 3, 7, 3, '2017-04-01 12:08:46', NULL, 2, 1, NULL, 3, 1, 2, 1, 201706, 1),
	(297, 226, 'OPT000148', NULL, 2, 31, 1, '南海永福口腔影像设备', 690000.00, 345000.00, 106200.00, 53100.00, NULL, NULL, '2017-06-17', '2017-06-17', 4, 7, 5, '2017-04-04 13:37:02', NULL, 2, 1, NULL, 5, 1, 2, 1, 201706, 1),
	(298, 227, 'OPT000149', NULL, 2, 7, 1, '青岛美伦美口腔门诊部手机工具', 100000.00, 30000.00, 15000.00, 5000.00, NULL, NULL, '2017-07-30', NULL, 4, 6, 6, '2017-04-07 03:01:53', NULL, 1, 1, NULL, 6, 1, 1, 1, 201706, 1),
	(299, 228, 'OPT000150', NULL, 2, 13, 1, '天津滨海东江医院教学设备', 160000.00, 48000.00, 24600.00, 7400.00, NULL, NULL, '2017-08-30', NULL, 4, 6, 6, '2017-04-07 03:24:02', NULL, 1, 1, NULL, 6, 2, 1, 1, 201706, 1),
	(300, 229, 'OPT000151', NULL, 4, 22, 1, '宜昌市中心人民医院牙椅设备', 130000.00, 52000.00, 20000.00, 8000.00, NULL, NULL, '2017-07-30', NULL, 4, 6, 5, '2017-04-09 21:42:21', NULL, 1, 1, NULL, 5, 2, 2, 1, 201706, 1),
	(301, 231, 'OPT000153', NULL, 2, 43, 1, '汶川县人民医院牙椅设备', 130000.00, 52000.00, 20000.00, 8000.00, NULL, NULL, '2017-06-19', '2017-06-19', 2, 7, 3, '2017-04-10 01:06:40', NULL, 2, 1, NULL, 3, 2, 2, 1, 201706, 1),
	(302, 233, 'OPT000155', NULL, 2, 63, 1, '迈皋桥医院手机工具', 29000.00, 8700.00, 4000.00, 1000.00, NULL, NULL, '2017-06-28', '2017-06-28', 4, 7, 3, '2017-04-11 17:48:07', NULL, 2, 1, NULL, 3, 1, 2, 1, 201706, 1),
	(303, 237, 'OPT000159', NULL, 2, 46, 1, '林耿真口腔诊所牙椅设备', 130000.00, 52000.00, 20000.00, 8000.00, NULL, NULL, '2017-06-21', '2017-06-21', 3, 7, 5, '2017-04-17 23:10:58', NULL, 2, 1, NULL, 5, 1, 2, 1, 201706, 1),
	(304, 240, 'OPT000162', NULL, 2, 87, 1, '韩亮口腔诊所牙椅设备', 130000.00, 52000.00, 20000.00, 8000.00, NULL, NULL, '2017-06-30', NULL, 3, 5, 6, '2017-04-21 09:56:19', NULL, 3, 1, NULL, 6, 1, 1, 1, 201706, 1),
	(305, 246, 'OPT000168', NULL, 2, 62, 1, '靖江牙博士口腔门诊影像设备', 230000.00, 115000.00, 35400.00, 17700.00, NULL, NULL, '2017-06-29', '2017-06-29', 3, 7, 3, '2017-04-27 08:01:02', NULL, 2, 1, NULL, 3, 1, 2, 1, 201706, 1),
	(306, 247, 'OPT000169', NULL, 2, 6, 1, '济南市中医院影像设备', 300000.00, 150000.00, 46200.00, 23100.00, NULL, NULL, '2017-06-03', '2017-06-03', 3, 1, 6, '2017-04-28 12:52:12', NULL, 4, 1, NULL, 6, 2, 1, 1, 201706, 1),
	(307, 248, 'OPT000170', NULL, 2, 30, 1, '恒大中心牙椅设备', 130000.00, 52000.00, 20000.00, 8000.00, NULL, NULL, '2017-08-30', NULL, 3, 5, 5, '2017-04-28 18:16:41', NULL, 1, 1, NULL, 5, 1, 2, 1, 201706, 1),
	(308, 249, 'OPT000171', NULL, 2, 24, 1, '大都会国际牙科中心影像设备', 300000.00, 150000.00, 46200.00, 23100.00, NULL, NULL, '2017-06-24', '2017-06-24', 3, 7, 5, '2017-04-29 02:20:48', NULL, 2, 1, NULL, 5, 1, 2, 1, 201706, 1),
	(309, 250, 'OPT000172', NULL, 2, 29, 1, '广东协大口腔医院手机工具', 48000.00, 14400.00, 7000.00, 2000.00, NULL, NULL, '2017-06-27', '2017-06-27', 3, 7, 5, '2017-04-29 02:59:31', NULL, 2, 1, NULL, 5, 1, 2, 1, 201706, 1),
	(310, 253, 'OPT000174', NULL, 3, 18, 1, '中国解放军301医院影像设备', 230000.00, 115000.00, 35400.00, 17700.00, NULL, NULL, '2017-06-06', '2017-06-06', 3, 1, 6, '2017-05-01 00:21:24', NULL, 4, 1, NULL, 6, 2, 1, 1, 201706, 1),
	(311, 256, 'OPT000177', NULL, 2, 5, 1, '济南市妇幼保健院牙椅设备', 130000.00, 52000.00, 20000.00, 8000.00, NULL, NULL, '2017-06-30', NULL, 2, 4, 6, '2017-05-03 06:22:43', NULL, 5, 1, NULL, 6, 2, 1, 1, 201706, 1),
	(312, 258, 'OPT000179', NULL, 2, 41, 1, '眉山市青神悦尔口腔手机工具', 100000.00, 30000.00, 15000.00, 5000.00, NULL, NULL, '2017-07-30', NULL, 3, 5, 3, '2017-05-05 10:02:15', NULL, 1, 1, NULL, 3, 1, 2, 1, 201706, 1),
	(313, 259, 'OPT000180', NULL, 2, 14, 1, '天津人民医院影像设备', 690000.00, 345000.00, 106200.00, 53100.00, NULL, NULL, '2017-06-30', NULL, 3, 5, 6, '2017-05-05 19:25:16', NULL, 5, 1, NULL, 6, 2, 1, 1, 201706, 1),
	(314, 264, 'OPT000185', NULL, 2, 12, 1, '泰达医院牙椅设备', 130000.00, 52000.00, 20000.00, 8000.00, NULL, NULL, '2017-06-30', NULL, 2, 4, 6, '2017-05-14 06:20:49', NULL, 5, 1, NULL, 6, 1, 1, 1, 201706, 1),
	(315, 265, 'OPT000186', NULL, 2, 56, 1, '海安县人民医院手机工具', 48000.00, 14400.00, 7000.00, 2000.00, NULL, NULL, '2017-07-30', NULL, 2, 4, 3, '2017-05-14 09:47:01', NULL, 1, 1, NULL, 3, 2, 2, 1, 201706, 1),
	(316, 266, 'OPT000187', NULL, 2, 23, 1, 'Global Dental 儿童诊所教学设备', 160000.00, 48000.00, 24600.00, 7400.00, NULL, NULL, '2017-06-30', NULL, 2, 4, 5, '2017-05-14 19:10:41', NULL, 5, 1, NULL, 5, 1, 2, 1, 201706, 1),
	(317, 267, 'OPT000188', NULL, 2, 57, 1, '杭州高技街口腔牙椅设备', 130000.00, 52000.00, 20000.00, 8000.00, NULL, NULL, '2017-06-30', NULL, 2, 4, 3, '2017-05-16 05:17:59', NULL, 3, 1, NULL, 3, 1, 2, 1, 201706, 1),
	(318, 272, 'OPT000193', NULL, 2, 65, 1, '南京天使口腔门诊教学设备', 160000.00, 48000.00, 24600.00, 7400.00, NULL, NULL, '2017-06-28', '2017-06-28', 2, 1, 3, '2017-05-21 00:13:20', NULL, 4, 1, NULL, 3, 1, 2, 1, 201706, 1),
	(319, 277, 'OPT000198', NULL, 2, 64, 1, '南京市口腔医院牙椅设备', 130000.00, 52000.00, 20000.00, 8000.00, NULL, NULL, '2017-06-30', NULL, 2, 4, 3, '2017-05-25 19:42:09', NULL, 5, 1, NULL, 3, 2, 2, 1, 201706, 1),
	(347, 181, 'OPT000132', NULL, 2, 15, 1, '天津市口腔医院影像设备', 300000.00, 150000.00, 46200.00, 23100.00, NULL, NULL, '2017-07-03', '2017-07-03', 3, 7, 6, '2017-03-25 04:29:57', NULL, 2, 1, NULL, 6, 2, 1, 1, 201707, 1),
	(348, 225, 'OPT000147', NULL, 2, 28, 1, '佛山向阳医院影像设备', 1250000.00, 625000.00, 192300.00, 96200.00, NULL, NULL, '2017-07-17', '2017-07-17', 3, 7, 5, '2017-04-04 06:54:32', NULL, 2, 1, NULL, 5, 1, 2, 1, 201707, 1),
	(349, 227, 'OPT000149', NULL, 2, 7, 1, '青岛美伦美口腔门诊部手机工具', 100000.00, 30000.00, 15000.00, 5000.00, NULL, NULL, '2017-07-27', '2017-07-27', 4, 7, 6, '2017-04-07 03:01:53', NULL, 2, 1, NULL, 6, 1, 1, 1, 201707, 1),
	(350, 229, 'OPT000151', NULL, 4, 22, 1, '宜昌市中心人民医院牙椅设备', 130000.00, 52000.00, 20000.00, 8000.00, NULL, NULL, '2017-09-30', NULL, 4, 6, 5, '2017-04-09 21:42:21', NULL, 1, 1, NULL, 5, 2, 2, 1, 201707, 1),
	(351, 241, 'OPT000163', NULL, 2, 90, 1, '北京儿童医院牙椅设备', 130000.00, 52000.00, 20000.00, 8000.00, NULL, NULL, '2017-07-28', '2017-07-28', 4, 7, 6, '2017-04-23 17:43:04', NULL, 2, 1, NULL, 6, 2, 1, 1, 201707, 1),
	(352, 242, 'OPT000164', NULL, 2, 27, 1, '佛山天博瑞口腔牙椅设备', 130000.00, 52000.00, 20000.00, 8000.00, NULL, NULL, '2017-07-22', '2017-07-22', 1, 7, 5, '2017-04-25 06:13:32', NULL, 2, 1, NULL, 5, 1, 2, 1, 201707, 1),
	(353, 245, 'OPT000167', NULL, 2, 67, 1, '宁海口腔医院手机工具', 29000.00, 8700.00, 4000.00, 1000.00, NULL, NULL, '2017-07-18', '2017-07-18', 4, 7, 3, '2017-04-26 22:53:42', NULL, 2, 1, NULL, 3, 2, 2, 1, 201707, 1),
	(354, 251, 'OPT000173', NULL, 2, 49, 1, '深圳市龙华人民医院牙椅设备', 130000.00, 52000.00, 20000.00, 8000.00, NULL, NULL, '2017-07-30', NULL, 4, 6, 5, '2017-04-29 22:18:14', NULL, 5, 1, NULL, 5, 2, 2, 1, 201707, 1),
	(355, 254, 'OPT000175', NULL, 2, 43, 1, '汶川县人民医院教学设备', 160000.00, 48000.00, 24600.00, 7400.00, NULL, NULL, '2017-07-24', '2017-07-24', 4, 7, 3, '2017-05-01 02:14:19', NULL, 2, 1, NULL, 3, 2, 2, 1, 201707, 1),
	(356, 255, 'OPT000176', NULL, 2, 33, 1, '清远市妇幼保健院牙椅设备', 130000.00, 52000.00, 20000.00, 8000.00, NULL, NULL, '2017-07-26', '2017-07-26', 4, 7, 5, '2017-05-03 03:47:24', NULL, 2, 1, NULL, 5, 2, 2, 1, 201707, 1),
	(357, 257, 'OPT000178', NULL, 2, 32, 1, '祈福医院手机工具', 48000.00, 14400.00, 7000.00, 2000.00, NULL, NULL, '2017-08-30', NULL, 4, 6, 5, '2017-05-04 14:26:35', NULL, 1, 1, NULL, 5, 1, 2, 1, 201707, 1),
	(358, 258, 'OPT000179', NULL, 2, 41, 1, '眉山市青神悦尔口腔手机工具', 100000.00, 30000.00, 15000.00, 5000.00, NULL, NULL, '2017-07-14', '2017-07-14', 3, 7, 3, '2017-05-05 10:02:15', NULL, 2, 1, NULL, 3, 1, 2, 1, 201707, 1),
	(359, 260, 'OPT000181', NULL, 2, 91, 1, '北京航天中心医院(721医院)教学设备', 160000.00, 48000.00, 24600.00, 7400.00, NULL, NULL, '2017-07-20', '2017-07-20', 4, 7, 6, '2017-05-06 00:31:36', NULL, 2, 1, NULL, 6, 2, 1, 1, 201707, 1),
	(360, 261, 'OPT000182', NULL, 2, 61, 1, '江苏省人民医院影像设备', 570000.00, 285000.00, 87700.00, 43800.00, NULL, NULL, '2017-07-28', '2017-07-28', 4, 7, 3, '2017-05-06 03:31:49', NULL, 2, 1, NULL, 3, 2, 2, 1, 201707, 1),
	(361, 262, 'OPT000183', NULL, 2, 28, 1, '佛山向阳医院手机工具', 100000.00, 30000.00, 15000.00, 5000.00, NULL, NULL, '2017-09-30', NULL, 4, 6, 5, '2017-05-10 11:43:41', NULL, 1, 1, NULL, 5, 1, 2, 1, 201707, 1),
	(362, 263, 'OPT000184', NULL, 2, 48, 1, '汕头市潮阳区郑则洪口腔诊所手机工具', 29000.00, 8700.00, 4000.00, 1000.00, NULL, NULL, '2017-07-30', '2017-07-30', 4, 7, 5, '2017-05-12 01:04:55', NULL, 2, 1, NULL, 5, 1, 2, 1, 201707, 1),
	(363, 265, 'OPT000186', NULL, 2, 56, 1, '海安县人民医院手机工具', 48000.00, 14400.00, 7000.00, 2000.00, NULL, NULL, '2017-07-05', '2017-07-05', 2, 7, 3, '2017-05-14 09:47:01', NULL, 2, 1, NULL, 3, 2, 2, 1, 201707, 1),
	(364, 268, 'OPT000189', NULL, 2, 89, 1, '北京朝阳医院手机工具', 33000.00, 9900.00, 5000.00, 2000.00, NULL, NULL, '2017-08-30', NULL, 4, 6, 6, '2017-05-17 02:37:59', NULL, 1, 1, NULL, 6, 2, 1, 1, 201707, 1),
	(365, 269, 'OPT000190', NULL, 2, 42, 1, '眉山市中医院牙椅设备', 130000.00, 52000.00, 20000.00, 8000.00, NULL, NULL, '2017-07-20', '2017-07-20', 3, 7, 3, '2017-05-17 18:37:10', NULL, 2, 1, NULL, 3, 2, 2, 1, 201707, 1),
	(366, 270, 'OPT000191', NULL, 3, 10, 1, '北京军区三门诊社区服务中心手机工具', 100000.00, 30000.00, 15000.00, 5000.00, NULL, NULL, '2017-08-30', NULL, 3, 5, 6, '2017-05-19 00:41:07', NULL, 1, 1, NULL, 6, 2, 1, 1, 201707, 1),
	(367, 271, 'OPT000192', NULL, 2, 88, 1, '明德医院影像设备', 76500.00, 38250.00, 11800.00, 5900.00, NULL, NULL, '2017-07-30', NULL, 4, 6, 6, '2017-05-19 10:50:49', NULL, 3, 1, NULL, 6, 1, 1, 1, 201707, 1),
	(368, 273, 'OPT000194', NULL, 2, 16, 1, '天津医院牙椅设备', 130000.00, 52000.00, 20000.00, 8000.00, NULL, NULL, '2017-07-15', '2017-07-15', 3, 1, 6, '2017-05-21 12:40:35', NULL, 4, 1, NULL, 6, 2, 1, 1, 201707, 1),
	(369, 274, 'OPT000195', NULL, 2, 59, 1, '湖州市中心医院手机工具', 48000.00, 14400.00, 7000.00, 2000.00, NULL, NULL, '2017-07-24', '2017-07-24', 3, 7, 3, '2017-05-24 12:06:52', NULL, 2, 1, NULL, 3, 2, 2, 1, 201707, 1),
	(370, 278, 'OPT000199', NULL, 2, 68, 1, '山德齿科牙椅设备', 130000.00, 52000.00, 20000.00, 8000.00, NULL, NULL, '2017-09-30', NULL, 3, 5, 3, '2017-05-26 19:26:24', NULL, 1, 1, NULL, 3, 1, 2, 1, 201707, 1),
	(371, 279, 'OPT000200', NULL, 2, 27, 1, '佛山天博瑞口腔影像设备', 230000.00, 115000.00, 35400.00, 17700.00, NULL, NULL, '2017-07-29', '2017-07-29', 3, 7, 5, '2017-05-29 03:14:28', NULL, 2, 1, NULL, 5, 1, 2, 1, 201707, 1),
	(372, 284, 'OPT000202', NULL, 2, 55, 1, '峰江街道社区卫生服务中心手机工具', 100000.00, 30000.00, 15000.00, 5000.00, NULL, NULL, '2017-09-30', NULL, 2, 4, 3, '2017-06-03 07:15:44', NULL, 1, 1, NULL, 3, 2, 2, 1, 201707, 1),
	(373, 285, 'OPT000203', NULL, 3, 9, 1, '中国人民解放军第一七五医院影像设备', 300000.00, 150000.00, 46200.00, 23100.00, NULL, NULL, '2017-07-23', '2017-07-23', 3, 1, 6, '2017-06-06 04:10:47', NULL, 4, 1, NULL, 6, 2, 1, 1, 201707, 1),
	(374, 286, 'OPT000204', NULL, 2, 60, 1, '键卫口腔牙椅设备', 130000.00, 52000.00, 20000.00, 8000.00, NULL, NULL, '2017-07-30', NULL, 3, 5, 3, '2017-06-06 07:07:17', NULL, 3, 1, NULL, 3, 1, 2, 1, 201707, 1),
	(375, 287, 'OPT000205', NULL, 2, 35, 1, '信宜口腔门诊医院影像设备', 1150000.00, 575000.00, 176900.00, 88500.00, NULL, NULL, '2017-07-02', '2017-07-02', 2, 1, 5, '2017-06-07 03:08:16', NULL, 4, 1, NULL, 5, 1, 2, 1, 201707, 1),
	(376, 293, 'OPT000211', NULL, 2, 66, 1, '南通市口腔医院影像设备', 690000.00, 345000.00, 106200.00, 53100.00, NULL, NULL, '2017-07-22', '2017-07-22', 2, 1, 3, '2017-06-12 18:11:04', NULL, 4, 1, NULL, 3, 2, 2, 1, 201707, 1),
	(377, 296, 'OPT000214', NULL, 2, 26, 1, '佛山市口腔医院牙椅设备', 130000.00, 52000.00, 20000.00, 8000.00, NULL, NULL, '2017-07-30', NULL, 1, 3, 5, '2017-06-20 02:06:18', NULL, 3, 1, NULL, 5, 2, 2, 1, 201707, 1),
	(378, 297, 'OPT000215', NULL, 2, 15, 1, '天津市口腔医院手机工具', 37000.00, 11100.00, 6000.00, 2000.00, NULL, NULL, '2017-07-30', NULL, 2, 4, 6, '2017-06-20 11:03:20', NULL, 5, 1, NULL, 6, 2, 1, 1, 201707, 1),
	(379, 303, 'OPT000221', NULL, 2, 54, 1, '常州北极星口腔门诊部影像设备', 76500.00, 38250.00, 11800.00, 5900.00, NULL, NULL, '2017-07-30', NULL, 1, 3, 3, '2017-06-24 04:42:30', NULL, 5, 1, NULL, 3, 1, 2, 1, 201707, 1),
	(380, 304, 'OPT000222', NULL, 2, 34, 1, '若德口腔门诊教学设备', 160000.00, 48000.00, 24600.00, 7400.00, NULL, NULL, '2017-07-16', '2017-07-16', 1, 7, 5, '2017-06-24 06:46:43', NULL, 2, 1, NULL, 5, 1, 2, 1, 201707, 1),
	(381, 305, 'OPT000223', NULL, 2, 47, 1, '梅州市大埔县人民医院影像设备', 230000.00, 115000.00, 35400.00, 17700.00, NULL, NULL, '2017-07-16', '2017-07-16', 1, 7, 5, '2017-06-26 08:55:20', NULL, 2, 1, NULL, 5, 2, 2, 1, 201707, 1),
	(382, 307, 'OPT000225', NULL, 2, 8, 1, '青岛市第五医院牙椅设备', 130000.00, 52000.00, 20000.00, 8000.00, NULL, NULL, '2017-07-30', NULL, 1, 3, 6, '2017-06-26 15:28:46', NULL, 5, 1, NULL, 6, 2, 1, 1, 201707, 1),
	(383, 309, 'OPT000227', NULL, 2, 17, 1, '天津中北镇社区服务中心影像设备', 690000.00, 345000.00, 106200.00, 53100.00, NULL, NULL, '2017-07-30', NULL, 1, 3, 6, '2017-06-26 22:53:16', NULL, 5, 1, NULL, 6, 2, 1, 1, 201707, 1),
	(410, 228, 'OPT000150', NULL, 2, 13, 1, '天津滨海东江医院教学设备', 160000.00, 48000.00, 24600.00, 7400.00, NULL, NULL, '2017-08-18', '2017-08-18', 4, 7, 6, '2017-04-07 03:24:02', NULL, 2, 1, NULL, 6, 2, 1, 1, 201708, 1),
	(411, 248, 'OPT000170', NULL, 2, 30, 1, '恒大中心牙椅设备', 130000.00, 52000.00, 20000.00, 8000.00, NULL, NULL, '2017-08-30', NULL, 3, 5, 5, '2017-04-28 18:16:41', NULL, 3, 1, NULL, 5, 1, 2, 1, 201708, 1),
	(412, 257, 'OPT000178', NULL, 2, 32, 1, '祈福医院手机工具', 48000.00, 14400.00, 7000.00, 2000.00, NULL, NULL, '2017-08-18', '2017-08-18', 4, 7, 5, '2017-05-04 14:26:35', NULL, 2, 1, NULL, 5, 1, 2, 1, 201708, 1),
	(413, 268, 'OPT000189', NULL, 2, 89, 1, '北京朝阳医院手机工具', 33000.00, 9900.00, 5000.00, 2000.00, NULL, NULL, '2017-08-16', '2017-08-16', 4, 7, 6, '2017-05-17 02:37:59', NULL, 2, 1, NULL, 6, 2, 1, 1, 201708, 1),
	(414, 270, 'OPT000191', NULL, 3, 10, 1, '北京军区三门诊社区服务中心手机工具', 100000.00, 30000.00, 15000.00, 5000.00, NULL, NULL, '2017-08-26', '2017-08-26', 3, 7, 6, '2017-05-19 00:41:07', NULL, 2, 1, NULL, 6, 2, 1, 1, 201708, 1),
	(415, 275, 'OPT000196', NULL, 2, 58, 1, '湖州市第一人民医院手机工具', 100000.00, 30000.00, 15000.00, 5000.00, NULL, NULL, '2017-08-12', '2017-08-12', 4, 7, 3, '2017-05-25 06:36:12', NULL, 2, 1, NULL, 3, 2, 2, 1, 201708, 1),
	(416, 276, 'OPT000197', NULL, 2, 44, 1, '拜博口腔深圳事业部手机工具', 48000.00, 14400.00, 7000.00, 2000.00, NULL, NULL, '2017-08-18', '2017-08-18', 4, 7, 5, '2017-05-25 17:45:58', NULL, 2, 1, NULL, 5, 1, 2, 1, 201708, 1),
	(417, 280, 'OPT000201', NULL, 3, 18, 1, '中国解放军301医院手机工具', 37000.00, 11100.00, 6000.00, 2000.00, NULL, NULL, '2017-08-24', '2017-08-24', 4, 7, 6, '2017-05-29 12:38:38', NULL, 2, 1, NULL, 6, 2, 1, 1, 201708, 1),
	(418, 288, 'OPT000206', NULL, 2, 62, 1, '靖江牙博士口腔门诊手机工具', 48000.00, 14400.00, 7000.00, 2000.00, NULL, NULL, '2017-08-18', '2017-08-18', 4, 7, 3, '2017-06-08 10:15:02', NULL, 2, 1, NULL, 3, 1, 2, 1, 201708, 1),
	(419, 289, 'OPT000207', NULL, 2, 45, 1, '福华中西医院牙椅设备', 130000.00, 52000.00, 20000.00, 8000.00, NULL, NULL, '2017-08-26', '2017-08-26', 4, 7, 5, '2017-06-08 13:08:16', NULL, 2, 1, NULL, 5, 1, 2, 1, 201708, 1),
	(420, 290, 'OPT000208', NULL, 2, 93, 1, '北京协和医院手机工具', 33000.00, 9900.00, 5000.00, 2000.00, NULL, NULL, '2017-08-29', '2017-08-29', 4, 7, 6, '2017-06-09 22:31:12', NULL, 2, 1, NULL, 6, 2, 1, 1, 201708, 1),
	(421, 291, 'OPT000209', NULL, 2, 57, 1, '杭州高技街口腔影像设备', 230000.00, 115000.00, 35400.00, 17700.00, NULL, NULL, '2017-08-24', '2017-08-24', 4, 7, 3, '2017-06-10 01:52:52', NULL, 2, 1, NULL, 3, 1, 2, 1, 201708, 1),
	(422, 292, 'OPT000210', NULL, 2, 86, 1, '北京嘉信泽洋口腔诊所牙椅设备', 130000.00, 52000.00, 20000.00, 8000.00, NULL, NULL, '2017-10-30', NULL, 4, 6, 6, '2017-06-10 07:53:19', NULL, 1, 1, NULL, 6, 1, 1, 1, 201708, 1),
	(423, 294, 'OPT000212', NULL, 2, 31, 1, '南海永福口腔手机工具', 100000.00, 30000.00, 15000.00, 5000.00, NULL, NULL, '2017-08-30', NULL, 3, 5, 5, '2017-06-18 15:07:03', NULL, 5, 1, NULL, 5, 1, 2, 1, 201708, 1),
	(424, 295, 'OPT000213', NULL, 4, 70, 1, '苏州工业园区星海医院手机工具', 29000.00, 8700.00, 4000.00, 1000.00, NULL, NULL, '2017-08-27', '2017-08-27', 3, 7, 3, '2017-06-19 23:06:41', NULL, 2, 1, NULL, 3, 2, 2, 1, 201708, 1),
	(425, 298, 'OPT000216', NULL, 2, 29, 1, '广东协大口腔医院牙椅设备', 130000.00, 52000.00, 20000.00, 8000.00, NULL, NULL, '2017-08-27', '2017-08-27', 4, 1, 5, '2017-06-20 18:06:56', NULL, 4, 1, NULL, 5, 1, 2, 1, 201708, 1),
	(426, 299, 'OPT000217', NULL, 2, 46, 1, '林耿真口腔诊所影像设备', 570000.00, 285000.00, 87700.00, 43800.00, NULL, NULL, '2017-08-29', '2017-08-29', 3, 7, 5, '2017-06-22 06:22:38', NULL, 2, 1, NULL, 5, 1, 2, 1, 201708, 1),
	(427, 300, 'OPT000218', NULL, 2, 53, 1, '珠海市口腔医院教学设备', 160000.00, 48000.00, 24600.00, 7400.00, NULL, NULL, '2017-10-30', NULL, 3, 5, 5, '2017-06-23 06:05:30', NULL, 1, 1, NULL, 5, 2, 2, 1, 201708, 1),
	(428, 306, 'OPT000224', NULL, 2, 56, 1, '海安县人民医院牙椅设备', 240000.00, 96000.00, 37000.00, 14800.00, NULL, NULL, '2017-08-29', '2017-08-29', 3, 7, 3, '2017-06-26 09:56:07', NULL, 2, 1, NULL, 3, 2, 2, 1, 201708, 1),
	(429, 311, 'OPT000229', NULL, 4, 69, 1, '上虞人民医院影像设备', 690000.00, 345000.00, 106200.00, 53100.00, NULL, NULL, '2017-08-26', '2017-08-26', 3, 7, 3, '2017-06-27 09:23:42', NULL, 2, 1, NULL, 3, 2, 2, 1, 201708, 1),
	(430, 314, 'OPT000232', NULL, 2, 63, 1, '迈皋桥医院牙椅设备', 130000.00, 52000.00, 20000.00, 8000.00, NULL, NULL, '2017-09-30', NULL, 3, 5, 3, '2017-06-28 15:39:06', NULL, 1, 1, NULL, 3, 1, 2, 1, 201708, 1),
	(431, 316, 'OPT000234', NULL, 2, 92, 1, '北京市口腔医院影像设备', 480000.00, 240000.00, 73800.00, 36900.00, NULL, NULL, '2017-09-30', NULL, 3, 5, 6, '2017-06-29 21:32:32', NULL, 1, 1, NULL, 6, 2, 1, 1, 201708, 1),
	(432, 347, 'OPT000235', NULL, 2, 52, 1, '友睦齿科牙椅设备', 130000.00, 52000.00, 20000.00, 8000.00, NULL, NULL, '2017-08-30', '2017-08-30', 3, 7, 5, '2017-07-02 07:31:59', NULL, 2, 1, NULL, 5, 1, 2, 1, 201708, 1),
	(433, 348, 'OPT000236', NULL, 2, 65, 1, '南京天使口腔门诊教影像设备', 300000.00, 150000.00, 46200.00, 23100.00, NULL, NULL, '2017-10-30', NULL, 3, 5, 3, '2017-07-05 05:49:19', NULL, 1, 1, NULL, 3, 1, 2, 1, 201708, 1),
	(434, 351, 'OPT000239', NULL, 2, 94, 1, '北京中日友好医院牙椅设备', 130000.00, 52000.00, 20000.00, 8000.00, NULL, NULL, '2017-08-30', NULL, 2, 4, 6, '2017-07-10 14:08:46', NULL, 3, 1, NULL, 6, 1, 1, 1, 201708, 1),
	(435, 352, 'OPT000240', NULL, 2, 12, 1, '泰达医院教学设备', 100000.00, 30000.00, 15000.00, 5000.00, NULL, NULL, '2017-08-22', '2017-08-22', 2, 1, 6, '2017-07-11 13:46:19', NULL, 4, 1, NULL, 6, 1, 1, 1, 201708, 1),
	(436, 353, 'OPT000241', NULL, 2, 64, 1, '南京市口腔医院教学设备', 100000.00, 30000.00, 15000.00, 5000.00, NULL, NULL, '2017-08-30', NULL, 2, 4, 3, '2017-07-12 00:58:00', NULL, 3, 1, NULL, 3, 2, 2, 1, 201708, 1),
	(437, 354, 'OPT000242', NULL, 2, 50, 1, '深圳市南山区西丽人民医院影像设备', 1250000.00, 625000.00, 192300.00, 96200.00, NULL, NULL, '2017-08-29', '2017-08-29', 2, 7, 5, '2017-07-12 18:41:06', NULL, 2, 1, NULL, 5, 2, 2, 1, 201708, 1),
	(438, 356, 'OPT000244', NULL, 3, 11, 1, '国防大学校医院牙椅设备', 130000.00, 52000.00, 20000.00, 8000.00, NULL, NULL, '2017-08-10', '2017-08-10', 2, 1, 6, '2017-07-15 20:00:28', NULL, 4, 1, NULL, 6, 2, 1, 1, 201708, 1),
	(439, 357, 'OPT000245', NULL, 4, 71, 1, '苏州市高新区科技城医院牙椅设备', 130000.00, 52000.00, 20000.00, 8000.00, NULL, NULL, '2017-08-03', '2017-08-03', 2, 1, 3, '2017-07-16 10:58:45', NULL, 4, 1, NULL, 3, 2, 2, 1, 201708, 1),
	(440, 358, 'OPT000246', NULL, 2, 14, 1, '天津人民医院手机工具', 100000.00, 30000.00, 15000.00, 5000.00, NULL, NULL, '2017-08-30', NULL, 2, 4, 6, '2017-07-17 11:47:46', NULL, 5, 1, NULL, 6, 2, 1, 1, 201708, 1),
	(441, 360, 'OPT000248', NULL, 2, 13, 1, '天津滨海东江医院影像设备', 230000.00, 115000.00, 35400.00, 17700.00, NULL, NULL, '2017-08-30', NULL, 2, 4, 6, '2017-07-18 05:31:36', NULL, 5, 1, NULL, 6, 2, 1, 1, 201708, 1),
	(442, 366, 'OPT000254', NULL, 2, 51, 1, '兴宁市人民医院手机工具', 29000.00, 8700.00, 4000.00, 1000.00, NULL, NULL, '2017-09-30', NULL, 1, 3, 5, '2017-07-25 23:16:00', NULL, 1, 1, NULL, 5, 2, 2, 1, 201708, 1),
	(443, 367, 'OPT000255', NULL, 2, 87, 1, '韩亮口腔诊所影像设备', 1150000.00, 575000.00, 176900.00, 88500.00, NULL, NULL, '2017-08-30', NULL, 1, 3, 6, '2017-07-26 00:10:59', NULL, 5, 1, NULL, 6, 1, 1, 1, 201708, 1),
	(444, 369, 'OPT000257', NULL, 2, 30, 1, '恒大中心影像设备', 76500.00, 38250.00, 11800.00, 5900.00, NULL, NULL, '2017-08-15', '2017-08-15', 1, 7, 5, '2017-07-27 06:32:54', NULL, 2, 1, NULL, 5, 1, 2, 1, 201708, 1),
	(473, 229, 'OPT000151', NULL, 4, 22, 1, '宜昌市中心人民医院牙椅设备', 130000.00, 52000.00, 20000.00, 8000.00, NULL, NULL, '2017-09-25', '2017-09-25', 4, 7, 5, '2017-04-09 21:42:21', NULL, 2, 1, NULL, 5, 2, 2, 1, 201709, 1),
	(474, 262, 'OPT000183', NULL, 2, 28, 1, '佛山向阳医院手机工具', 100000.00, 30000.00, 15000.00, 5000.00, NULL, NULL, '2017-09-10', '2017-09-10', 4, 7, 5, '2017-05-10 11:43:41', NULL, 2, 1, NULL, 5, 1, 2, 1, 201709, 1),
	(475, 278, 'OPT000199', NULL, 2, 68, 1, '山德齿科牙椅设备', 130000.00, 52000.00, 20000.00, 8000.00, NULL, NULL, '2017-09-09', '2017-09-09', 3, 7, 3, '2017-05-26 19:26:24', NULL, 2, 1, NULL, 3, 1, 2, 1, 201709, 1),
	(476, 284, 'OPT000202', NULL, 2, 55, 1, '峰江街道社区卫生服务中心手机工具', 100000.00, 30000.00, 15000.00, 5000.00, NULL, NULL, '2017-09-16', '2017-09-16', 2, 7, 3, '2017-06-03 07:15:44', NULL, 2, 1, NULL, 3, 2, 2, 1, 201709, 1),
	(477, 301, 'OPT000219', NULL, 2, 95, 1, '朝阳区社区卫生服务管理中心影像设备', 690000.00, 345000.00, 106200.00, 53100.00, NULL, NULL, '2017-09-21', '2017-09-21', 4, 7, 6, '2017-06-23 13:53:24', NULL, 2, 1, NULL, 6, 2, 1, 1, 201709, 1),
	(478, 302, 'OPT000220', NULL, 2, 90, 1, '北京儿童医院教学设备', 100000.00, 30000.00, 15000.00, 5000.00, NULL, NULL, '2017-09-12', '2017-09-12', 4, 7, 6, '2017-06-24 02:40:23', NULL, 2, 1, NULL, 6, 2, 1, 1, 201709, 1),
	(479, 308, 'OPT000226', NULL, 2, 34, 1, '若德口腔门诊影像设备', 230000.00, 115000.00, 35400.00, 17700.00, NULL, NULL, '2017-11-30', NULL, 4, 6, 5, '2017-06-26 19:55:17', NULL, 1, 1, NULL, 5, 1, 2, 1, 201709, 1),
	(480, 310, 'OPT000228', NULL, 2, 35, 1, '信宜口腔门诊医院手机工具', 100000.00, 30000.00, 15000.00, 5000.00, NULL, NULL, '2017-09-30', NULL, 4, 6, 5, '2017-06-27 00:45:33', NULL, 3, 1, NULL, 5, 1, 2, 1, 201709, 1),
	(481, 312, 'OPT000230', NULL, 4, 74, 1, '温岭郎德口腔门诊牙椅设备', 240000.00, 96000.00, 37000.00, 14800.00, NULL, NULL, '2017-09-22', '2017-09-22', 4, 7, 3, '2017-06-28 05:06:21', NULL, 2, 1, NULL, 3, 1, 2, 1, 201709, 1),
	(482, 313, 'OPT000231', NULL, 2, 99, 1, '连云港妇幼保健医院牙椅设备', 240000.00, 96000.00, 37000.00, 14800.00, NULL, NULL, '2017-09-23', '2017-09-23', 4, 7, 5, '2017-06-28 13:53:15', NULL, 2, 1, NULL, 5, 2, 2, 1, 201709, 1),
	(483, 314, 'OPT000232', NULL, 2, 63, 1, '迈皋桥医院牙椅设备', 130000.00, 52000.00, 20000.00, 8000.00, NULL, NULL, '2017-09-05', '2017-09-05', 3, 7, 3, '2017-06-28 15:39:06', NULL, 2, 1, NULL, 3, 1, 2, 1, 201709, 1),
	(484, 315, 'OPT000233', NULL, 2, 67, 1, '宁海口腔医院牙椅设备', 240000.00, 96000.00, 37000.00, 14800.00, NULL, NULL, '2017-09-18', '2017-09-18', 4, 7, 3, '2017-06-29 15:38:16', NULL, 2, 1, NULL, 3, 2, 2, 1, 201709, 1),
	(485, 316, 'OPT000234', NULL, 2, 92, 1, '北京市口腔医院影像设备', 480000.00, 240000.00, 73800.00, 36900.00, NULL, NULL, '2017-09-18', '2017-09-18', 3, 7, 6, '2017-06-29 21:32:32', NULL, 2, 1, NULL, 6, 2, 1, 1, 201709, 1),
	(486, 349, 'OPT000237', NULL, 2, 60, 1, '键卫口腔影像设备', 690000.00, 345000.00, 106200.00, 53100.00, NULL, NULL, '2017-09-20', '2017-09-20', 4, 7, 3, '2017-07-06 20:30:02', NULL, 2, 1, NULL, 3, 1, 2, 1, 201709, 1),
	(487, 350, 'OPT000238', NULL, 2, 110, 1, '韩大夫口腔牙椅设备', 240000.00, 96000.00, 37000.00, 14800.00, NULL, NULL, '2017-09-26', '2017-09-26', 4, 7, 6, '2017-07-08 17:35:06', NULL, 2, 1, NULL, 6, 1, 1, 1, 201709, 1),
	(488, 355, 'OPT000243', NULL, 4, 72, 1, '苏州市吴中区人民医院影像设备', 1150000.00, 575000.00, 176900.00, 88500.00, NULL, NULL, '2017-09-29', '2017-09-29', 4, 7, 3, '2017-07-13 21:23:35', NULL, 2, 1, NULL, 3, 2, 2, 1, 201709, 1),
	(489, 359, 'OPT000247', NULL, 2, 88, 1, '明德医院手机工具', 37000.00, 11100.00, 6000.00, 2000.00, NULL, NULL, '2017-10-30', NULL, 4, 6, 6, '2017-07-17 13:08:37', NULL, 1, 1, NULL, 6, 1, 1, 1, 201709, 1),
	(490, 361, 'OPT000249', NULL, 2, 59, 1, '湖州市中心医院牙椅设备', 480000.00, 192000.00, 73800.00, 29600.00, NULL, NULL, '2017-11-30', NULL, 4, 6, 3, '2017-07-18 14:42:33', NULL, 1, 1, NULL, 3, 2, 2, 1, 201709, 1),
	(491, 362, 'OPT000250', NULL, 4, 75, 1, '温州医科大学附属口腔医院教学设备', 100000.00, 30000.00, 15000.00, 5000.00, NULL, NULL, '2017-11-30', NULL, 3, 5, 3, '2017-07-23 20:28:03', NULL, 1, 1, NULL, 3, 2, 2, 1, 201709, 1),
	(492, 363, 'OPT000251', NULL, 2, 97, 1, '淮安诺贝尔口腔医院影像设备', 690000.00, 345000.00, 106200.00, 53100.00, NULL, NULL, '2017-09-29', '2017-09-29', 3, 7, 5, '2017-07-24 10:04:33', NULL, 2, 1, NULL, 5, 1, 2, 1, 201709, 1),
	(493, 366, 'OPT000254', NULL, 2, 51, 1, '兴宁市人民医院手机工具', 29000.00, 8700.00, 4000.00, 1000.00, NULL, NULL, '2017-09-07', '2017-09-07', 1, 7, 5, '2017-07-25 23:16:00', NULL, 2, 1, NULL, 5, 2, 2, 1, 201709, 1),
	(494, 368, 'OPT000256', NULL, 2, 98, 1, '江苏省中医院手机工具', 33000.00, 9900.00, 5000.00, 2000.00, NULL, NULL, '2017-09-29', '2017-09-29', 3, 7, 5, '2017-07-26 18:24:54', NULL, 2, 1, NULL, 5, 2, 2, 1, 201709, 1),
	(495, 370, 'OPT000258', NULL, 2, 48, 1, '汕头市潮阳区郑则洪口腔诊所牙椅设备', 240000.00, 96000.00, 37000.00, 14800.00, NULL, NULL, '2017-11-30', NULL, 3, 5, 5, '2017-07-27 21:39:45', NULL, 1, 1, NULL, 5, 1, 2, 1, 201709, 1),
	(496, 371, 'OPT000259', NULL, 4, 73, 1, '台州医院路桥分院手机工具', 29000.00, 8700.00, 4000.00, 1000.00, NULL, NULL, '2017-09-30', NULL, 3, 5, 3, '2017-07-28 17:26:46', NULL, 3, 1, NULL, 3, 1, 2, 1, 201709, 1),
	(497, 379, 'OPT000262', NULL, 2, 33, 1, '清远市妇幼保健院教学设备', 100000.00, 30000.00, 15000.00, 5000.00, NULL, NULL, '2017-09-22', '2017-09-22', 3, 1, 5, '2017-08-04 08:24:13', NULL, 4, 1, NULL, 5, 2, 2, 1, 201709, 1),
	(498, 380, 'OPT000263', NULL, 2, 91, 1, '北京航天中心医院(721医院)影像设备', 570000.00, 285000.00, 87700.00, 43800.00, NULL, NULL, '2017-10-30', NULL, 3, 5, 6, '2017-08-04 23:00:24', NULL, 1, 1, NULL, 6, 2, 1, 1, 201709, 1),
	(499, 382, 'OPT000265', NULL, 2, 17, 1, '天津中北镇社区服务中心手机工具', 100000.00, 30000.00, 15000.00, 5000.00, NULL, NULL, '2017-09-30', NULL, 3, 5, 6, '2017-08-08 20:22:26', NULL, 3, 1, NULL, 6, 2, 1, 1, 201709, 1),
	(500, 383, 'OPT000266', NULL, 2, 89, 1, '北京朝阳医院牙椅设备', 240000.00, 96000.00, 37000.00, 14800.00, NULL, NULL, '2017-09-18', '2017-09-18', 2, 1, 6, '2017-08-09 01:30:25', NULL, 4, 1, NULL, 6, 2, 1, 1, 201709, 1),
	(501, 384, 'OPT000267', NULL, 2, 96, 1, '欢乐口腔手机工具', 33000.00, 9900.00, 5000.00, 2000.00, NULL, NULL, '2017-09-18', '2017-09-18', 2, 1, 6, '2017-08-10 04:52:08', NULL, 4, 1, NULL, 6, 1, 1, 1, 201709, 1),
	(502, 387, 'OPT000270', NULL, 2, 32, 1, '祈福医院牙椅设备', 480000.00, 192000.00, 73800.00, 29600.00, NULL, NULL, '2017-10-30', NULL, 2, 4, 5, '2017-08-12 14:24:03', NULL, 1, 1, NULL, 5, 1, 2, 1, 201709, 1),
	(503, 388, 'OPT000271', NULL, 2, 49, 1, '深圳市龙华人民医院影像设备', 300000.00, 150000.00, 46200.00, 23100.00, NULL, NULL, '2017-09-29', '2017-09-29', 2, 7, 5, '2017-08-14 05:19:22', NULL, 2, 1, NULL, 5, 2, 2, 1, 201709, 1),
	(504, 391, 'OPT000274', NULL, 2, 15, 1, '天津市口腔医院牙椅设备', 480000.00, 192000.00, 73800.00, 29600.00, NULL, NULL, '2017-09-30', NULL, 2, 4, 6, '2017-08-15 19:12:35', NULL, 5, 1, NULL, 6, 2, 1, 1, 201709, 1),
	(505, 394, 'OPT000277', NULL, 2, 66, 1, '南通市口腔医院手机工具', 48000.00, 14400.00, 7000.00, 2000.00, NULL, NULL, '2017-09-14', '2017-09-14', 2, 1, 3, '2017-08-18 05:27:26', NULL, 4, 1, NULL, 3, 2, 2, 1, 201709, 1),
	(506, 395, 'OPT000278', NULL, 2, 47, 1, '梅州市大埔县人民医院手机工具', 48000.00, 14400.00, 7000.00, 2000.00, NULL, NULL, '2017-09-30', NULL, 2, 4, 5, '2017-08-20 01:32:33', NULL, 5, 1, NULL, 5, 2, 2, 1, 201709, 1),
	(507, 396, 'OPT000279', NULL, 2, 61, 1, '江苏省人民医院手机工具', 100000.00, 30000.00, 15000.00, 5000.00, NULL, NULL, '2017-09-30', NULL, 2, 4, 3, '2017-08-21 01:17:17', NULL, 5, 1, NULL, 3, 2, 2, 1, 201709, 1),
	(508, 403, 'OPT000286', NULL, 2, 16, 1, '天津医院影像设备', 76500.00, 38250.00, 11800.00, 5900.00, NULL, NULL, '2017-09-30', NULL, 2, 4, 6, '2017-08-23 14:44:19', NULL, 5, 1, NULL, 6, 2, 1, 1, 201709, 1),
	(509, 404, 'OPT000287', NULL, 2, 68, 1, '山德齿科影像设备', 230000.00, 115000.00, 35400.00, 17700.00, NULL, NULL, '2017-09-30', NULL, 1, 3, 3, '2017-08-24 09:17:46', NULL, 5, 1, NULL, 3, 1, 2, 1, 201709, 1),
	(536, 292, 'OPT000210', NULL, 2, 86, 1, '北京嘉信泽洋口腔诊所牙椅设备', 130000.00, 52000.00, 20000.00, 8000.00, NULL, NULL, '2017-10-19', '2017-10-19', 4, 7, 6, '2017-06-10 07:53:19', NULL, 2, 1, NULL, 6, 1, 1, 1, 201710, 1),
	(537, 300, 'OPT000218', NULL, 2, 53, 1, '珠海市口腔医院教学设备', 160000.00, 48000.00, 24600.00, 7400.00, NULL, NULL, '2017-10-30', NULL, 3, 5, 5, '2017-06-23 06:05:30', NULL, 3, 1, NULL, 5, 2, 2, 1, 201710, 1),
	(538, 348, 'OPT000236', NULL, 2, 65, 1, '南京天使口腔门诊教影像设备', 300000.00, 150000.00, 46200.00, 23100.00, NULL, NULL, '2017-10-28', '2017-10-28', 3, 7, 3, '2017-07-05 05:49:19', NULL, 2, 1, NULL, 3, 1, 2, 1, 201710, 1),
	(539, 359, 'OPT000247', NULL, 2, 88, 1, '明德医院手机工具', 37000.00, 11100.00, 6000.00, 2000.00, NULL, NULL, '2017-10-25', '2017-10-25', 4, 7, 6, '2017-07-17 13:08:37', NULL, 2, 1, NULL, 6, 1, 1, 1, 201710, 1),
	(540, 364, 'OPT000252', NULL, 2, 92, 1, '北京市口腔医院手机设备', 37000.00, 11100.00, 6000.00, 2000.00, NULL, NULL, '2017-10-18', '2017-10-18', 4, 7, 6, '2017-07-24 21:17:42', NULL, 2, 1, NULL, 6, 2, 1, 1, 201710, 1),
	(541, 365, 'OPT000253', NULL, 4, 76, 1, '温州医科大学温州市第三临床学院影像设备', 300000.00, 150000.00, 46200.00, 23100.00, NULL, NULL, '2017-10-21', '2017-10-21', 4, 7, 3, '2017-07-25 01:01:33', NULL, 2, 1, NULL, 3, 2, 2, 1, 201710, 1),
	(542, 372, 'OPT000260', NULL, 4, 70, 1, '苏州工业园区星海医院牙椅设备', 254000.00, 101600.00, 39000.00, 15600.00, NULL, NULL, '2017-10-25', '2017-10-25', 4, 7, 3, '2017-07-28 17:42:43', NULL, 2, 1, NULL, 3, 2, 2, 1, 201710, 1),
	(543, 378, 'OPT000261', NULL, 2, 114, 1, '西安第8医院教学设备', 100000.00, 30000.00, 15000.00, 5000.00, NULL, NULL, '2017-10-22', '2017-10-22', 4, 7, 6, '2017-08-01 06:56:33', NULL, 2, 1, NULL, 6, 2, 1, 1, 201710, 1),
	(544, 380, 'OPT000263', NULL, 2, 91, 1, '北京航天中心医院(721医院)影像设备', 570000.00, 285000.00, 87700.00, 43800.00, NULL, NULL, '2017-10-29', '2017-10-29', 3, 7, 6, '2017-08-04 23:00:24', NULL, 2, 1, NULL, 6, 2, 1, 1, 201710, 1),
	(545, 381, 'OPT000264', NULL, 2, 102, 1, '南京浦口中医院牙椅设备', 480000.00, 192000.00, 73800.00, 29600.00, NULL, NULL, '2017-10-26', '2017-10-26', 4, 7, 5, '2017-08-07 10:52:53', NULL, 2, 1, NULL, 5, 2, 2, 1, 201710, 1),
	(546, 385, 'OPT000268', NULL, 2, 53, 1, '珠海市口腔医院影像设备', 230000.00, 115000.00, 35400.00, 17700.00, NULL, NULL, '2017-10-27', '2017-10-27', 4, 7, 5, '2017-08-10 05:36:19', NULL, 2, 1, NULL, 5, 2, 2, 1, 201710, 1),
	(547, 386, 'OPT000269', NULL, 4, 71, 1, '苏州市高新区科技城医院影像设备', 76500.00, 38250.00, 11800.00, 5900.00, NULL, NULL, '2017-10-24', '2017-10-24', 3, 7, 3, '2017-08-12 02:38:58', NULL, 2, 1, NULL, 3, 2, 2, 1, 201710, 1),
	(548, 387, 'OPT000270', NULL, 2, 32, 1, '祈福医院牙椅设备', 480000.00, 192000.00, 73800.00, 29600.00, NULL, NULL, '2017-11-30', NULL, 2, 4, 5, '2017-08-12 14:24:03', NULL, 1, 1, NULL, 5, 1, 2, 1, 201710, 1),
	(549, 389, 'OPT000272', NULL, 2, 62, 1, '靖江牙博士口腔门诊牙椅设备', 254000.00, 101600.00, 39000.00, 15600.00, NULL, NULL, '2017-10-30', '2017-10-30', 4, 7, 3, '2017-08-15 07:30:36', NULL, 2, 1, NULL, 3, 1, 2, 1, 201710, 1),
	(550, 390, 'OPT000273', NULL, 2, 65, 1, '南京天使口腔门诊教手机工具', 100000.00, 30000.00, 15000.00, 5000.00, NULL, NULL, '2017-10-29', '2017-10-29', 4, 7, 3, '2017-08-15 11:38:41', NULL, 2, 1, NULL, 3, 1, 2, 1, 201710, 1),
	(551, 392, 'OPT000275', NULL, 2, 63, 1, '迈皋桥医院教学设备', 160000.00, 48000.00, 24600.00, 7400.00, NULL, NULL, '2017-12-30', NULL, 4, 6, 3, '2017-08-15 19:54:37', NULL, 1, 1, NULL, 3, 1, 2, 1, 201710, 1),
	(552, 393, 'OPT000276', NULL, 2, 45, 1, '福华中西医院影像设备', 690000.00, 345000.00, 106200.00, 53100.00, NULL, NULL, '2017-10-30', NULL, 3, 5, 5, '2017-08-17 22:50:23', NULL, 5, 1, NULL, 5, 1, 2, 1, 201710, 1),
	(553, 397, 'OPT000280', NULL, 4, 69, 1, '上虞人民医院手机工具', 48000.00, 14400.00, 7000.00, 2000.00, NULL, NULL, '2017-12-30', NULL, 4, 6, 3, '2017-08-21 16:30:59', NULL, 1, 1, NULL, 3, 2, 2, 1, 201710, 1),
	(554, 398, 'OPT000281', NULL, 2, 64, 1, '南京市口腔医院影像设备', 690000.00, 345000.00, 106200.00, 53100.00, NULL, NULL, '2017-10-30', NULL, 3, 5, 3, '2017-08-22 04:46:09', NULL, 3, 1, NULL, 3, 2, 2, 1, 201710, 1),
	(555, 399, 'OPT000282', NULL, 3, 18, 1, '中国解放军301医院牙椅设备', 254000.00, 101600.00, 39000.00, 15600.00, NULL, NULL, '2017-12-30', NULL, 3, 5, 6, '2017-08-22 08:40:16', NULL, 1, 1, NULL, 6, 2, 1, 1, 201710, 1),
	(556, 400, 'OPT000283', NULL, 2, 93, 1, '北京协和医院牙椅设备', 254000.00, 101600.00, 39000.00, 15600.00, NULL, NULL, '2017-12-30', NULL, 3, 5, 6, '2017-08-22 21:58:56', NULL, 1, 1, NULL, 6, 2, 1, 1, 201710, 1),
	(557, 401, 'OPT000284', NULL, 2, 113, 1, '西安拜博920口腔牙椅设备', 480000.00, 192000.00, 73800.00, 29600.00, NULL, NULL, '2017-10-30', NULL, 3, 5, 6, '2017-08-23 06:54:18', NULL, 3, 1, NULL, 6, 1, 1, 1, 201710, 1),
	(558, 405, 'OPT000288', NULL, 2, 44, 1, '拜博口腔深圳事业部牙椅设备', 254000.00, 101600.00, 39000.00, 15600.00, NULL, NULL, '2017-10-23', '2017-10-23', 3, 7, 5, '2017-08-27 10:12:59', NULL, 2, 1, NULL, 5, 1, 2, 1, 201710, 1),
	(559, 411, 'OPT000294', NULL, 2, 87, 1, '韩亮口腔诊所手机工具', 100000.00, 30000.00, 15000.00, 5000.00, NULL, NULL, '2017-10-08', '2017-10-08', 3, 1, 6, '2017-09-03 21:40:47', NULL, 4, 1, NULL, 6, 1, 1, 1, 201710, 1),
	(560, 414, 'OPT000297', NULL, 2, 86, 1, '北京嘉信泽洋口腔诊所影像设备', 230000.00, 115000.00, 35400.00, 17700.00, NULL, NULL, '2017-10-10', '2017-10-10', 2, 1, 6, '2017-09-05 01:38:30', NULL, 4, 1, NULL, 6, 1, 1, 1, 201710, 1),
	(561, 415, 'OPT000298', NULL, 2, 100, 1, '涟水县人民医院影像设备', 1150000.00, 575000.00, 176900.00, 88500.00, NULL, NULL, '2017-10-19', '2017-10-19', 2, 7, 5, '2017-09-05 13:12:02', NULL, 2, 1, NULL, 5, 2, 2, 1, 201710, 1),
	(562, 422, 'OPT000305', NULL, 2, 111, 1, '陕西户县森工医院影像设备', 690000.00, 345000.00, 106200.00, 53100.00, NULL, NULL, '2017-10-30', NULL, 2, 4, 6, '2017-09-11 22:52:14', NULL, 5, 1, NULL, 6, 2, 1, 1, 201710, 1),
	(563, 423, 'OPT000306', NULL, 2, 46, 1, '林耿真口腔诊所手机工具', 100000.00, 30000.00, 15000.00, 5000.00, NULL, NULL, '2017-10-28', '2017-10-28', 2, 7, 5, '2017-09-12 16:36:34', NULL, 2, 1, NULL, 5, 1, 2, 1, 201710, 1),
	(564, 426, 'OPT000309', NULL, 2, 112, 1, '西安爱雅口腔医院手机工具', 33000.00, 9900.00, 5000.00, 2000.00, NULL, NULL, '2017-10-30', NULL, 2, 4, 6, '2017-09-14 00:56:07', NULL, 5, 1, NULL, 6, 1, 1, 1, 201710, 1),
	(565, 427, 'OPT000310', NULL, 4, 77, 1, '无锡101医院手机工具', 29000.00, 8700.00, 4000.00, 1000.00, NULL, NULL, '2017-10-14', '2017-10-14', 2, 1, 3, '2017-09-15 11:14:56', NULL, 4, 1, NULL, 3, 2, 2, 1, 201710, 1),
	(566, 428, 'OPT000311', NULL, 4, 78, 1, '无锡爱牙口腔牙椅设备', 480000.00, 192000.00, 73800.00, 29600.00, NULL, NULL, '2017-10-30', NULL, 2, 4, 3, '2017-09-15 11:39:20', NULL, 5, 1, NULL, 3, 1, 2, 1, 201710, 1),
	(567, 429, 'OPT000312', NULL, 2, 94, 1, '北京中日友好医院影像设备', 300000.00, 150000.00, 46200.00, 23100.00, NULL, NULL, '2017-10-30', NULL, 2, 4, 6, '2017-09-17 20:45:51', NULL, 5, 1, NULL, 6, 1, 1, 1, 201710, 1),
	(568, 430, 'OPT000313', NULL, 2, 101, 1, '南京军区南京药品器材供应站手机工具', 29000.00, 8700.00, 4000.00, 1000.00, NULL, NULL, '2017-10-29', '2017-10-29', 2, 7, 5, '2017-09-17 22:58:57', NULL, 2, 1, NULL, 5, 2, 2, 1, 201710, 1),
	(569, 431, 'OPT000314', NULL, 2, 50, 1, '深圳市南山区西丽人民医院手机工具', 48000.00, 14400.00, 7000.00, 2000.00, NULL, NULL, '2017-11-30', NULL, 2, 4, 5, '2017-09-21 11:30:10', NULL, 1, 1, NULL, 5, 2, 2, 1, 201710, 1),
	(570, 434, 'OPT000317', NULL, 2, 51, 1, '兴宁市人民医院牙椅设备', 254000.00, 101600.00, 39000.00, 15600.00, NULL, NULL, '2017-10-10', '2017-10-10', 1, 1, 5, '2017-09-24 13:09:30', NULL, 4, 1, NULL, 5, 2, 2, 1, 201710, 1),
	(571, 435, 'OPT000318', NULL, 2, 52, 1, '友睦齿科教学设备', 160000.00, 48000.00, 24600.00, 7400.00, NULL, NULL, '2017-10-13', '2017-10-13', 1, 7, 5, '2017-09-24 22:33:27', NULL, 2, 1, NULL, 5, 1, 2, 1, 201710, 1),
	(599, 308, 'OPT000226', NULL, 2, 34, 1, '若德口腔门诊影像设备', 230000.00, 115000.00, 35400.00, 17700.00, NULL, NULL, '2017-11-10', '2017-11-10', 4, 7, 5, '2017-06-26 19:55:17', NULL, 2, 1, NULL, 5, 1, 2, 1, 201711, 1),
	(600, 361, 'OPT000249', NULL, 2, 59, 1, '湖州市中心医院牙椅设备', 480000.00, 192000.00, 73800.00, 29600.00, NULL, NULL, '2017-11-15', '2017-11-15', 4, 7, 3, '2017-07-18 14:42:33', NULL, 2, 1, NULL, 3, 2, 2, 1, 201711, 1),
	(601, 362, 'OPT000250', NULL, 4, 75, 1, '温州医科大学附属口腔医院教学设备', 100000.00, 30000.00, 15000.00, 5000.00, NULL, NULL, '2017-11-18', '2017-11-18', 3, 7, 3, '2017-07-23 20:28:03', NULL, 2, 1, NULL, 3, 2, 2, 1, 201711, 1),
	(602, 370, 'OPT000258', NULL, 2, 48, 1, '汕头市潮阳区郑则洪口腔诊所牙椅设备', 240000.00, 96000.00, 37000.00, 14800.00, NULL, NULL, '2017-11-05', '2017-11-05', 3, 7, 5, '2017-07-27 21:39:45', NULL, 2, 1, NULL, 5, 1, 2, 1, 201711, 1),
	(603, 387, 'OPT000270', NULL, 2, 32, 1, '祈福医院牙椅设备', 480000.00, 192000.00, 73800.00, 29600.00, NULL, NULL, '2017-11-06', '2017-11-06', 2, 7, 5, '2017-08-12 14:24:03', NULL, 2, 1, NULL, 5, 1, 2, 1, 201711, 1),
	(604, 402, 'OPT000285', NULL, 2, 106, 1, '熊猫集团医院教学设备', 160000.00, 48000.00, 24600.00, 7400.00, NULL, NULL, '2017-11-18', '2017-11-18', 4, 7, 5, '2017-08-23 12:07:33', NULL, 2, 1, NULL, 5, 1, 2, 1, 201711, 1),
	(605, 406, 'OPT000289', NULL, 4, 80, 1, '无锡冯友伟口腔手机工具', 29000.00, 8700.00, 4000.00, 1000.00, NULL, NULL, '2017-11-22', '2017-11-22', 4, 7, 3, '2017-08-28 13:35:05', NULL, 2, 1, NULL, 3, 1, 2, 1, 201711, 1),
	(606, 407, 'OPT000290', NULL, 4, 75, 1, '温州医科大学附属口腔医院影像设备', 230000.00, 115000.00, 35400.00, 17700.00, NULL, NULL, '2017-11-21', '2017-11-21', 4, 7, 3, '2017-08-29 16:51:05', NULL, 2, 1, NULL, 3, 2, 2, 1, 201711, 1),
	(607, 408, 'OPT000291', NULL, 2, 68, 1, '山德齿科手机工具', 100000.00, 30000.00, 15000.00, 5000.00, NULL, NULL, '2017-11-23', '2017-11-23', 4, 7, 3, '2017-08-30 07:56:30', NULL, 2, 1, NULL, 3, 1, 2, 1, 201711, 1),
	(608, 409, 'OPT000292', NULL, 2, 89, 1, '北京朝阳医院教学设备', 160000.00, 48000.00, 24600.00, 7400.00, NULL, NULL, '2017-11-23', '2017-11-23', 4, 7, 6, '2017-09-02 16:30:20', NULL, 2, 1, NULL, 6, 2, 1, 1, 201711, 1),
	(609, 410, 'OPT000293', NULL, 4, 72, 1, '苏州市吴中区人民医院手机工具', 69000.00, 20700.00, 11000.00, 3000.00, NULL, NULL, '2017-11-24', '2017-11-24', 4, 7, 3, '2017-09-03 06:45:14', NULL, 2, 1, NULL, 3, 2, 2, 1, 201711, 1),
	(610, 412, 'OPT000295', NULL, 2, 99, 1, '连云港妇幼保健医院影像设备', 76500.00, 38250.00, 11800.00, 5900.00, NULL, NULL, '2017-11-22', '2017-11-22', 4, 7, 5, '2017-09-04 12:42:45', NULL, 2, 1, NULL, 5, 2, 2, 1, 201711, 1),
	(611, 413, 'OPT000296', NULL, 2, 115, 1, '西安欢乐口腔影像设备', 1150000.00, 575000.00, 176900.00, 88500.00, NULL, NULL, '2017-11-27', '2017-11-27', 4, 7, 6, '2017-09-04 19:21:35', NULL, 2, 1, NULL, 6, 1, 1, 1, 201711, 1),
	(612, 416, 'OPT000299', NULL, 2, 90, 1, '北京儿童医院影像设备', 690000.00, 345000.00, 106200.00, 53100.00, NULL, NULL, '2017-11-28', '2017-11-28', 4, 7, 6, '2017-09-05 14:25:01', NULL, 2, 1, NULL, 6, 2, 1, 1, 201711, 1),
	(613, 417, 'OPT000300', NULL, 2, 91, 1, '北京航天中心医院(721医院)手机工具', 100000.00, 30000.00, 15000.00, 5000.00, NULL, NULL, '2017-11-28', '2017-11-28', 4, 7, 6, '2017-09-05 23:21:46', NULL, 2, 1, NULL, 6, 2, 1, 1, 201711, 1),
	(614, 418, 'OPT000301', NULL, 2, 48, 1, '汕头市潮阳区郑则洪口腔诊所影像设备', 690000.00, 345000.00, 106200.00, 53100.00, NULL, NULL, '2017-11-26', '2017-11-26', 4, 7, 5, '2017-09-07 01:14:31', NULL, 2, 1, NULL, 5, 1, 2, 1, 201711, 1),
	(615, 419, 'OPT000302', NULL, 4, 73, 1, '台州医院路桥分院牙椅设备', 254000.00, 101600.00, 39000.00, 15600.00, NULL, NULL, '2017-11-29', '2017-11-29', 4, 7, 3, '2017-09-08 02:25:48', NULL, 2, 1, NULL, 3, 1, 2, 1, 201711, 1),
	(616, 420, 'OPT000303', NULL, 2, 95, 1, '朝阳区社区卫生服务管理中心手机工具', 37000.00, 11100.00, 6000.00, 2000.00, NULL, NULL, '2017-12-30', NULL, 4, 6, 6, '2017-09-09 01:00:37', NULL, 1, 1, NULL, 6, 2, 1, 1, 201711, 1),
	(617, 421, 'OPT000304', NULL, 2, 88, 1, '明德医院牙椅设备', 254000.00, 101600.00, 39000.00, 15600.00, NULL, NULL, '2018-01-30', NULL, 4, 6, 6, '2017-09-11 07:27:19', NULL, 1, 1, NULL, 6, 1, 1, 1, 201711, 1),
	(618, 424, 'OPT000307', NULL, 4, 74, 1, '温岭郎德口腔门诊教学设备', 320000.00, 96000.00, 49200.00, 14800.00, NULL, NULL, '2018-01-30', NULL, 4, 6, 3, '2017-09-13 03:51:32', NULL, 1, 1, NULL, 3, 1, 2, 1, 201711, 1),
	(619, 425, 'OPT000308', NULL, 2, 67, 1, '宁海口腔医院影像设备', 1150000.00, 575000.00, 176900.00, 88500.00, NULL, NULL, '2018-01-30', NULL, 4, 6, 3, '2017-09-13 17:57:02', NULL, 1, 1, NULL, 3, 2, 2, 1, 201711, 1),
	(620, 431, 'OPT000314', NULL, 2, 50, 1, '深圳市南山区西丽人民医院手机工具', 48000.00, 14400.00, 7000.00, 2000.00, NULL, NULL, '2017-12-30', NULL, 2, 4, 5, '2017-09-21 11:30:10', NULL, 1, 1, NULL, 5, 2, 2, 1, 201711, 1),
	(621, 432, 'OPT000315', NULL, 2, 81, 1, '萧山中医院牙椅设备', 254000.00, 101600.00, 39000.00, 15600.00, NULL, NULL, '2017-11-30', NULL, 4, 6, 3, '2017-09-21 22:25:42', NULL, 3, 1, NULL, 3, 2, 2, 1, 201711, 1),
	(622, 433, 'OPT000316', NULL, 2, 49, 1, '深圳市龙华人民医院手机工具', 100000.00, 30000.00, 15000.00, 5000.00, NULL, NULL, '2018-01-30', NULL, 3, 5, 5, '2017-09-23 01:50:19', NULL, 1, 1, NULL, 5, 2, 2, 1, 201711, 1),
	(623, 439, 'OPT000322', NULL, 2, 103, 1, '南京市武警医院影像设备', 300000.00, 150000.00, 46200.00, 23100.00, NULL, NULL, '2017-11-30', NULL, 3, 5, 5, '2017-09-28 18:07:54', NULL, 5, 1, NULL, 5, 2, 2, 1, 201711, 1),
	(624, 440, 'OPT000323', NULL, 4, 79, 1, '无锡电力疗养院影像设备', 300000.00, 150000.00, 46200.00, 23100.00, NULL, NULL, '2017-11-24', '2017-11-24', 3, 1, 3, '2017-09-29 12:46:18', NULL, 4, 1, NULL, 3, 1, 2, 1, 201711, 1),
	(625, 473, 'OPT000325', NULL, 2, 47, 1, '梅州市大埔县人民医院牙椅设备', 254000.00, 101600.00, 39000.00, 15600.00, NULL, NULL, '2017-11-27', '2017-11-27', 2, 1, 5, '2017-10-04 22:58:34', NULL, 4, 1, NULL, 5, 2, 2, 1, 201711, 1),
	(626, 477, 'OPT000329', NULL, 2, 105, 1, '泗阳县中医院牙椅设备', 254000.00, 101600.00, 39000.00, 15600.00, NULL, NULL, '2017-11-24', '2017-11-24', 2, 7, 5, '2017-10-10 03:27:48', NULL, 2, 1, NULL, 5, 2, 2, 1, 201711, 1),
	(627, 478, 'OPT000330', NULL, 2, 116, 1, '西安联帮口腔手机工具', 33000.00, 9900.00, 5000.00, 2000.00, NULL, NULL, '2017-11-30', NULL, 2, 4, 6, '2017-10-11 14:02:12', NULL, 3, 1, NULL, 6, 1, 1, 1, 201711, 1),
	(628, 481, 'OPT000333', NULL, 2, 96, 1, '欢乐口腔牙椅设备', 254000.00, 101600.00, 39000.00, 15600.00, NULL, NULL, '2017-11-27', '2017-11-27', 2, 1, 6, '2017-10-13 22:45:25', NULL, 4, 1, NULL, 6, 1, 1, 1, 201711, 1),
	(629, 485, 'OPT000337', NULL, 2, 117, 1, '西安市第5医院牙椅设备', 254000.00, 101600.00, 39000.00, 15600.00, NULL, NULL, '2017-11-18', '2017-11-18', 2, 1, 6, '2017-10-19 05:39:19', NULL, 4, 1, NULL, 6, 2, 1, 1, 201711, 1),
	(630, 487, 'OPT000339', NULL, 2, 98, 1, '江苏省中医院牙椅设备', 254000.00, 101600.00, 39000.00, 15600.00, NULL, NULL, '2017-11-30', NULL, 2, 4, 5, '2017-10-20 16:33:16', NULL, 3, 1, NULL, 5, 2, 2, 1, 201711, 1),
	(631, 489, 'OPT000341', NULL, 2, 104, 1, '泗阳胡氏口腔医院手机工具', 29000.00, 8700.00, 4000.00, 1000.00, NULL, NULL, '2017-11-27', '2017-11-27', 1, 7, 5, '2017-10-23 02:58:33', NULL, 2, 1, NULL, 5, 1, 2, 1, 201711, 1),
	(632, 491, 'OPT000343', NULL, 2, 110, 1, '韩大夫口腔影像设备', 230000.00, 115000.00, 35400.00, 17700.00, NULL, NULL, '2017-11-30', NULL, 2, 4, 6, '2017-10-24 19:35:32', NULL, 5, 1, NULL, 6, 1, 1, 1, 201711, 1),
	(633, 492, 'OPT000344', NULL, 2, 66, 1, '南通市口腔医院牙椅设备', 254000.00, 101600.00, 39000.00, 15600.00, NULL, NULL, '2017-11-30', NULL, 1, 3, 3, '2017-10-25 02:17:21', NULL, 5, 1, NULL, 3, 2, 2, 1, 201711, 1),
	(634, 493, 'OPT000345', NULL, 2, 97, 1, '淮安诺贝尔口腔医院手机工具', 48000.00, 14400.00, 7000.00, 2000.00, NULL, NULL, '2017-12-30', NULL, 1, 3, 5, '2017-10-26 22:11:07', NULL, 1, 1, NULL, 5, 1, 2, 1, 201711, 1),
	(662, 392, 'OPT000275', NULL, 2, 63, 1, '迈皋桥医院教学设备', 160000.00, 48000.00, 24600.00, 7400.00, NULL, NULL, '2017-12-22', '2017-12-22', 4, 7, 3, '2017-08-15 19:54:37', NULL, 2, 1, NULL, 3, 1, 2, 1, 201712, 1),
	(663, 397, 'OPT000280', NULL, 4, 69, 1, '上虞人民医院手机工具', 48000.00, 14400.00, 7000.00, 2000.00, NULL, NULL, '2017-12-12', '2017-12-12', 4, 7, 3, '2017-08-21 16:30:59', NULL, 2, 1, NULL, 3, 2, 2, 1, 201712, 1),
	(664, 399, 'OPT000282', NULL, 3, 18, 1, '中国解放军301医院牙椅设备', 254000.00, 101600.00, 39000.00, 15600.00, NULL, NULL, '2017-12-10', '2017-12-10', 3, 7, 6, '2017-08-22 08:40:16', NULL, 2, 1, NULL, 6, 2, 1, 1, 201712, 1),
	(665, 400, 'OPT000283', NULL, 2, 93, 1, '北京协和医院牙椅设备', 254000.00, 101600.00, 39000.00, 15600.00, NULL, NULL, '2017-12-28', '2017-12-28', 3, 7, 6, '2017-08-22 21:58:56', NULL, 2, 1, NULL, 6, 2, 1, 1, 201712, 1),
	(666, 420, 'OPT000303', NULL, 2, 95, 1, '朝阳区社区卫生服务管理中心手机工具', 37000.00, 11100.00, 6000.00, 2000.00, NULL, NULL, '2017-12-26', '2017-12-26', 4, 7, 6, '2017-09-09 01:00:37', NULL, 2, 1, NULL, 6, 2, 1, 1, 201712, 1),
	(667, 431, 'OPT000314', NULL, 2, 50, 1, '深圳市南山区西丽人民医院手机工具', 48000.00, 14400.00, 7000.00, 2000.00, NULL, NULL, '2017-12-13', '2017-12-13', 2, 7, 5, '2017-09-21 11:30:10', NULL, 2, 1, NULL, 5, 2, 2, 1, 201712, 1),
	(668, 436, 'OPT000319', NULL, 2, 107, 1, '宿迁第一人民医院影像设备', 300000.00, 150000.00, 46200.00, 23100.00, NULL, NULL, '2017-12-30', NULL, 4, 6, 5, '2017-09-26 04:01:54', NULL, 5, 1, NULL, 5, 2, 2, 1, 201712, 1),
	(669, 437, 'OPT000320', NULL, 4, 76, 1, '温州医科大学温州市第三临床学院手机工具', 48000.00, 14400.00, 7000.00, 2000.00, NULL, NULL, '2017-12-22', '2017-12-22', 4, 7, 3, '2017-09-26 07:15:09', NULL, 2, 1, NULL, 3, 2, 2, 1, 201712, 1),
	(670, 438, 'OPT000321', NULL, 2, 85, 1, '郑博口腔门诊部教学设备', 160000.00, 48000.00, 24600.00, 7400.00, NULL, NULL, '2017-12-23', '2017-12-23', 4, 7, 3, '2017-09-26 18:25:33', NULL, 2, 1, NULL, 3, 1, 2, 1, 201712, 1),
	(671, 472, 'OPT000324', NULL, 2, 101, 1, '南京军区南京药品器材供应站牙椅设备', 254000.00, 101600.00, 39000.00, 15600.00, NULL, NULL, '2017-12-17', '2017-12-17', 4, 7, 5, '2017-10-02 12:06:12', NULL, 2, 1, NULL, 5, 2, 2, 1, 201712, 1),
	(672, 474, 'OPT000326', NULL, 2, 119, 1, '西安优意口腔医院中视野CT手机工具', 33000.00, 9900.00, 5000.00, 2000.00, NULL, NULL, '2017-12-27', '2017-12-27', 4, 7, 6, '2017-10-08 11:02:47', NULL, 2, 1, NULL, 6, 1, 1, 1, 201712, 1),
	(673, 475, 'OPT000327', NULL, 2, 94, 1, '北京中日友好医院手机工具', 100000.00, 30000.00, 15000.00, 5000.00, NULL, NULL, '2017-12-29', '2017-12-29', 4, 7, 6, '2017-10-09 01:46:28', NULL, 2, 1, NULL, 6, 1, 1, 1, 201712, 1),
	(674, 476, 'OPT000328', NULL, 6, 120, 1, '延安大学附属医院牙椅设备', 254000.00, 101600.00, 39000.00, 15600.00, NULL, NULL, '2018-01-30', NULL, 4, 6, 6, '2017-10-09 17:23:48', NULL, 1, 1, NULL, 6, 2, 1, 1, 201712, 1),
	(675, 479, 'OPT000331', NULL, 2, 92, 1, '北京市口腔医院牙椅设备', 254000.00, 101600.00, 39000.00, 15600.00, NULL, NULL, '2018-02-28', NULL, 4, 6, 6, '2017-10-12 06:35:10', NULL, 1, 1, NULL, 6, 2, 1, 1, 201712, 1),
	(676, 480, 'OPT000332', NULL, 2, 51, 1, '兴宁市人民医院教学设备', 160000.00, 48000.00, 24600.00, 7400.00, NULL, NULL, '2018-02-28', NULL, 4, 6, 5, '2017-10-12 11:34:59', NULL, 1, 1, NULL, 5, 2, 2, 1, 201712, 1),
	(677, 482, 'OPT000334', NULL, 2, 109, 1, '扬州高邮市中医院牙椅设备', 254000.00, 101600.00, 39000.00, 15600.00, NULL, NULL, '2018-01-30', NULL, 4, 6, 5, '2017-10-15 09:49:38', NULL, 1, 1, NULL, 5, 2, 2, 1, 201712, 1),
	(678, 483, 'OPT000335', NULL, 2, 53, 1, '珠海市口腔医院手机工具', 100000.00, 30000.00, 15000.00, 5000.00, NULL, NULL, '2017-12-20', '2017-12-20', 3, 7, 5, '2017-10-18 20:59:07', NULL, 2, 1, NULL, 5, 2, 2, 1, 201712, 1),
	(679, 484, 'OPT000336', NULL, 2, 93, 1, '北京协和医院影像设备', 690000.00, 345000.00, 106200.00, 53100.00, NULL, NULL, '2017-12-30', NULL, 3, 5, 6, '2017-10-19 01:41:07', NULL, 3, 1, NULL, 6, 2, 1, 1, 201712, 1),
	(680, 486, 'OPT000338', NULL, 2, 118, 1, '西安市中心医院影像设备', 300000.00, 150000.00, 46200.00, 23100.00, NULL, NULL, '2017-12-07', '2017-12-07', 4, 1, 6, '2017-10-20 13:33:30', NULL, 4, 1, NULL, 6, 2, 1, 1, 201712, 1),
	(681, 488, 'OPT000340', NULL, 2, 52, 1, '友睦齿科影像设备', 1150000.00, 575000.00, 176900.00, 88500.00, NULL, NULL, '2017-12-18', '2017-12-18', 3, 7, 5, '2017-10-21 15:45:31', NULL, 2, 1, NULL, 5, 1, 2, 1, 201712, 1),
	(682, 493, 'OPT000345', NULL, 2, 97, 1, '淮安诺贝尔口腔医院手机工具', 48000.00, 14400.00, 7000.00, 2000.00, NULL, NULL, '2017-12-30', NULL, 1, 3, 5, '2017-10-26 22:11:07', NULL, 3, 1, NULL, 5, 1, 2, 1, 201712, 1),
	(683, 496, 'OPT000348', NULL, 2, 111, 1, '陕西户县森工医院手机工具', 37000.00, 11100.00, 6000.00, 2000.00, NULL, NULL, '2017-12-27', '2017-12-27', 3, 1, 6, '2017-10-27 23:50:07', NULL, 4, 1, NULL, 6, 2, 1, 1, 201712, 1),
	(684, 504, 'OPT000351', NULL, 2, 113, 1, '西安拜博920口腔教学设备', 160000.00, 48000.00, 24600.00, 7400.00, NULL, NULL, '2017-12-30', NULL, 2, 4, 6, '2017-11-03 17:02:48', NULL, 5, 1, NULL, 6, 1, 1, 1, 201712, 1),
	(685, 505, 'OPT000352', NULL, 2, 102, 1, '南京浦口中医院影像设备', 230000.00, 115000.00, 35400.00, 17700.00, NULL, NULL, '2017-12-27', '2017-12-27', 3, 7, 5, '2017-11-03 18:19:36', NULL, 2, 1, NULL, 5, 2, 2, 1, 201712, 1),
	(686, 506, 'OPT000353', NULL, 4, 69, 1, '上虞人民医院牙椅设备', 254000.00, 101600.00, 39000.00, 15600.00, NULL, NULL, '2017-12-29', '2017-12-29', 3, 7, 3, '2017-11-04 13:30:24', NULL, 2, 1, NULL, 3, 2, 2, 1, 201712, 1),
	(687, 507, 'OPT000354', NULL, 2, 114, 1, '西安第8医院影像设备', 76500.00, 38250.00, 11800.00, 5900.00, NULL, NULL, '2017-12-30', NULL, 2, 4, 6, '2017-11-04 20:09:47', NULL, 5, 1, NULL, 6, 2, 1, 1, 201712, 1),
	(688, 508, 'OPT000355', NULL, 2, 108, 1, '徐州沛县口腔医院手机工具', 29000.00, 8700.00, 4000.00, 1000.00, NULL, NULL, '2017-12-25', '2017-12-25', 2, 7, 5, '2017-11-06 14:31:54', NULL, 2, 1, NULL, 5, 2, 2, 1, 201712, 1),
	(689, 512, 'OPT000359', NULL, 4, 77, 1, '无锡101医院牙椅设备', 254000.00, 101600.00, 39000.00, 15600.00, NULL, NULL, '2017-12-23', '2017-12-23', 2, 7, 3, '2017-11-10 13:48:34', NULL, 2, 1, NULL, 3, 2, 2, 1, 201712, 1),
	(690, 518, 'OPT000365', NULL, 2, 112, 1, '西安爱雅口腔医院牙椅设备', 254000.00, 101600.00, 39000.00, 15600.00, NULL, NULL, '2017-12-30', NULL, 2, 4, 6, '2017-11-14 00:12:29', NULL, 5, 1, NULL, 6, 1, 1, 1, 201712, 1),
	(691, 522, 'OPT000369', NULL, 2, 83, 1, '镇江第一人民医院手机工具', 29000.00, 8700.00, 4000.00, 1000.00, NULL, NULL, '2017-12-25', '2017-12-25', 2, 7, 3, '2017-11-18 00:26:14', NULL, 2, 1, NULL, 3, 2, 2, 1, 201712, 1),
	(692, 523, 'OPT000370', NULL, 2, 100, 1, '涟水县人民医院手机工具', 48000.00, 14400.00, 7000.00, 2000.00, NULL, NULL, '2017-12-27', '2017-12-27', 2, 7, 5, '2017-11-18 08:44:27', NULL, 2, 1, NULL, 5, 2, 2, 1, 201712, 1),
	(693, 524, 'OPT000371', NULL, 4, 71, 1, '苏州市高新区科技城医院手机工具', 100000.00, 30000.00, 15000.00, 5000.00, NULL, NULL, '2018-01-30', NULL, 2, 4, 3, '2017-11-18 08:57:41', NULL, 1, 1, NULL, 3, 2, 2, 1, 201712, 1),
	(694, 531, 'OPT000378', NULL, 4, 78, 1, '无锡爱牙口腔影像设备', 690000.00, 345000.00, 106200.00, 53100.00, NULL, NULL, '2018-02-28', NULL, 1, 3, 3, '2017-11-22 20:43:47', NULL, 1, 1, NULL, 3, 1, 2, 1, 201712, 1),
	(695, 533, 'OPT000380', NULL, 4, 70, 1, '苏州工业园区星海医院影像设备', 570000.00, 285000.00, 87700.00, 43800.00, NULL, NULL, '2017-12-30', NULL, 2, 4, 3, '2017-11-23 13:24:29', NULL, 3, 1, NULL, 3, 2, 2, 1, 201712, 1),
	(696, 536, 'OPT000383', NULL, 2, 50, 1, '深圳市南山区西丽人民医院牙椅设备', 254000.00, 101600.00, 39000.00, 15600.00, NULL, NULL, '2017-12-11', '2017-12-11', 1, 1, 5, '2017-11-24 15:25:29', NULL, 4, 1, NULL, 5, 2, 2, 1, 201712, 1),
	(697, 537, 'OPT000384', NULL, 2, 84, 1, '镇江口腔医院牙椅设备', 254000.00, 101600.00, 39000.00, 15600.00, NULL, NULL, '2017-12-11', '2017-12-11', 2, 1, 3, '2017-11-25 05:27:29', NULL, 4, 1, NULL, 3, 2, 2, 1, 201712, 1),
	(698, 539, 'OPT000386', NULL, 2, 82, 1, '张家港市人民医院影像设备', 230000.00, 115000.00, 35400.00, 17700.00, NULL, NULL, '2017-12-30', NULL, 1, 3, 3, '2017-11-26 08:59:20', NULL, 5, 1, NULL, 3, 2, 2, 1, 201712, 1);
/*!40000 ALTER TABLE `optrealsnap` ENABLE KEYS */;

-- 导出  表 vsms.optrealsnapproduct 结构
DROP TABLE IF EXISTS `optrealsnapproduct`;
CREATE TABLE IF NOT EXISTS `optrealsnapproduct` (
  `id` int(10) NOT NULL AUTO_INCREMENT COMMENT 'ID',
  `optproductid` int(10) DEFAULT NULL COMMENT '机会产品id',
  `optid` int(10) DEFAULT NULL COMMENT '机会id',
  `brandname` varchar(500) DEFAULT NULL COMMENT '品牌名称',
  `classname` varchar(500) DEFAULT NULL COMMENT '类别名称',
  `productid` int(10) DEFAULT NULL COMMENT '产品id',
  `productmodel` varchar(500) DEFAULT NULL COMMENT '产品型号',
  `productname` varchar(500) DEFAULT NULL COMMENT '产品名称',
  `specification` varchar(500) DEFAULT NULL COMMENT '产品规格',
  `productdiscribe` text COMMENT '产品描述',
  `rmbcost` decimal(14,2) DEFAULT NULL COMMENT '人民币成本价',
  `rmbprice` decimal(14,2) DEFAULT NULL COMMENT '人民币销售价',
  `dollarcost` decimal(14,2) DEFAULT NULL COMMENT '美金成本价',
  `dollarprice` decimal(14,2) DEFAULT NULL COMMENT '美金销售价',
  `num` float DEFAULT NULL COMMENT '数量',
  `discount` decimal(20,19) DEFAULT NULL COMMENT '折扣',
  `remark` text COMMENT '说明',
  `pmid` int(10) DEFAULT NULL COMMENT '产品经理id',
  `currencyexchangerate` decimal(14,2) DEFAULT NULL COMMENT '机会产品汇率',
  `snapdate` int(11) DEFAULT NULL COMMENT '镜像日期',
  PRIMARY KEY (`id`)
) ENGINE=InnoDB DEFAULT CHARSET=utf8 COMMENT='机会产品实际快照表';

-- 正在导出表  vsms.optrealsnapproduct 的数据：~0 rows (大约)
/*!40000 ALTER TABLE `optrealsnapproduct` DISABLE KEYS */;
/*!40000 ALTER TABLE `optrealsnapproduct` ENABLE KEYS */;

-- 导出  表 vsms.optreply 结构
DROP TABLE IF EXISTS `optreply`;
CREATE TABLE IF NOT EXISTS `optreply` (
  `id` int(10) NOT NULL AUTO_INCREMENT COMMENT 'ID',
  `optid` int(10) DEFAULT NULL COMMENT '机会id',
  `replyerid` int(10) DEFAULT NULL COMMENT '评论人id',
  `replycontent` mediumtext COLLATE utf8mb4_unicode_ci COMMENT '评论内容',
  `replydatetime` datetime DEFAULT NULL COMMENT '评论时间',
  `isdelete` tinyint(1) DEFAULT NULL COMMENT '是否删除：0-否，1-是',
  PRIMARY KEY (`id`)
) ENGINE=InnoDB DEFAULT CHARSET=utf8mb4 COLLATE=utf8mb4_unicode_ci COMMENT='机会评论表';

-- 正在导出表  vsms.optreply 的数据：~5 rows (大约)
/*!40000 ALTER TABLE `optreply` DISABLE KEYS */;
INSERT INTO `optreply` (`id`, `optid`, `replyerid`, `replycontent`, `replydatetime`, `isdelete`) VALUES
	(1, 440, 1, '123', '2017-09-25 22:23:03', 0),
	(2, 440, 1, '123', '2017-09-25 22:28:37', 0),
	(3, 440, 1, 'asd', '2017-09-25 22:32:30', 0),
	(4, 440, 1, 'aaa', '2017-09-25 22:34:43', 0),
	(5, 440, 1, 'aaa', '2017-09-25 22:38:26', 0);
/*!40000 ALTER TABLE `optreply` ENABLE KEYS */;

-- 导出  表 vsms.optstage 结构
DROP TABLE IF EXISTS `optstage`;
CREATE TABLE IF NOT EXISTS `optstage` (
  `id` int(10) NOT NULL AUTO_INCREMENT COMMENT 'ID',
  `stage` decimal(3,2) DEFAULT NULL COMMENT '进展阶段：10%，500%，30%……',
  `colorvalue` varchar(10) DEFAULT NULL COMMENT '色彩定义',
  `description` varchar(500) DEFAULT NULL COMMENT '描述',
  `descriptionen` varchar(500) DEFAULT NULL COMMENT '描述 --英文对照',
  `importreferid` varchar(200) DEFAULT NULL COMMENT '导入引用id',
  PRIMARY KEY (`id`),
  UNIQUE KEY `importreferid` (`importreferid`)
) ENGINE=InnoDB DEFAULT CHARSET=utf8 COMMENT='机会进展阶段表';

-- 正在导出表  vsms.optstage 的数据：~7 rows (大约)
/*!40000 ALTER TABLE `optstage` DISABLE KEYS */;
INSERT INTO `optstage` (`id`, `stage`, `colorvalue`, `description`, `descriptionen`, `importreferid`) VALUES
	(1, 0.00, '#5e5e5e', '丢失合同', 'Order failed.', '1'),
	(2, 0.10, '#5B9CD0', '了解客户需求', 'Understand customer needs.', '2'),
	(3, 0.30, '#4276C0', '提供客户方案', 'Provide customer solutions.', '3'),
	(4, 0.50, '#254675', '确认客户审批', 'Confirm customer approval.', '4'),
	(5, 0.70, '#FEBE39', '参加客户投标', 'Attend customer bidding.', '5'),
	(6, 0.90, '#EB7D40', '客户商务谈判', 'Customer business negotiation.', '6'),
	(7, 1.00, '#74AA51', '成功签下订单', 'Get customer order.', '7');
/*!40000 ALTER TABLE `optstage` ENABLE KEYS */;

-- 导出  表 vsms.optstageupdate 结构
DROP TABLE IF EXISTS `optstageupdate`;
CREATE TABLE IF NOT EXISTS `optstageupdate` (
  `id` int(10) NOT NULL AUTO_INCREMENT COMMENT 'ID',
  `optid` int(10) DEFAULT NULL COMMENT '机会id',
  `stageid` int(10) DEFAULT NULL COMMENT '进展阶段id',
  `stageupdatetime` datetime DEFAULT NULL COMMENT '更新时间',
  `optstatus` smallint(5) DEFAULT NULL COMMENT '机会状态',
  `statusupdatetime` datetime DEFAULT NULL COMMENT '机会状态更新时间',
  `remaindays` int(10) DEFAULT NULL COMMENT '停留天数',
  `islaststage` tinyint(1) DEFAULT '0' COMMENT '是否为最新的阶段 0-否，1-是',
  `isdelete` tinyint(1) DEFAULT NULL COMMENT '是否删除：0-否，1-是',
  `importreferid` varchar(200) DEFAULT NULL COMMENT '导入引用id',
  `laststageid` tinyint(4) DEFAULT NULL COMMENT '上次进展阶段id',
  PRIMARY KEY (`id`),
  KEY `idx_optstageupdate_optid_statusupdatetime` (`optid`,`statusupdatetime`)
) ENGINE=InnoDB DEFAULT CHARSET=utf8 COMMENT='进展阶段更新表';

-- 正在导出表  vsms.optstageupdate 的数据：~2,820 rows (大约)
/*!40000 ALTER TABLE `optstageupdate` DISABLE KEYS */;
INSERT INTO `optstageupdate` (`id`, `optid`, `stageid`, `stageupdatetime`, `optstatus`, `statusupdatetime`, `remaindays`, `islaststage`, `isdelete`, `importreferid`, `laststageid`) VALUES
	(1, 1, 1, '2016-10-23 11:14:25', 1, '2016-10-23 11:14:25', 0, 0, 0, NULL, 0),
	(2, 1, 2, '2016-10-23 11:14:25', 1, '2016-10-23 11:14:25', 5, 0, 0, NULL, 0),
	(3, 1, 3, '2016-10-28 11:14:26', 1, '2016-10-28 11:14:26', 32, 0, 0, NULL, 0),
	(4, 1, 4, '2016-11-29 11:14:28', 1, '2016-11-29 11:14:28', 18, 0, 0, NULL, 0),
	(5, 1, 5, '2016-12-17 11:14:29', 1, '2016-12-17 11:14:29', 18, 0, 0, NULL, 0),
	(6, 1, 6, '2017-01-04 11:14:30', 1, '2017-01-04 11:14:30', 14, 0, 0, NULL, 0),
	(7, 2, 1, '2016-10-25 11:14:31', 1, '2016-10-25 11:14:31', 0, 0, 0, NULL, 0),
	(8, 2, 2, '2016-10-25 11:14:31', 1, '2016-10-25 11:14:31', 10, 0, 0, NULL, 0),
	(9, 3, 1, '2016-10-25 11:14:31', 1, '2016-10-25 11:14:31', 0, 0, 0, NULL, 0),
	(10, 3, 2, '2016-10-25 11:14:31', 1, '2016-10-25 11:14:31', 9, 0, 0, NULL, 0),
	(11, 2, 3, '2016-11-04 11:14:32', 1, '2016-11-04 11:14:32', 30, 0, 0, NULL, 0),
	(12, 3, 3, '2016-11-03 11:14:33', 1, '2016-11-03 11:14:33', 34, 0, 0, NULL, 0),
	(13, 2, 4, '2016-12-04 11:14:34', 1, '2016-12-04 11:14:34', 20, 0, 0, NULL, 0),
	(14, 3, 4, '2016-12-07 11:14:35', 1, '2016-12-07 11:14:35', 18, 0, 0, NULL, 0),
	(15, 2, 5, '2016-12-24 11:14:36', 1, '2016-12-24 11:14:36', 18, 0, 0, NULL, 0),
	(16, 3, 5, '2016-12-25 11:14:37', 1, '2016-12-25 11:14:37', 20, 0, 0, NULL, 0),
	(17, 2, 6, '2017-01-11 11:14:38', 1, '2017-01-11 11:14:38', 13, 0, 0, NULL, 0),
	(18, 3, 6, '2017-01-14 11:14:40', 1, '2017-01-14 11:14:40', 13, 0, 0, NULL, 0),
	(19, 4, 1, '2016-10-28 11:14:42', 1, '2016-10-28 11:14:42', 0, 0, 0, NULL, 0),
	(20, 4, 2, '2016-10-28 11:14:42', 1, '2016-10-28 11:14:42', 6, 0, 0, NULL, 0),
	(21, 4, 3, '2016-11-03 11:14:43', 1, '2016-11-03 11:14:43', 33, 0, 0, NULL, 0),
	(22, 4, 4, '2016-12-06 11:14:44', 1, '2016-12-06 11:14:44', 16, 0, 0, NULL, 0),
	(23, 4, 5, '2016-12-22 11:14:45', 1, '2016-12-22 11:14:45', 15, 0, 0, NULL, 0),
	(24, 4, 6, '2017-01-06 11:14:46', 3, '2017-01-05 11:21:12', 0, 1, 0, NULL, 0),
	(25, 5, 1, '2016-10-29 11:14:47', 1, '2016-10-29 11:14:47', 0, 0, 0, NULL, 0),
	(26, 5, 2, '2016-10-29 11:14:47', 1, '2016-10-29 11:14:47', 8, 0, 0, NULL, 0),
	(27, 5, 3, '2016-11-06 11:14:48', 1, '2016-11-06 11:14:48', 34, 0, 0, NULL, 0),
	(28, 5, 4, '2016-12-10 11:14:49', 1, '2016-12-10 11:14:49', 16, 0, 0, NULL, 0),
	(29, 5, 5, '2016-12-26 11:14:51', 1, '2016-12-26 11:14:51', 17, 0, 0, NULL, 0),
	(30, 5, 6, '2017-01-12 11:14:52', 1, '2017-01-12 11:14:52', 12, 0, 0, NULL, 0),
	(31, 6, 1, '2016-10-30 11:14:53', 1, '2016-10-30 11:14:53', 0, 0, 0, NULL, 0),
	(32, 6, 2, '2016-10-30 11:14:53', 1, '2016-10-30 11:14:53', 7, 0, 0, NULL, 0),
	(33, 6, 3, '2016-11-06 11:14:54', 1, '2016-11-06 11:14:54', 33, 0, 0, NULL, 0),
	(34, 6, 4, '2016-12-09 11:14:55', 1, '2016-12-09 11:14:55', 17, 0, 0, NULL, 0),
	(35, 6, 5, '2016-12-26 11:14:56', 1, '2016-12-26 11:14:56', 19, 0, 0, NULL, 0),
	(36, 6, 6, '2017-01-14 11:14:57', 1, '2017-01-14 11:14:57', 14, 0, 0, NULL, 0),
	(37, 7, 1, '2016-10-31 11:14:58', 1, '2016-10-31 11:14:58', 0, 0, 0, NULL, 0),
	(38, 7, 2, '2016-10-31 11:14:58', 1, '2016-10-31 11:14:58', 7, 0, 0, NULL, 0),
	(39, 7, 3, '2016-11-07 11:14:59', 1, '2016-11-07 11:14:59', 32, 0, 0, NULL, 0),
	(40, 7, 4, '2016-12-09 11:15:00', 1, '2016-12-09 11:15:00', 15, 0, 0, NULL, 0),
	(41, 7, 5, '2016-12-24 11:15:01', 1, '2016-12-24 11:15:01', 15, 0, 0, NULL, 0),
	(42, 7, 6, '2017-01-08 11:15:02', 1, '2017-01-08 11:15:02', 12, 0, 0, NULL, 0),
	(43, 8, 1, '2016-11-03 11:15:04', 1, '2016-11-03 11:15:04', 0, 0, 0, NULL, 0),
	(44, 8, 2, '2016-11-03 11:15:04', 1, '2016-11-03 11:15:04', 9, 0, 0, NULL, 0),
	(45, 8, 3, '2016-11-12 11:15:05', 1, '2016-11-12 11:15:05', 34, 0, 0, NULL, 0),
	(46, 8, 4, '2016-12-16 11:15:06', 1, '2016-12-16 11:15:06', 17, 0, 0, NULL, 0),
	(47, 8, 5, '2017-01-02 11:15:07', 1, '2017-01-02 11:15:07', 17, 0, 0, NULL, 0),
	(48, 8, 6, '2017-01-19 11:15:08', 1, '2017-01-19 11:15:08', 5, 0, 0, NULL, 0),
	(49, 9, 1, '2016-11-07 11:15:09', 1, '2016-11-07 11:15:09', 0, 0, 0, NULL, 0),
	(50, 9, 2, '2016-11-07 11:15:09', 1, '2016-11-07 11:15:09', 5, 0, 0, NULL, 0),
	(51, 9, 3, '2016-11-12 11:15:10', 1, '2016-11-12 11:15:10', 33, 0, 0, NULL, 0),
	(52, 9, 4, '2016-12-15 11:15:11', 1, '2016-12-15 11:15:11', 15, 0, 0, NULL, 0),
	(53, 9, 5, '2016-12-30 11:15:12', 1, '2016-12-30 11:15:12', 16, 0, 0, NULL, 0),
	(54, 9, 6, '2017-01-15 11:15:13', 5, '2017-01-26 11:21:15', 0, 1, 0, NULL, 0),
	(55, 10, 1, '2016-11-09 11:15:14', 4, '2017-01-27 11:21:13', 0, 1, 0, NULL, 6),
	(56, 10, 2, '2016-11-09 11:15:14', 1, '2016-11-09 11:15:14', 6, 0, 1, NULL, 0),
	(57, 11, 1, '2016-11-09 11:15:14', 1, '2016-11-09 11:15:14', 0, 0, 0, NULL, 0),
	(58, 11, 2, '2016-11-09 11:15:14', 1, '2016-11-09 11:15:14', 7, 0, 0, NULL, 0),
	(59, 12, 1, '2016-11-09 11:15:14', 1, '2016-11-09 11:15:14', 0, 0, 0, NULL, 0),
	(60, 12, 2, '2016-11-09 11:15:14', 1, '2016-11-09 11:15:14', 10, 0, 0, NULL, 0),
	(61, 10, 3, '2016-11-15 11:15:16', 1, '2016-11-15 11:15:16', 31, 0, 1, NULL, 0),
	(62, 11, 3, '2016-11-16 11:15:17', 1, '2016-11-16 11:15:17', 35, 0, 0, NULL, 0),
	(63, 12, 3, '2016-11-19 11:15:18', 1, '2016-11-19 11:15:18', 31, 0, 0, NULL, 0),
	(64, 10, 4, '2016-12-16 11:15:19', 1, '2016-12-16 11:15:19', 19, 0, 1, NULL, 0),
	(65, 11, 4, '2016-12-21 11:15:20', 1, '2016-12-21 11:15:20', 17, 0, 0, NULL, 0),
	(66, 12, 4, '2016-12-20 11:15:21', 1, '2016-12-20 11:15:21', 15, 0, 0, NULL, 0),
	(67, 10, 5, '2017-01-04 11:15:22', 1, '2017-01-04 11:15:22', 19, 0, 1, NULL, 0),
	(68, 11, 5, '2017-01-07 11:15:23', 1, '2017-01-07 11:15:23', 20, 0, 0, NULL, 0),
	(69, 12, 5, '2017-01-04 11:15:24', 1, '2017-01-04 11:15:24', 15, 0, 0, NULL, 0),
	(70, 10, 6, '2017-01-23 11:15:25', 1, '2017-01-23 11:15:25', 4, 0, 1, NULL, 0),
	(71, 11, 6, '2017-01-27 11:15:27', 1, '2017-01-27 11:15:27', 1, 0, 0, NULL, 0),
	(72, 12, 6, '2017-01-19 11:15:28', 1, '2017-01-19 11:15:28', 8, 0, 0, NULL, 0),
	(73, 13, 1, '2016-11-10 11:15:31', 1, '2016-11-10 11:15:31', 0, 0, 0, NULL, 0),
	(74, 13, 2, '2016-11-10 11:15:31', 1, '2016-11-10 11:15:31', 7, 0, 0, NULL, 0),
	(75, 14, 1, '2016-11-10 11:15:31', 1, '2016-11-10 11:15:31', 0, 0, 0, NULL, 0),
	(76, 14, 2, '2016-11-10 11:15:31', 1, '2016-11-10 11:15:31', 10, 0, 0, NULL, 0),
	(77, 13, 3, '2016-11-17 11:15:32', 1, '2016-11-17 11:15:32', 35, 0, 0, NULL, 0),
	(78, 14, 3, '2016-11-20 11:15:33', 1, '2016-11-20 11:15:33', 30, 0, 0, NULL, 0),
	(79, 13, 4, '2016-12-22 11:15:34', 1, '2016-12-22 11:15:34', 17, 0, 0, NULL, 0),
	(80, 14, 4, '2016-12-20 11:15:35', 1, '2016-12-20 11:15:35', 17, 0, 0, NULL, 0),
	(81, 13, 5, '2017-01-08 11:15:36', 1, '2017-01-08 11:15:36', 16, 0, 0, NULL, 0),
	(82, 14, 5, '2017-01-06 11:15:37', 1, '2017-01-06 11:15:37', 16, 0, 0, NULL, 0),
	(83, 13, 6, '2017-01-24 11:15:39', 1, '2017-01-24 11:15:39', 2, 0, 0, NULL, 0),
	(84, 14, 6, '2017-01-22 11:15:40', 1, '2017-01-22 11:15:40', 5, 0, 0, NULL, 0),
	(85, 15, 1, '2016-11-18 11:15:42', 1, '2016-11-18 11:15:42', 0, 0, 0, NULL, 0),
	(86, 15, 2, '2016-11-18 11:15:42', 1, '2016-11-18 11:15:42', 7, 0, 0, NULL, 0),
	(87, 15, 3, '2016-11-25 11:15:43', 1, '2016-11-25 11:15:43', 33, 0, 0, NULL, 0),
	(88, 15, 4, '2016-12-28 11:15:44', 1, '2016-12-28 11:15:44', 18, 0, 0, NULL, 0),
	(89, 15, 5, '2017-01-15 11:15:45', 1, '2017-01-15 11:15:45', 30, 0, 0, NULL, 0),
	(90, 16, 1, '2016-11-19 11:15:46', 1, '2016-11-19 11:15:46', 0, 0, 0, NULL, 0),
	(91, 16, 2, '2016-11-19 11:15:46', 1, '2016-11-19 11:15:46', 10, 0, 0, NULL, 0),
	(92, 17, 1, '2016-11-19 11:15:46', 1, '2016-11-19 11:15:46', 0, 0, 0, NULL, 0),
	(93, 17, 2, '2016-11-19 11:15:46', 1, '2016-11-19 11:15:46', 8, 0, 0, NULL, 0),
	(94, 16, 3, '2016-11-29 11:15:47', 1, '2016-11-29 11:15:47', 32, 0, 0, NULL, 0),
	(95, 17, 3, '2016-11-27 11:15:48', 1, '2016-11-27 11:15:48', 33, 0, 0, NULL, 0),
	(96, 16, 4, '2016-12-31 11:15:49', 1, '2016-12-31 11:15:49', 18, 0, 0, NULL, 0),
	(97, 17, 4, '2016-12-30 11:15:51', 1, '2016-12-30 11:15:51', 16, 0, 0, NULL, 0),
	(98, 16, 5, '2017-01-18 11:15:52', 1, '2017-01-18 11:15:52', 8, 0, 0, NULL, 0),
	(99, 17, 5, '2017-01-15 11:15:53', 1, '2017-01-15 11:15:53', 3, 0, 0, NULL, 0),
	(100, 18, 1, '2016-11-20 11:15:55', 1, '2016-11-20 11:15:55', 0, 0, 0, NULL, 0),
	(101, 18, 2, '2016-11-20 11:15:55', 1, '2016-11-20 11:15:55', 9, 0, 0, NULL, 0),
	(102, 18, 3, '2016-11-29 11:15:56', 1, '2016-11-29 11:15:56', 33, 0, 0, NULL, 0),
	(103, 18, 4, '2017-01-01 11:15:57', 1, '2017-01-01 11:15:57', 19, 0, 0, NULL, 0),
	(104, 18, 5, '2017-01-20 11:15:58', 1, '2017-01-20 11:15:58', 19, 0, 0, NULL, 0),
	(105, 18, 6, '2017-02-08 11:15:59', 1, '2017-02-08 11:15:59', 11, 0, 0, NULL, 0),
	(106, 19, 1, '2016-11-24 11:16:00', 1, '2016-11-24 11:16:00', 0, 0, 0, NULL, 0),
	(107, 19, 2, '2016-11-24 11:16:00', 1, '2016-11-24 11:16:00', 6, 0, 0, NULL, 0),
	(108, 19, 3, '2016-11-30 11:16:01', 1, '2016-11-30 11:16:01', 32, 0, 0, NULL, 0),
	(109, 19, 4, '2017-01-01 11:16:02', 1, '2017-01-01 11:16:02', 16, 0, 0, NULL, 0),
	(110, 19, 5, '2017-01-17 11:16:03', 1, '2017-01-17 11:16:03', 19, 0, 0, NULL, 0),
	(111, 19, 6, '2017-02-05 11:16:05', 1, '2017-02-05 11:16:05', 13, 0, 0, NULL, 0),
	(112, 20, 1, '2016-11-26 11:16:06', 1, '2016-11-26 11:16:06', 0, 0, 0, NULL, 0),
	(113, 20, 2, '2016-11-26 11:16:06', 1, '2016-11-26 11:16:06', 9, 0, 0, NULL, 0),
	(114, 21, 1, '2016-11-26 11:16:06', 1, '2016-11-26 11:16:06', 0, 0, 0, NULL, 0),
	(115, 21, 2, '2016-11-26 11:16:06', 1, '2016-11-26 11:16:06', 6, 0, 0, NULL, 0),
	(116, 20, 3, '2016-12-05 11:16:07', 1, '2016-12-05 11:16:07', 30, 0, 0, NULL, 0),
	(117, 21, 3, '2016-12-02 11:16:08', 1, '2016-12-02 11:16:08', 32, 0, 0, NULL, 0),
	(118, 20, 4, '2017-01-04 11:16:09', 1, '2017-01-04 11:16:09', 19, 0, 0, NULL, 0),
	(119, 21, 4, '2017-01-03 11:16:10', 1, '2017-01-03 11:16:10', 19, 0, 0, NULL, 0),
	(120, 20, 5, '2017-01-23 11:16:11', 1, '2017-01-23 11:16:11', 17, 0, 0, NULL, 0),
	(121, 21, 5, '2017-01-22 11:16:12', 1, '2017-01-22 11:16:12', 51, 0, 0, NULL, 0),
	(122, 20, 6, '2017-02-09 11:16:13', 1, '2017-02-09 11:16:13', 30, 0, 0, NULL, 0),
	(123, 22, 1, '2016-11-27 11:16:16', 1, '2016-11-27 11:16:16', 0, 0, 0, NULL, 0),
	(124, 22, 2, '2016-11-27 11:16:16', 1, '2016-11-27 11:16:16', 7, 0, 0, NULL, 0),
	(125, 22, 3, '2016-12-04 11:16:17', 1, '2016-12-04 11:16:17', 31, 0, 0, NULL, 0),
	(126, 22, 4, '2017-01-04 11:16:18', 1, '2017-01-04 11:16:18', 17, 0, 0, NULL, 0),
	(127, 22, 5, '2017-01-21 11:16:19', 1, '2017-01-21 11:16:19', 15, 0, 0, NULL, 0),
	(128, 22, 6, '2017-02-05 11:16:20', 1, '2017-02-05 11:16:20', 13, 0, 0, NULL, 0),
	(129, 23, 1, '2016-11-28 11:16:21', 1, '2016-11-28 11:16:21', 0, 0, 0, NULL, 0),
	(130, 23, 2, '2016-11-28 11:16:21', 1, '2016-11-28 11:16:21', 6, 0, 0, NULL, 0),
	(131, 23, 3, '2016-12-04 11:16:22', 1, '2016-12-04 11:16:22', 31, 0, 0, NULL, 0),
	(132, 23, 4, '2017-01-04 11:16:23', 1, '2017-01-04 11:16:23', 16, 0, 0, NULL, 0),
	(133, 23, 5, '2017-01-20 11:16:24', 3, '2017-01-09 11:21:34', 0, 1, 0, NULL, 0),
	(134, 24, 1, '2016-11-29 11:16:25', 1, '2016-11-29 11:16:25', 0, 0, 0, NULL, 0),
	(135, 24, 2, '2016-11-29 11:16:25', 1, '2016-11-29 11:16:25', 6, 0, 0, NULL, 0),
	(136, 25, 1, '2016-11-29 11:16:25', 1, '2016-11-29 11:16:25', 0, 0, 0, NULL, 0),
	(137, 25, 2, '2016-11-29 11:16:25', 1, '2016-11-29 11:16:25', 9, 0, 0, NULL, 0),
	(138, 24, 3, '2016-12-05 11:16:27', 1, '2016-12-05 11:16:27', 35, 0, 0, NULL, 0),
	(139, 25, 3, '2016-12-08 11:16:28', 1, '2016-12-08 11:16:28', 32, 0, 0, NULL, 0),
	(140, 24, 4, '2017-01-09 11:16:29', 1, '2017-01-09 11:16:29', 16, 0, 0, NULL, 0),
	(141, 25, 4, '2017-01-09 11:16:30', 1, '2017-01-09 11:16:30', 16, 0, 0, NULL, 0),
	(142, 24, 5, '2017-01-25 11:16:31', 1, '2017-01-25 11:16:31', 33, 0, 0, NULL, 0),
	(143, 25, 5, '2017-01-25 11:16:32', 1, '2017-01-25 11:16:32', 19, 0, 0, NULL, 0),
	(144, 25, 6, '2017-02-13 11:16:33', 1, '2017-02-13 11:16:33', 6, 0, 0, NULL, 0),
	(145, 26, 1, '2016-12-02 11:16:35', 1, '2016-12-02 11:16:35', 0, 0, 0, NULL, 0),
	(146, 26, 2, '2016-12-02 11:16:35', 1, '2016-12-02 11:16:35', 5, 0, 0, NULL, 0),
	(147, 26, 3, '2016-12-07 11:16:36', 1, '2016-12-07 11:16:36', 35, 0, 0, NULL, 0),
	(148, 26, 4, '2017-01-11 11:16:37', 1, '2017-01-11 11:16:37', 18, 0, 0, NULL, 0),
	(149, 26, 5, '2017-01-29 11:16:38', 1, '2017-01-29 11:16:38', 17, 0, 0, NULL, 0),
	(150, 26, 6, '2017-02-15 11:16:40', 3, '2017-02-12 11:24:02', 0, 1, 0, NULL, 0),
	(151, 27, 1, '2016-12-03 11:16:41', 1, '2016-12-03 11:16:41', 0, 0, 0, NULL, 0),
	(152, 27, 2, '2016-12-03 11:16:41', 1, '2016-12-03 11:16:41', 6, 0, 0, NULL, 0),
	(153, 28, 1, '2016-12-03 11:16:41', 1, '2016-12-03 11:16:41', 0, 0, 0, NULL, 0),
	(154, 28, 2, '2016-12-03 11:16:41', 1, '2016-12-03 11:16:41', 5, 0, 0, NULL, 0),
	(155, 27, 3, '2016-12-09 11:16:42', 1, '2016-12-09 11:16:42', 32, 0, 0, NULL, 0),
	(156, 28, 3, '2016-12-08 11:16:43', 1, '2016-12-08 11:16:43', 30, 0, 0, NULL, 0),
	(157, 27, 4, '2017-01-10 11:16:44', 1, '2017-01-10 11:16:44', 16, 0, 0, NULL, 0),
	(158, 28, 4, '2017-01-07 11:16:45', 1, '2017-01-07 11:16:45', 15, 0, 0, NULL, 0),
	(159, 27, 5, '2017-01-26 11:16:46', 1, '2017-01-26 11:16:46', 18, 0, 0, NULL, 0),
	(160, 28, 5, '2017-01-22 11:16:47', 1, '2017-01-22 11:16:47', 16, 0, 0, NULL, 0),
	(161, 27, 6, '2017-02-13 11:16:48', 1, '2017-02-13 11:16:48', 2, 0, 0, NULL, 0),
	(162, 28, 6, '2017-02-07 11:16:49', 1, '2017-02-07 11:16:49', 12, 0, 0, NULL, 0),
	(163, 29, 1, '2016-12-06 11:16:51', 1, '2016-12-06 11:16:51', 0, 0, 0, NULL, 0),
	(164, 29, 2, '2016-12-06 11:16:51', 1, '2016-12-06 11:16:51', 10, 0, 0, NULL, 0),
	(165, 30, 1, '2016-12-06 11:16:51', 4, '2017-02-22 11:24:03', 0, 1, 0, NULL, 6),
	(166, 30, 2, '2016-12-06 11:16:51', 1, '2016-12-06 11:16:51', 5, 0, 1, NULL, 0),
	(167, 29, 3, '2016-12-16 11:16:52', 1, '2016-12-16 11:16:52', 31, 0, 0, NULL, 0),
	(168, 30, 3, '2016-12-11 11:16:54', 1, '2016-12-11 11:16:54', 31, 0, 1, NULL, 0),
	(169, 29, 4, '2017-01-16 11:16:55', 1, '2017-01-16 11:16:55', 19, 0, 0, NULL, 0),
	(170, 30, 4, '2017-01-11 11:16:56', 1, '2017-01-11 11:16:56', 18, 0, 1, NULL, 0),
	(171, 29, 5, '2017-02-04 11:16:57', 1, '2017-02-04 11:16:57', 16, 0, 0, NULL, 0),
	(172, 30, 5, '2017-01-29 11:16:58', 1, '2017-01-29 11:16:58', 19, 0, 1, NULL, 0),
	(173, 29, 6, '2017-02-20 11:16:59', 1, '2017-02-20 11:16:59', 5, 0, 0, NULL, 0),
	(174, 30, 6, '2017-02-17 11:17:00', 1, '2017-02-17 11:17:00', 5, 0, 1, NULL, 0),
	(175, 31, 1, '2016-12-07 11:17:02', 1, '2016-12-07 11:17:02', 0, 0, 0, NULL, 0),
	(176, 31, 2, '2016-12-07 11:17:02', 1, '2016-12-07 11:17:02', 6, 0, 0, NULL, 0),
	(177, 31, 3, '2016-12-13 11:17:03', 1, '2016-12-13 11:17:03', 30, 0, 0, NULL, 0),
	(178, 31, 4, '2017-01-12 11:17:04', 1, '2017-01-12 11:17:04', 16, 0, 0, NULL, 0),
	(179, 31, 5, '2017-01-28 11:17:06', 1, '2017-01-28 11:17:06', 1, 0, 0, NULL, 0),
	(180, 32, 1, '2016-12-08 11:17:07', 1, '2016-12-08 11:17:07', 0, 0, 0, NULL, 0),
	(181, 32, 2, '2016-12-08 11:17:07', 1, '2016-12-08 11:17:07', 8, 0, 0, NULL, 0),
	(182, 32, 3, '2016-12-16 11:17:08', 1, '2016-12-16 11:17:08', 32, 0, 0, NULL, 0),
	(183, 32, 4, '2017-01-17 11:17:09', 1, '2017-01-17 11:17:09', 54, 0, 0, NULL, 0),
	(184, 33, 1, '2016-12-10 11:17:10', 1, '2016-12-10 11:17:10', 0, 0, 0, NULL, 0),
	(185, 33, 2, '2016-12-10 11:17:10', 1, '2016-12-10 11:17:10', 10, 0, 0, NULL, 0),
	(186, 33, 3, '2016-12-20 11:17:11', 1, '2016-12-20 11:17:11', 30, 0, 0, NULL, 0),
	(187, 33, 4, '2017-01-19 11:17:12', 1, '2017-01-19 11:17:12', 53, 0, 0, NULL, 0),
	(188, 34, 1, '2016-12-13 11:17:13', 1, '2016-12-13 11:17:13', 0, 0, 0, NULL, 0),
	(189, 34, 2, '2016-12-13 11:17:13', 1, '2016-12-13 11:17:13', 9, 0, 0, NULL, 0),
	(190, 35, 1, '2016-12-13 11:17:13', 1, '2016-12-13 11:17:13', 0, 0, 0, NULL, 0),
	(191, 35, 2, '2016-12-13 11:17:13', 1, '2016-12-13 11:17:13', 5, 0, 0, NULL, 0),
	(192, 36, 1, '2016-12-13 11:17:13', 1, '2016-12-13 11:17:13', 0, 0, 0, NULL, 0),
	(193, 36, 2, '2016-12-13 11:17:13', 1, '2016-12-13 11:17:13', 5, 0, 0, NULL, 0),
	(194, 34, 3, '2016-12-22 11:17:14', 1, '2016-12-22 11:17:14', 31, 0, 0, NULL, 0),
	(195, 35, 3, '2016-12-18 11:17:15', 1, '2016-12-18 11:17:15', 30, 0, 0, NULL, 0),
	(196, 36, 3, '2016-12-18 11:17:16', 1, '2016-12-18 11:17:16', 31, 0, 0, NULL, 0),
	(197, 34, 4, '2017-01-22 11:17:18', 1, '2017-01-22 11:17:18', 18, 0, 0, NULL, 0),
	(198, 35, 4, '2017-01-17 11:17:19', 1, '2017-01-17 11:17:19', 20, 0, 0, NULL, 0),
	(199, 36, 4, '2017-01-18 11:17:20', 3, '2017-01-14 11:21:26', 0, 1, 0, NULL, 0),
	(200, 34, 5, '2017-02-09 11:17:21', 1, '2017-02-09 11:17:21', 19, 0, 0, NULL, 0),
	(201, 35, 5, '2017-02-06 11:17:22', 1, '2017-02-06 11:17:22', 16, 0, 0, NULL, 0),
	(202, 34, 6, '2017-02-28 11:17:23', 1, '2017-02-28 11:17:23', 0, 0, 0, NULL, 0),
	(203, 35, 6, '2017-02-22 11:17:24', 1, '2017-02-22 11:17:24', 1, 0, 0, NULL, 0),
	(204, 37, 1, '2016-12-14 11:17:27', 1, '2016-12-14 11:17:27', 0, 0, 0, NULL, 0),
	(205, 37, 2, '2016-12-14 11:17:27', 1, '2016-12-14 11:17:27', 7, 0, 0, NULL, 0),
	(206, 38, 1, '2016-12-14 11:17:27', 1, '2016-12-14 11:17:27', 0, 0, 0, NULL, 0),
	(207, 38, 2, '2016-12-14 11:17:27', 1, '2016-12-14 11:17:27', 8, 0, 0, NULL, 0),
	(208, 37, 3, '2016-12-21 11:17:28', 1, '2016-12-21 11:17:28', 35, 0, 0, NULL, 0),
	(209, 38, 3, '2016-12-22 11:17:30', 1, '2016-12-22 11:17:30', 33, 0, 0, NULL, 0),
	(210, 37, 4, '2017-01-25 11:17:31', 1, '2017-01-25 11:17:31', 3, 0, 0, NULL, 0),
	(211, 38, 4, '2017-01-24 11:17:32', 1, '2017-01-24 11:17:32', 4, 0, 0, NULL, 0),
	(212, 39, 1, '2016-12-18 11:17:34', 4, '2017-01-13 11:21:27', 0, 1, 0, NULL, 4),
	(213, 39, 2, '2016-12-18 11:17:34', 1, '2016-12-18 11:17:34', 7, 0, 1, NULL, 0),
	(214, 39, 3, '2016-12-25 11:17:35', 1, '2016-12-25 11:17:35', 33, 0, 1, NULL, 0),
	(215, 39, 4, '2017-01-27 11:17:36', 1, '2017-01-27 11:17:36', -14, 0, 1, NULL, 0),
	(216, 40, 1, '2016-12-20 11:17:37', 1, '2016-12-20 11:17:37', 0, 0, 0, NULL, 0),
	(217, 40, 2, '2016-12-20 11:17:37', 1, '2016-12-20 11:17:37', 7, 0, 0, NULL, 0),
	(218, 41, 1, '2016-12-20 11:17:37', 1, '2016-12-20 11:17:37', 0, 0, 0, NULL, 0),
	(219, 41, 2, '2016-12-20 11:17:37', 1, '2016-12-20 11:17:37', 6, 0, 0, NULL, 0),
	(220, 40, 3, '2016-12-27 11:17:38', 1, '2016-12-27 11:17:38', 33, 0, 0, NULL, 0),
	(221, 41, 3, '2016-12-26 11:17:39', 1, '2016-12-26 11:17:39', 30, 0, 0, NULL, 0),
	(222, 40, 4, '2017-01-29 11:17:40', 1, '2017-01-29 11:17:40', 15, 0, 0, NULL, 0),
	(223, 41, 4, '2017-01-25 11:17:41', 1, '2017-01-25 11:17:41', 17, 0, 0, NULL, 0),
	(224, 40, 5, '2017-02-13 11:17:43', 5, '2017-02-07 11:24:05', 0, 1, 0, NULL, 0),
	(225, 41, 5, '2017-02-11 11:17:44', 1, '2017-02-11 11:17:44', 17, 0, 0, NULL, 0),
	(226, 41, 6, '2017-02-28 11:17:46', 1, '2017-02-28 11:17:46', 0, 0, 0, NULL, 0),
	(227, 42, 1, '2016-12-21 11:17:47', 4, '2017-01-07 11:21:35', 0, 1, 0, NULL, 4),
	(228, 42, 2, '2016-12-21 11:17:47', 1, '2016-12-21 11:17:47', 9, 0, 1, NULL, 0),
	(229, 42, 3, '2016-12-30 11:17:48', 1, '2016-12-30 11:17:48', 31, 0, 1, NULL, 0),
	(230, 42, 4, '2017-01-30 11:17:49', 1, '2017-01-30 11:17:49', -23, 0, 1, NULL, 0),
	(231, 43, 1, '2016-12-22 11:17:50', 1, '2016-12-22 11:17:50', 0, 0, 0, NULL, 0),
	(232, 43, 2, '2016-12-22 11:17:50', 1, '2016-12-22 11:17:50', 5, 0, 0, NULL, 0),
	(233, 43, 3, '2016-12-27 11:17:51', 1, '2016-12-27 11:17:51', 32, 0, 0, NULL, 0),
	(234, 43, 4, '2017-01-28 11:17:52', 1, '2017-01-28 11:17:52', 19, 0, 0, NULL, 0),
	(235, 43, 5, '2017-02-16 11:17:53', 1, '2017-02-16 11:17:53', 19, 0, 0, NULL, 0),
	(236, 43, 6, '2017-03-07 11:17:54', 1, '2017-03-07 11:17:54', 13, 0, 0, NULL, 0),
	(237, 44, 1, '2016-12-23 11:17:56', 1, '2016-12-23 11:17:56', 0, 0, 0, NULL, 0),
	(238, 44, 2, '2016-12-23 11:17:56', 1, '2016-12-23 11:17:56', 7, 0, 0, NULL, 0),
	(239, 45, 1, '2016-12-23 11:17:56', 4, '2017-01-07 11:21:36', 0, 1, 0, NULL, 4),
	(240, 45, 2, '2016-12-23 11:17:56', 1, '2016-12-23 11:17:56', 6, 0, 1, NULL, 0),
	(241, 46, 1, '2016-12-23 11:17:56', 1, '2016-12-23 11:17:56', 0, 0, 0, NULL, 0),
	(242, 46, 2, '2016-12-23 11:17:56', 1, '2016-12-23 11:17:56', 8, 0, 0, NULL, 0),
	(243, 44, 3, '2016-12-30 11:17:57', 1, '2016-12-30 11:17:57', 31, 0, 0, NULL, 0),
	(244, 45, 3, '2016-12-29 11:17:58', 1, '2016-12-29 11:17:58', 31, 0, 1, NULL, 0),
	(245, 46, 3, '2016-12-31 11:17:59', 1, '2016-12-31 11:17:59', 30, 0, 0, NULL, 0),
	(246, 44, 4, '2017-01-30 11:18:00', 1, '2017-01-30 11:18:00', 17, 0, 0, NULL, 0),
	(247, 45, 4, '2017-01-29 11:18:01', 1, '2017-01-29 11:18:01', -22, 0, 1, NULL, 0),
	(248, 46, 4, '2017-01-30 11:18:02', 1, '2017-01-30 11:18:02', 19, 0, 0, NULL, 0),
	(249, 44, 5, '2017-02-16 11:18:03', 1, '2017-02-16 11:18:03', 6, 0, 0, NULL, 0),
	(250, 46, 5, '2017-02-18 11:18:04', 1, '2017-02-18 11:18:04', 20, 0, 0, NULL, 0),
	(251, 46, 6, '2017-03-10 11:18:05', 1, '2017-03-10 11:18:05', 11, 0, 0, NULL, 0),
	(252, 47, 1, '2016-12-24 11:18:09', 1, '2016-12-24 11:18:09', 0, 0, 0, NULL, 0),
	(253, 47, 2, '2016-12-24 11:18:09', 1, '2016-12-24 11:18:09', 5, 0, 0, NULL, 0),
	(254, 48, 1, '2016-12-24 11:18:09', 1, '2016-12-24 11:18:09', 0, 0, 0, NULL, 0),
	(255, 48, 2, '2016-12-24 11:18:09', 1, '2016-12-24 11:18:09', 7, 0, 0, NULL, 0),
	(256, 47, 3, '2016-12-29 11:18:10', 1, '2016-12-29 11:18:10', 31, 0, 0, NULL, 0),
	(257, 48, 3, '2016-12-31 11:18:11', 1, '2016-12-31 11:18:11', 34, 0, 0, NULL, 0),
	(258, 48, 4, '2017-02-03 11:18:12', 1, '2017-02-03 11:18:12', 16, 0, 0, NULL, 0),
	(259, 48, 5, '2017-02-19 11:18:13', 1, '2017-02-19 11:18:13', 20, 0, 0, NULL, 0),
	(260, 47, 4, '2017-01-29 11:18:14', 5, '2017-01-19 11:21:38', 0, 1, 0, NULL, 0),
	(261, 48, 6, '2017-03-11 11:18:15', 1, '2017-03-11 11:18:15', 13, 0, 0, NULL, 0),
	(262, 49, 1, '2016-12-26 11:18:17', 1, '2016-12-26 11:18:17', 0, 0, 0, NULL, 0),
	(263, 49, 2, '2016-12-26 11:18:17', 1, '2016-12-26 11:18:17', 6, 0, 0, NULL, 0),
	(264, 49, 3, '2017-01-01 11:18:18', 1, '2017-01-01 11:18:18', 32, 0, 0, NULL, 0),
	(265, 49, 4, '2017-02-02 11:18:19', 1, '2017-02-02 11:18:19', 16, 0, 0, NULL, 0),
	(266, 49, 5, '2017-02-18 11:18:21', 1, '2017-02-18 11:18:21', 19, 0, 0, NULL, 0),
	(267, 49, 6, '2017-03-09 11:18:22', 3, '2017-03-18 11:27:38', 0, 1, 0, NULL, 0),
	(268, 50, 1, '2016-12-27 11:18:23', 1, '2016-12-27 11:18:23', 0, 0, 0, NULL, 0),
	(269, 50, 2, '2016-12-27 11:18:23', 1, '2016-12-27 11:18:23', 8, 0, 0, NULL, 0),
	(270, 50, 3, '2017-01-04 11:18:24', 1, '2017-01-04 11:18:24', 34, 0, 0, NULL, 0),
	(271, 50, 4, '2017-02-07 11:18:25', 1, '2017-02-07 11:18:25', 17, 0, 0, NULL, 0),
	(272, 50, 5, '2017-02-24 11:18:26', 1, '2017-02-24 11:18:26', 2, 0, 0, NULL, 0),
	(273, 51, 1, '2016-12-28 11:18:27', 1, '2016-12-28 11:18:27', 0, 0, 0, NULL, 0),
	(274, 51, 2, '2016-12-28 11:18:27', 1, '2016-12-28 11:18:27', 8, 0, 0, NULL, 0),
	(275, 52, 1, '2016-12-28 11:18:27', 1, '2016-12-28 11:18:27', 0, 0, 0, NULL, 0),
	(276, 52, 2, '2016-12-28 11:18:27', 1, '2016-12-28 11:18:27', 7, 0, 0, NULL, 0),
	(277, 51, 3, '2017-01-05 11:18:28', 1, '2017-01-05 11:18:28', 31, 0, 0, NULL, 0),
	(278, 52, 3, '2017-01-04 11:18:29', 1, '2017-01-04 11:18:29', 30, 0, 0, NULL, 0),
	(279, 51, 4, '2017-02-05 11:18:30', 1, '2017-02-05 11:18:30', 16, 0, 0, NULL, 0),
	(280, 52, 4, '2017-02-03 11:18:31', 1, '2017-02-03 11:18:31', 20, 0, 0, NULL, 0),
	(281, 51, 5, '2017-02-21 11:18:33', 1, '2017-02-21 11:18:33', 15, 0, 0, NULL, 0),
	(282, 52, 5, '2017-02-23 11:18:34', 1, '2017-02-23 11:18:34', 18, 0, 0, NULL, 0),
	(283, 51, 6, '2017-03-08 11:18:35', 1, '2017-03-08 11:18:35', 11, 0, 0, NULL, 0),
	(284, 52, 6, '2017-03-13 11:18:36', 1, '2017-03-13 11:18:36', 63, 0, 0, NULL, 0),
	(285, 53, 1, '2016-12-29 11:18:38', 1, '2016-12-29 11:18:38', 0, 0, 0, NULL, 0),
	(286, 53, 2, '2016-12-29 11:18:38', 1, '2016-12-29 11:18:38', 5, 0, 0, NULL, 0),
	(287, 54, 1, '2016-12-29 11:18:38', 1, '2016-12-29 11:18:38', 0, 0, 0, NULL, 0),
	(288, 54, 2, '2016-12-29 11:18:38', 1, '2016-12-29 11:18:38', 5, 0, 0, NULL, 0),
	(289, 55, 1, '2016-12-29 11:18:38', 1, '2016-12-29 11:18:38', 0, 0, 0, NULL, 0),
	(290, 55, 2, '2016-12-29 11:18:38', 1, '2016-12-29 11:18:38', 5, 0, 0, NULL, 0),
	(291, 53, 3, '2017-01-03 11:18:39', 1, '2017-01-03 11:18:39', 34, 0, 0, NULL, 0),
	(292, 54, 3, '2017-01-03 11:18:40', 1, '2017-01-03 11:18:40', 32, 0, 0, NULL, 0),
	(293, 55, 3, '2017-01-03 11:18:41', 1, '2017-01-03 11:18:41', 33, 0, 0, NULL, 0),
	(294, 53, 4, '2017-02-06 11:18:42', 1, '2017-02-06 11:18:42', 19, 0, 0, NULL, 0),
	(295, 54, 4, '2017-02-04 11:18:43', 1, '2017-02-04 11:18:43', 19, 0, 0, NULL, 0),
	(296, 55, 4, '2017-02-05 11:18:44', 1, '2017-02-05 11:18:44', 19, 0, 0, NULL, 0),
	(297, 53, 5, '2017-02-25 11:18:46', 1, '2017-02-25 11:18:46', 45, 0, 0, NULL, 0),
	(298, 54, 5, '2017-02-23 11:18:47', 1, '2017-02-23 11:18:47', 16, 0, 0, NULL, 0),
	(299, 55, 5, '2017-02-24 11:18:48', 1, '2017-02-24 11:18:48', 61, 0, 0, NULL, 0),
	(300, 54, 6, '2017-03-11 11:18:49', 1, '2017-03-11 11:18:49', 11, 0, 0, NULL, 0),
	(301, 56, 1, '2016-12-30 11:18:52', 1, '2016-12-30 11:18:52', 0, 0, 0, NULL, 0),
	(302, 56, 2, '2016-12-30 11:18:52', 1, '2016-12-30 11:18:52', 5, 0, 0, NULL, 0),
	(303, 57, 1, '2016-12-30 11:18:52', 1, '2016-12-30 11:18:52', 0, 0, 0, NULL, 0),
	(304, 57, 2, '2016-12-30 11:18:52', 1, '2016-12-30 11:18:52', 9, 0, 0, NULL, 0),
	(305, 56, 3, '2017-01-04 11:18:53', 1, '2017-01-04 11:18:53', 33, 0, 0, NULL, 0),
	(306, 57, 3, '2017-01-08 11:18:54', 1, '2017-01-08 11:18:54', 33, 0, 0, NULL, 0),
	(307, 56, 4, '2017-02-06 11:18:55', 1, '2017-02-06 11:18:55', 16, 0, 0, NULL, 0),
	(308, 57, 4, '2017-02-10 11:18:56', 1, '2017-02-10 11:18:56', 18, 0, 0, NULL, 0),
	(309, 56, 5, '2017-02-22 11:18:57', 3, '2017-02-14 11:24:25', 0, 1, 0, NULL, 0),
	(310, 57, 5, '2017-02-28 11:18:59', 1, '2017-02-28 11:18:59', 13, 0, 0, NULL, 0),
	(311, 58, 1, '2017-01-03 11:19:01', 1, '2017-01-03 11:19:01', 0, 0, 0, NULL, 0),
	(312, 58, 2, '2017-01-03 11:19:01', 1, '2017-01-03 11:19:01', 6, 0, 0, NULL, 0),
	(313, 58, 3, '2017-01-09 11:19:02', 1, '2017-01-09 11:19:02', 34, 0, 0, NULL, 0),
	(314, 58, 4, '2017-02-12 11:19:03', 1, '2017-02-12 11:19:03', 19, 0, 0, NULL, 0),
	(315, 58, 5, '2017-03-03 11:19:04', 1, '2017-03-03 11:19:04', 16, 0, 0, NULL, 0),
	(316, 58, 6, '2017-03-19 11:19:05', 1, '2017-03-19 11:19:05', 10, 0, 0, NULL, 0),
	(317, 59, 1, '2017-01-09 11:19:06', 1, '2017-01-09 11:19:06', 0, 0, 0, NULL, 0),
	(318, 59, 2, '2017-01-09 11:19:06', 1, '2017-01-09 11:19:06', 8, 0, 0, NULL, 0),
	(319, 59, 3, '2017-01-17 11:19:07', 1, '2017-01-17 11:19:07', 33, 0, 0, NULL, 0),
	(320, 59, 4, '2017-02-19 11:19:08', 1, '2017-02-19 11:19:08', 61, 0, 0, NULL, 0),
	(321, 60, 1, '2017-01-10 11:19:09', 1, '2017-01-10 11:19:09', 0, 0, 0, NULL, 0),
	(322, 60, 2, '2017-01-10 11:19:09', 1, '2017-01-10 11:19:09', 6, 0, 0, NULL, 0),
	(323, 61, 1, '2017-01-10 11:19:09', 1, '2017-01-10 11:19:09', 0, 0, 0, NULL, 0),
	(324, 61, 2, '2017-01-10 11:19:09', 1, '2017-01-10 11:19:09', 8, 0, 0, NULL, 0),
	(325, 62, 1, '2017-01-10 11:19:09', 1, '2017-01-10 11:19:09', 0, 0, 0, NULL, 0),
	(326, 62, 2, '2017-01-10 11:19:09', 1, '2017-01-10 11:19:09', 7, 0, 0, NULL, 0),
	(327, 63, 1, '2017-01-10 11:19:09', 1, '2017-01-10 11:19:09', 0, 0, 0, NULL, 0),
	(328, 63, 2, '2017-01-10 11:19:09', 1, '2017-01-10 11:19:09', 5, 0, 0, NULL, 0),
	(329, 60, 3, '2017-01-16 11:19:11', 1, '2017-01-16 11:19:11', 30, 0, 0, NULL, 0),
	(330, 61, 3, '2017-01-18 11:19:12', 1, '2017-01-18 11:19:12', 33, 0, 0, NULL, 0),
	(331, 62, 3, '2017-01-17 11:19:13', 1, '2017-01-17 11:19:13', 31, 0, 0, NULL, 0),
	(332, 63, 3, '2017-01-15 11:19:14', 1, '2017-01-15 11:19:14', 30, 0, 0, NULL, 0),
	(333, 60, 4, '2017-02-15 11:19:15', 1, '2017-02-15 11:19:15', 5, 0, 0, NULL, 0),
	(334, 61, 4, '2017-02-20 11:19:16', 1, '2017-02-20 11:19:16', 16, 0, 0, NULL, 0),
	(335, 62, 4, '2017-02-17 11:19:17', 1, '2017-02-17 11:19:17', 16, 0, 0, NULL, 0),
	(336, 63, 4, '2017-02-14 11:19:18', 1, '2017-02-14 11:19:18', 15, 0, 0, NULL, 0),
	(337, 61, 5, '2017-03-08 11:19:19', 1, '2017-03-08 11:19:19', 20, 0, 0, NULL, 0),
	(338, 62, 5, '2017-03-05 11:19:20', 1, '2017-03-05 11:19:20', 18, 0, 0, NULL, 0),
	(339, 63, 5, '2017-03-01 11:19:21', 1, '2017-03-01 11:19:21', 20, 0, 0, NULL, 0),
	(340, 61, 6, '2017-03-28 11:19:22', 1, '2017-03-28 11:19:22', 1, 0, 0, NULL, 0),
	(341, 62, 6, '2017-03-23 11:19:24', 1, '2017-03-23 11:19:24', 5, 0, 0, NULL, 0),
	(342, 63, 6, '2017-03-21 11:19:25', 1, '2017-03-21 11:19:25', 5, 0, 0, NULL, 0),
	(343, 64, 1, '2017-01-11 11:19:29', 4, '2017-02-16 11:24:26', 0, 1, 0, NULL, 4),
	(344, 64, 2, '2017-01-11 11:19:29', 1, '2017-01-11 11:19:29', 10, 0, 1, NULL, 0),
	(345, 65, 1, '2017-01-11 11:19:29', 1, '2017-01-11 11:19:29', 0, 0, 0, NULL, 0),
	(346, 65, 2, '2017-01-11 11:19:29', 1, '2017-01-11 11:19:29', 7, 0, 0, NULL, 0),
	(347, 64, 3, '2017-01-21 11:19:30', 1, '2017-01-21 11:19:30', 34, 0, 1, NULL, 0),
	(348, 65, 3, '2017-01-18 11:19:31', 1, '2017-01-18 11:19:31', 34, 0, 0, NULL, 0),
	(349, 64, 4, '2017-02-24 11:19:32', 1, '2017-02-24 11:19:32', -8, 0, 1, NULL, 0),
	(350, 65, 4, '2017-02-21 11:19:33', 1, '2017-02-21 11:19:33', 15, 0, 0, NULL, 0),
	(351, 65, 5, '2017-03-08 11:19:34', 1, '2017-03-08 11:19:34', 16, 0, 0, NULL, 0),
	(352, 65, 6, '2017-03-24 11:19:35', 1, '2017-03-24 11:19:35', 21, 0, 0, NULL, 0),
	(353, 66, 1, '2017-01-12 11:19:38', 1, '2017-01-12 11:19:38', 0, 0, 0, NULL, 0),
	(354, 66, 2, '2017-01-12 11:19:38', 1, '2017-01-12 11:19:38', 6, 0, 0, NULL, 0),
	(355, 67, 1, '2017-01-12 11:19:38', 4, '2017-02-23 11:24:28', 0, 1, 0, NULL, 4),
	(356, 67, 2, '2017-01-12 11:19:38', 1, '2017-01-12 11:19:38', 8, 0, 1, NULL, 0),
	(357, 66, 3, '2017-01-18 11:19:39', 1, '2017-01-18 11:19:39', 30, 0, 0, NULL, 0),
	(358, 67, 3, '2017-01-20 11:19:40', 1, '2017-01-20 11:19:40', 34, 0, 1, NULL, 0),
	(359, 66, 4, '2017-02-17 11:19:41', 1, '2017-02-17 11:19:41', 65, 0, 0, NULL, 0),
	(360, 67, 4, '2017-02-23 11:19:42', 1, '2017-02-23 11:19:42', 0, 0, 1, NULL, 0),
	(361, 68, 1, '2017-01-14 11:19:44', 1, '2017-01-14 11:19:44', 0, 0, 0, NULL, 0),
	(362, 68, 2, '2017-01-14 11:19:44', 1, '2017-01-14 11:19:44', 7, 0, 0, NULL, 0),
	(363, 68, 3, '2017-01-21 11:19:45', 1, '2017-01-21 11:19:45', 32, 0, 0, NULL, 0),
	(364, 68, 4, '2017-02-22 11:19:46', 1, '2017-02-22 11:19:46', 1, 0, 0, NULL, 0),
	(365, 69, 1, '2017-01-16 11:19:47', 1, '2017-01-16 11:19:47', 0, 0, 0, NULL, 0),
	(366, 69, 2, '2017-01-16 11:19:47', 1, '2017-01-16 11:19:47', 5, 0, 0, NULL, 0),
	(367, 69, 3, '2017-01-21 11:19:48', 1, '2017-01-21 11:19:48', 31, 0, 0, NULL, 0),
	(368, 69, 4, '2017-02-21 11:19:49', 1, '2017-02-21 11:19:49', 15, 0, 0, NULL, 0),
	(369, 69, 5, '2017-03-08 11:19:51', 1, '2017-03-08 11:19:51', 15, 0, 0, NULL, 0),
	(370, 69, 6, '2017-03-23 11:19:52', 1, '2017-03-23 11:19:52', 23, 0, 0, NULL, 0),
	(371, 70, 1, '2017-01-17 11:19:53', 1, '2017-01-17 11:19:53', 0, 0, 0, NULL, 0),
	(372, 70, 2, '2017-01-17 11:19:53', 1, '2017-01-17 11:19:53', 10, 0, 0, NULL, 0),
	(373, 71, 1, '2017-01-17 11:19:53', 1, '2017-01-17 11:19:53', 0, 0, 0, NULL, 0),
	(374, 71, 2, '2017-01-17 11:19:53', 1, '2017-01-17 11:19:53', 10, 0, 0, NULL, 0),
	(375, 70, 3, '2017-01-27 11:19:54', 1, '2017-01-27 11:19:54', 33, 0, 0, NULL, 0),
	(376, 71, 3, '2017-01-27 11:19:55', 1, '2017-01-27 11:19:55', 31, 0, 0, NULL, 0),
	(377, 70, 4, '2017-03-01 11:19:56', 1, '2017-03-01 11:19:56', 16, 0, 0, NULL, 0),
	(378, 70, 5, '2017-03-17 11:19:57', 1, '2017-03-17 11:19:57', 8, 0, 0, NULL, 0),
	(379, 71, 4, '2017-02-27 11:19:58', 3, '2017-02-02 11:24:17', 0, 1, 0, NULL, 0),
	(380, 72, 1, '2017-01-18 11:20:00', 4, '2017-02-28 11:24:18', 0, 1, 0, NULL, 4),
	(381, 72, 2, '2017-01-18 11:20:00', 1, '2017-01-18 11:20:00', 5, 0, 1, NULL, 0),
	(382, 72, 3, '2017-01-23 11:20:01', 1, '2017-01-23 11:20:01', 34, 0, 1, NULL, 0),
	(383, 72, 4, '2017-02-26 11:20:03', 1, '2017-02-26 11:20:03', 2, 0, 1, NULL, 0),
	(384, 73, 1, '2017-01-22 11:20:04', 1, '2017-01-22 11:20:04', 0, 0, 0, NULL, 0),
	(385, 73, 2, '2017-01-22 11:20:04', 1, '2017-01-22 11:20:04', 10, 0, 0, NULL, 0),
	(386, 74, 1, '2017-01-22 11:20:04', 1, '2017-01-22 11:20:04', 0, 0, 0, NULL, 0),
	(387, 74, 2, '2017-01-22 11:20:04', 1, '2017-01-22 11:20:04', 6, 0, 0, NULL, 0),
	(388, 75, 1, '2017-01-22 11:20:04', 1, '2017-01-22 11:20:04', 0, 0, 0, NULL, 0),
	(389, 75, 2, '2017-01-22 11:20:04', 1, '2017-01-22 11:20:04', 5, 0, 0, NULL, 0),
	(390, 76, 1, '2017-01-22 11:20:04', 1, '2017-01-22 11:20:04', 0, 0, 0, NULL, 0),
	(391, 76, 2, '2017-01-22 11:20:04', 1, '2017-01-22 11:20:04', 9, 0, 0, NULL, 0),
	(392, 77, 1, '2017-01-22 11:20:04', 1, '2017-01-22 11:20:04', 0, 0, 0, NULL, 0),
	(393, 77, 2, '2017-01-22 11:20:04', 1, '2017-01-22 11:20:04', 6, 0, 0, NULL, 0),
	(394, 73, 3, '2017-02-01 11:20:05', 1, '2017-02-01 11:20:05', 31, 0, 0, NULL, 0),
	(395, 74, 3, '2017-01-28 11:20:06', 1, '2017-01-28 11:20:06', 34, 0, 0, NULL, 0),
	(396, 75, 3, '2017-01-27 11:20:07', 1, '2017-01-27 11:20:07', 33, 0, 0, NULL, 0),
	(397, 76, 3, '2017-01-31 11:20:08', 1, '2017-01-31 11:20:08', 30, 0, 0, NULL, 0),
	(398, 77, 3, '2017-01-28 11:20:09', 1, '2017-01-28 11:20:09', 30, 0, 0, NULL, 0),
	(399, 73, 4, '2017-03-04 11:20:10', 1, '2017-03-04 11:20:10', 16, 0, 0, NULL, 0),
	(400, 74, 4, '2017-03-03 11:20:11', 1, '2017-03-03 11:20:11', 19, 0, 0, NULL, 0),
	(401, 75, 4, '2017-03-01 11:20:13', 1, '2017-03-01 11:20:13', 15, 0, 0, NULL, 0),
	(402, 76, 4, '2017-03-02 11:20:14', 1, '2017-03-02 11:20:14', 17, 0, 0, NULL, 0),
	(403, 77, 4, '2017-02-27 11:20:15', 1, '2017-02-27 11:20:15', 20, 0, 0, NULL, 0),
	(404, 73, 5, '2017-03-20 11:20:16', 1, '2017-03-20 11:20:16', 38, 0, 0, NULL, 0),
	(405, 74, 5, '2017-03-22 11:20:17', 1, '2017-03-22 11:20:17', 15, 0, 0, NULL, 0),
	(406, 75, 5, '2017-03-16 11:20:18', 1, '2017-03-16 11:20:18', 17, 0, 0, NULL, 0),
	(407, 76, 5, '2017-03-19 11:20:19', 1, '2017-03-19 11:20:19', 1, 0, 0, NULL, 0),
	(408, 77, 5, '2017-03-19 11:20:20', 1, '2017-03-19 11:20:20', 10, 0, 0, NULL, 0),
	(409, 74, 6, '2017-04-06 11:20:21', 1, '2017-04-06 11:20:21', 14, 0, 0, NULL, 0),
	(410, 75, 6, '2017-04-02 11:20:22', 1, '2017-04-02 11:20:22', 13, 0, 0, NULL, 0),
	(411, 78, 1, '2017-01-23 11:20:28', 1, '2017-01-23 11:20:28', 0, 0, 0, NULL, 0),
	(412, 78, 2, '2017-01-23 11:20:28', 1, '2017-01-23 11:20:28', 10, 0, 0, NULL, 0),
	(413, 79, 1, '2017-01-23 11:20:28', 1, '2017-01-23 11:20:28', 0, 0, 0, NULL, 0),
	(414, 79, 2, '2017-01-23 11:20:28', 1, '2017-01-23 11:20:28', 7, 0, 0, NULL, 0),
	(415, 80, 1, '2017-01-23 11:20:28', 1, '2017-01-23 11:20:28', 0, 0, 0, NULL, 0),
	(416, 80, 2, '2017-01-23 11:20:28', 1, '2017-01-23 11:20:28', 7, 0, 0, NULL, 0),
	(417, 78, 3, '2017-02-02 11:20:29', 1, '2017-02-02 11:20:29', 33, 0, 0, NULL, 0),
	(418, 79, 3, '2017-01-30 11:20:30', 5, '2017-02-15 11:24:29', 0, 1, 0, NULL, 0),
	(419, 80, 3, '2017-01-30 11:20:31', 1, '2017-01-30 11:20:31', 31, 0, 0, NULL, 0),
	(420, 78, 4, '2017-03-07 11:20:32', 1, '2017-03-07 11:20:32', 16, 0, 0, NULL, 0),
	(421, 80, 4, '2017-03-02 11:20:33', 1, '2017-03-02 11:20:33', 18, 0, 0, NULL, 0),
	(422, 78, 5, '2017-03-23 11:20:34', 1, '2017-03-23 11:20:34', 64, 0, 0, NULL, 0),
	(423, 80, 5, '2017-03-20 11:20:35', 5, '2017-03-06 11:27:41', 0, 1, 0, NULL, 0),
	(424, 81, 1, '2017-01-24 11:20:39', 1, '2017-01-24 11:20:39', 0, 0, 0, NULL, 0),
	(425, 81, 2, '2017-01-24 11:20:39', 1, '2017-01-24 11:20:39', 9, 0, 0, NULL, 0),
	(426, 81, 3, '2017-02-02 11:20:40', 5, '2017-02-12 11:24:30', 0, 1, 0, NULL, 0),
	(427, 82, 1, '2017-01-25 11:20:41', 1, '2017-01-25 11:20:41', 0, 0, 0, NULL, 0),
	(428, 82, 2, '2017-01-25 11:20:41', 1, '2017-01-25 11:20:41', 9, 0, 0, NULL, 0),
	(429, 82, 3, '2017-02-03 11:20:42', 1, '2017-02-03 11:20:42', 35, 0, 0, NULL, 0),
	(430, 82, 4, '2017-03-10 11:20:43', 1, '2017-03-10 11:20:43', 20, 0, 0, NULL, 0),
	(431, 82, 5, '2017-03-30 11:20:44', 3, '2017-03-07 11:28:03', 0, 1, 0, NULL, 0),
	(432, 83, 1, '2017-01-26 11:20:45', 1, '2017-01-26 11:20:45', 0, 0, 0, NULL, 0),
	(433, 83, 2, '2017-01-26 11:20:45', 1, '2017-01-26 11:20:45', 5, 0, 0, NULL, 0),
	(434, 84, 1, '2017-01-26 11:20:45', 1, '2017-01-26 11:20:45', 0, 0, 0, NULL, 0),
	(435, 84, 2, '2017-01-26 11:20:45', 1, '2017-01-26 11:20:45', 5, 0, 0, NULL, 0),
	(436, 83, 3, '2017-01-31 11:20:47', 1, '2017-01-31 11:20:47', 34, 0, 0, NULL, 0),
	(437, 84, 3, '2017-01-31 11:20:48', 1, '2017-01-31 11:20:48', 34, 0, 0, NULL, 0),
	(438, 83, 4, '2017-03-06 11:20:49', 1, '2017-03-06 11:20:49', 20, 0, 0, NULL, 0),
	(439, 84, 4, '2017-03-06 11:20:50', 1, '2017-03-06 11:20:50', 20, 0, 0, NULL, 0),
	(440, 83, 5, '2017-03-26 11:20:51', 1, '2017-03-26 11:20:51', 17, 0, 0, NULL, 0),
	(441, 84, 5, '2017-03-26 11:20:52', 1, '2017-03-26 11:20:52', 15, 0, 0, NULL, 0),
	(442, 83, 6, '2017-04-12 11:20:53', 1, '2017-04-12 11:20:53', 11, 0, 0, NULL, 0),
	(443, 85, 1, '2017-01-28 11:20:55', 1, '2017-01-28 11:20:55', 0, 0, 0, NULL, 0),
	(444, 85, 2, '2017-01-28 11:20:55', 1, '2017-01-28 11:20:55', 8, 0, 0, NULL, 0),
	(445, 85, 3, '2017-02-05 11:20:56', 1, '2017-02-05 11:20:56', 32, 0, 0, NULL, 0),
	(446, 85, 4, '2017-03-09 11:20:57', 1, '2017-03-09 11:20:57', 20, 0, 0, NULL, 0),
	(447, 85, 5, '2017-03-29 11:20:59', 3, '2017-03-15 11:27:54', 0, 1, 0, NULL, 0),
	(448, 38, 5, '2017-01-28 11:21:06', 1, '2017-01-28 11:21:06', 0, 0, 0, NULL, 0),
	(449, 38, 6, '2017-01-28 11:21:06', 1, '2017-01-28 11:21:06', 0, 0, 0, NULL, 0),
	(450, 38, 7, '2017-01-28 11:21:06', 2, '2017-01-28 11:21:06', 0, 1, 0, NULL, 4),
	(451, 2, 7, '2017-01-24 11:21:07', 2, '2017-01-24 11:21:07', 0, 1, 0, NULL, 6),
	(452, 12, 7, '2017-01-27 11:21:08', 2, '2017-01-27 11:21:08', 0, 1, 0, NULL, 6),
	(453, 16, 6, '2017-01-26 11:21:09', 1, '2017-01-26 11:21:09', 0, 0, 0, NULL, 0),
	(454, 16, 7, '2017-01-26 11:21:09', 2, '2017-01-26 11:21:09', 0, 1, 0, NULL, 5),
	(455, 37, 5, '2017-01-28 11:21:10', 1, '2017-01-28 11:21:10', 0, 0, 0, NULL, 0),
	(456, 37, 6, '2017-01-28 11:21:10', 1, '2017-01-28 11:21:10', 0, 0, 0, NULL, 0),
	(457, 37, 7, '2017-01-28 11:21:10', 2, '2017-01-28 11:21:10', 0, 1, 0, NULL, 4),
	(458, 1, 7, '2017-01-18 11:21:11', 2, '2017-01-18 11:21:11', 0, 1, 0, NULL, 6),
	(459, 3, 7, '2017-01-27 11:21:17', 2, '2017-01-27 11:21:17', 0, 1, 0, NULL, 6),
	(460, 6, 7, '2017-01-28 11:21:18', 2, '2017-01-28 11:21:18', 0, 1, 0, NULL, 6),
	(461, 7, 7, '2017-01-20 11:21:19', 2, '2017-01-20 11:21:19', 0, 1, 0, NULL, 6),
	(462, 13, 7, '2017-01-26 11:21:20', 2, '2017-01-26 11:21:20', 0, 1, 0, NULL, 6),
	(463, 17, 6, '2017-01-18 11:21:21', 1, '2017-01-18 11:21:21', 0, 0, 0, NULL, 0),
	(464, 17, 7, '2017-01-18 11:21:21', 2, '2017-01-18 11:21:21', 0, 1, 0, NULL, 5),
	(465, 31, 6, '2017-01-29 11:21:22', 1, '2017-01-29 11:21:22', 0, 0, 0, NULL, 0),
	(466, 31, 7, '2017-01-29 11:21:22', 2, '2017-01-29 11:21:22', 0, 1, 0, NULL, 5),
	(467, 5, 7, '2017-01-24 11:21:28', 2, '2017-01-24 11:21:28', 0, 1, 0, NULL, 6),
	(468, 8, 7, '2017-01-24 11:21:29', 2, '2017-01-24 11:21:29', 0, 1, 0, NULL, 6),
	(469, 11, 7, '2017-01-28 11:21:30', 2, '2017-01-28 11:21:30', 0, 1, 0, NULL, 6),
	(470, 14, 7, '2017-01-27 11:21:31', 2, '2017-01-27 11:21:31', 0, 1, 0, NULL, 6),
	(471, 128, 1, '2017-02-01 11:22:00', 1, '2017-02-01 11:22:00', 0, 0, 0, NULL, 0),
	(472, 128, 2, '2017-02-01 11:22:00', 1, '2017-02-01 11:22:00', 8, 0, 0, NULL, 0),
	(473, 129, 1, '2017-02-01 11:22:00', 1, '2017-02-01 11:22:00', 0, 0, 0, NULL, 0),
	(474, 129, 2, '2017-02-01 11:22:00', 1, '2017-02-01 11:22:00', 5, 0, 0, NULL, 0),
	(475, 128, 3, '2017-02-09 11:22:01', 1, '2017-02-09 11:22:01', 30, 0, 0, NULL, 0),
	(476, 129, 3, '2017-02-06 11:22:02', 1, '2017-02-06 11:22:02', 30, 0, 0, NULL, 0),
	(477, 128, 4, '2017-03-11 11:22:03', 1, '2017-03-11 11:22:03', 19, 0, 0, NULL, 0),
	(478, 129, 4, '2017-03-08 11:22:05', 1, '2017-03-08 11:22:05', 19, 0, 0, NULL, 0),
	(479, 128, 5, '2017-03-30 11:22:06', 1, '2017-03-30 11:22:06', 16, 0, 0, NULL, 0),
	(480, 129, 5, '2017-03-27 11:22:07', 1, '2017-03-27 11:22:07', 19, 0, 0, NULL, 0),
	(481, 128, 6, '2017-04-15 11:22:08', 1, '2017-04-15 11:22:08', 71, 0, 0, NULL, 0),
	(482, 129, 6, '2017-04-15 11:22:09', 5, '2017-04-06 11:30:49', 0, 1, 0, NULL, 0),
	(483, 130, 1, '2017-02-02 11:22:11', 4, '2017-03-25 11:28:05', 0, 1, 0, NULL, 5),
	(484, 130, 2, '2017-02-02 11:22:11', 1, '2017-02-02 11:22:11', 6, 0, 1, NULL, 0),
	(485, 131, 1, '2017-02-02 11:22:11', 1, '2017-02-02 11:22:11', 0, 0, 0, NULL, 0),
	(486, 131, 2, '2017-02-02 11:22:11', 1, '2017-02-02 11:22:11', 7, 0, 0, NULL, 0),
	(487, 130, 3, '2017-02-08 11:22:12', 1, '2017-02-08 11:22:12', 34, 0, 1, NULL, 0),
	(488, 131, 3, '2017-02-09 11:22:13', 1, '2017-02-09 11:22:13', 33, 0, 0, NULL, 0),
	(489, 130, 4, '2017-03-14 11:22:14', 1, '2017-03-14 11:22:14', 15, 0, 1, NULL, 0),
	(490, 131, 4, '2017-03-14 11:22:15', 1, '2017-03-14 11:22:15', 19, 0, 0, NULL, 0),
	(491, 131, 5, '2017-04-02 11:22:16', 1, '2017-04-02 11:22:16', 19, 0, 0, NULL, 0),
	(492, 131, 6, '2017-04-21 11:22:18', 3, '2017-04-12 11:30:47', 0, 1, 0, NULL, 0),
	(493, 130, 5, '2017-03-29 11:22:19', 1, '2017-03-29 11:22:19', -4, 0, 1, NULL, 0),
	(494, 132, 1, '2017-02-03 11:22:21', 1, '2017-02-03 11:22:21', 0, 0, 0, NULL, 0),
	(495, 132, 2, '2017-02-03 11:22:21', 1, '2017-02-03 11:22:21', 10, 0, 0, NULL, 0),
	(496, 133, 1, '2017-02-03 11:22:21', 1, '2017-02-03 11:22:21', 0, 0, 0, NULL, 0),
	(497, 133, 2, '2017-02-03 11:22:21', 1, '2017-02-03 11:22:21', 6, 0, 0, NULL, 0),
	(498, 132, 3, '2017-02-13 11:22:22', 1, '2017-02-13 11:22:22', 35, 0, 0, NULL, 0),
	(499, 133, 3, '2017-02-09 11:22:23', 1, '2017-02-09 11:22:23', 32, 0, 0, NULL, 0),
	(500, 132, 4, '2017-03-20 11:22:24', 1, '2017-03-20 11:22:24', 15, 0, 0, NULL, 0),
	(501, 133, 4, '2017-03-13 11:22:25', 1, '2017-03-13 11:22:25', 15, 0, 0, NULL, 0),
	(502, 132, 5, '2017-04-04 11:22:26', 1, '2017-04-04 11:22:26', 18, 0, 0, NULL, 0),
	(503, 133, 5, '2017-03-28 11:22:27', 1, '2017-03-28 11:22:27', 18, 0, 0, NULL, 0),
	(504, 132, 6, '2017-04-22 11:22:28', 1, '2017-04-22 11:22:28', 33, 0, 0, NULL, 0),
	(505, 133, 6, '2017-04-15 11:22:29', 3, '2017-04-11 11:31:15', 0, 1, 0, NULL, 0),
	(506, 134, 1, '2017-02-05 11:22:31', 1, '2017-02-05 11:22:31', 0, 0, 0, NULL, 0),
	(507, 134, 2, '2017-02-05 11:22:31', 1, '2017-02-05 11:22:31', 8, 0, 0, NULL, 0),
	(508, 134, 3, '2017-02-13 11:22:33', 1, '2017-02-13 11:22:33', 31, 0, 0, NULL, 0),
	(509, 134, 4, '2017-03-16 11:22:34', 1, '2017-03-16 11:22:34', 1, 0, 0, NULL, 0),
	(510, 135, 1, '2017-02-07 11:22:35', 4, '2017-03-27 11:28:06', 0, 1, 0, NULL, 5),
	(511, 135, 2, '2017-02-07 11:22:35', 1, '2017-02-07 11:22:35', 5, 0, 1, NULL, 0),
	(512, 135, 3, '2017-02-12 11:22:36', 1, '2017-02-12 11:22:36', 30, 0, 1, NULL, 0),
	(513, 135, 4, '2017-03-14 11:22:37', 1, '2017-03-14 11:22:37', 16, 0, 1, NULL, 0),
	(514, 135, 5, '2017-03-30 11:22:38', 1, '2017-03-30 11:22:38', -3, 0, 1, NULL, 0),
	(515, 136, 1, '2017-02-08 11:22:39', 4, '2017-03-29 11:27:55', 0, 1, 0, NULL, 4),
	(516, 136, 2, '2017-02-08 11:22:39', 1, '2017-02-08 11:22:39', 6, 0, 1, NULL, 0),
	(517, 136, 3, '2017-02-14 11:22:40', 1, '2017-02-14 11:22:40', 32, 0, 1, NULL, 0),
	(518, 136, 4, '2017-03-18 11:22:41', 1, '2017-03-18 11:22:41', 11, 0, 1, NULL, 0),
	(519, 137, 1, '2017-02-10 11:22:42', 1, '2017-02-10 11:22:42', 0, 0, 0, NULL, 0),
	(520, 137, 2, '2017-02-10 11:22:42', 1, '2017-02-10 11:22:42', 5, 0, 0, NULL, 0),
	(521, 138, 1, '2017-02-10 11:22:42', 1, '2017-02-10 11:22:42', 0, 0, 0, NULL, 0),
	(522, 138, 2, '2017-02-10 11:22:42', 1, '2017-02-10 11:22:42', 9, 0, 0, NULL, 0),
	(523, 137, 3, '2017-02-15 11:22:43', 1, '2017-02-15 11:22:43', 34, 0, 0, NULL, 0),
	(524, 138, 3, '2017-02-19 11:22:44', 1, '2017-02-19 11:22:44', 32, 0, 0, NULL, 0),
	(525, 137, 4, '2017-03-21 11:22:46', 5, '2017-03-06 11:28:07', 0, 1, 0, NULL, 0),
	(526, 138, 4, '2017-03-23 11:22:47', 5, '2017-03-10 11:27:56', 0, 1, 0, NULL, 0),
	(527, 139, 1, '2017-02-13 11:22:49', 1, '2017-02-13 11:22:49', 0, 0, 0, NULL, 0),
	(528, 139, 2, '2017-02-13 11:22:49', 1, '2017-02-13 11:22:49', 6, 0, 0, NULL, 0),
	(529, 140, 1, '2017-02-13 11:22:49', 4, '2017-03-08 11:27:39', 0, 1, 0, NULL, 4),
	(530, 140, 2, '2017-02-13 11:22:49', 1, '2017-02-13 11:22:49', 7, 0, 1, NULL, 0),
	(531, 139, 3, '2017-02-19 11:22:50', 1, '2017-02-19 11:22:50', 31, 0, 0, NULL, 0),
	(532, 140, 3, '2017-02-20 11:22:51', 1, '2017-02-20 11:22:51', 33, 0, 1, NULL, 0),
	(533, 139, 4, '2017-03-22 11:22:52', 1, '2017-03-22 11:22:52', 16, 0, 0, NULL, 0),
	(534, 140, 4, '2017-03-25 11:22:53', 1, '2017-03-25 11:22:53', -17, 0, 1, NULL, 0),
	(535, 139, 5, '2017-04-07 11:22:54', 1, '2017-04-07 11:22:54', 17, 0, 0, NULL, 0),
	(536, 139, 6, '2017-04-24 11:22:55', 1, '2017-04-24 11:22:55', 3, 0, 0, NULL, 0),
	(537, 141, 1, '2017-02-14 11:22:57', 4, '2017-04-09 11:31:16', 0, 1, 0, NULL, 6),
	(538, 141, 2, '2017-02-14 11:22:57', 1, '2017-02-14 11:22:57', 8, 0, 1, NULL, 0),
	(539, 141, 3, '2017-02-22 11:22:58', 1, '2017-02-22 11:22:58', 30, 0, 1, NULL, 0),
	(540, 141, 4, '2017-03-24 11:23:00', 1, '2017-03-24 11:23:00', 15, 0, 1, NULL, 0),
	(541, 141, 5, '2017-04-08 11:23:01', 1, '2017-04-08 11:23:01', 16, 0, 1, NULL, 0),
	(542, 141, 6, '2017-04-24 11:23:02', 1, '2017-04-24 11:23:02', -15, 0, 1, NULL, 0),
	(543, 142, 1, '2017-02-16 11:23:03', 1, '2017-02-16 11:23:03', 0, 0, 0, NULL, 0),
	(544, 142, 2, '2017-02-16 11:23:03', 1, '2017-02-16 11:23:03', 7, 0, 0, NULL, 0),
	(545, 143, 1, '2017-02-16 11:23:03', 1, '2017-02-16 11:23:03', 0, 0, 0, NULL, 0),
	(546, 143, 2, '2017-02-16 11:23:03', 1, '2017-02-16 11:23:03', 6, 0, 0, NULL, 0),
	(547, 144, 1, '2017-02-16 11:23:03', 1, '2017-02-16 11:23:03', 0, 0, 0, NULL, 0),
	(548, 144, 2, '2017-02-16 11:23:03', 1, '2017-02-16 11:23:03', 8, 0, 0, NULL, 0),
	(549, 142, 3, '2017-02-23 11:23:04', 1, '2017-02-23 11:23:04', 33, 0, 0, NULL, 0),
	(550, 143, 3, '2017-02-22 11:23:05', 1, '2017-02-22 11:23:05', 34, 0, 0, NULL, 0),
	(551, 144, 3, '2017-02-24 11:23:06', 1, '2017-02-24 11:23:06', 31, 0, 0, NULL, 0),
	(552, 142, 4, '2017-03-28 11:23:07', 5, '2017-03-02 11:28:08', 0, 1, 0, NULL, 0),
	(553, 143, 4, '2017-03-28 11:23:08', 1, '2017-03-28 11:23:08', 15, 0, 0, NULL, 0),
	(554, 144, 4, '2017-03-27 11:23:09', 1, '2017-03-27 11:23:09', 15, 0, 0, NULL, 0),
	(555, 143, 5, '2017-04-12 11:23:10', 1, '2017-04-12 11:23:10', 16, 0, 0, NULL, 0),
	(556, 144, 5, '2017-04-11 11:23:12', 1, '2017-04-11 11:23:12', 18, 0, 0, NULL, 0),
	(557, 144, 6, '2017-04-29 11:23:13', 1, '2017-04-29 11:23:13', 0, 0, 0, NULL, 0),
	(558, 143, 6, '2017-04-28 11:23:14', 1, '2017-04-28 11:23:14', 1, 0, 0, NULL, 0),
	(559, 145, 1, '2017-02-22 11:23:17', 4, '2017-04-22 11:31:17', 0, 1, 0, NULL, 5),
	(560, 145, 2, '2017-02-22 11:23:17', 1, '2017-02-22 11:23:17', 6, 0, 1, NULL, 0),
	(561, 145, 3, '2017-02-28 11:23:18', 1, '2017-02-28 11:23:18', 33, 0, 1, NULL, 0),
	(562, 145, 4, '2017-04-02 11:23:19', 1, '2017-04-02 11:23:19', 20, 0, 1, NULL, 0),
	(563, 145, 5, '2017-04-22 11:23:20', 1, '2017-04-22 11:23:20', 0, 0, 1, NULL, 0),
	(564, 146, 1, '2017-02-23 11:23:21', 4, '2017-04-22 11:30:48', 0, 1, 0, NULL, 5),
	(565, 146, 2, '2017-02-23 11:23:21', 1, '2017-02-23 11:23:21', 7, 0, 1, NULL, 0),
	(566, 146, 3, '2017-03-02 11:23:22', 1, '2017-03-02 11:23:22', 31, 0, 1, NULL, 0),
	(567, 146, 4, '2017-04-02 11:23:24', 1, '2017-04-02 11:23:24', 15, 0, 1, NULL, 0),
	(568, 146, 5, '2017-04-17 11:23:25', 1, '2017-04-17 11:23:25', 5, 0, 1, NULL, 0),
	(569, 147, 1, '2017-02-25 11:23:26', 1, '2017-02-25 11:23:26', 0, 0, 0, NULL, 0),
	(570, 147, 2, '2017-02-25 11:23:26', 1, '2017-02-25 11:23:26', 5, 0, 0, NULL, 0),
	(571, 148, 1, '2017-02-25 11:23:26', 1, '2017-02-25 11:23:26', 0, 0, 0, NULL, 0),
	(572, 148, 2, '2017-02-25 11:23:26', 1, '2017-02-25 11:23:26', 9, 0, 0, NULL, 0),
	(573, 149, 1, '2017-02-25 11:23:26', 4, '2017-05-12 11:34:04', 0, 1, 0, NULL, 6),
	(574, 149, 2, '2017-02-25 11:23:26', 1, '2017-02-25 11:23:26', 6, 0, 1, NULL, 0),
	(575, 150, 1, '2017-02-25 11:23:26', 1, '2017-02-25 11:23:26', 0, 0, 0, NULL, 0),
	(576, 150, 2, '2017-02-25 11:23:26', 1, '2017-02-25 11:23:26', 6, 0, 0, NULL, 0),
	(577, 147, 3, '2017-03-02 11:23:27', 1, '2017-03-02 11:23:27', 32, 0, 0, NULL, 0),
	(578, 148, 3, '2017-03-06 11:23:28', 1, '2017-03-06 11:23:28', 31, 0, 0, NULL, 0),
	(579, 149, 3, '2017-03-03 11:23:29', 1, '2017-03-03 11:23:29', 32, 0, 1, NULL, 0),
	(580, 150, 3, '2017-03-03 11:23:30', 1, '2017-03-03 11:23:30', 33, 0, 0, NULL, 0),
	(581, 147, 4, '2017-04-03 11:23:31', 1, '2017-04-03 11:23:31', 17, 0, 0, NULL, 0),
	(582, 148, 4, '2017-04-06 11:23:32', 1, '2017-04-06 11:23:32', 15, 0, 0, NULL, 0),
	(583, 149, 4, '2017-04-04 11:23:33', 1, '2017-04-04 11:23:33', 17, 0, 1, NULL, 0),
	(584, 150, 4, '2017-04-05 11:23:35', 1, '2017-04-05 11:23:35', 15, 0, 0, NULL, 0),
	(585, 147, 5, '2017-04-20 11:23:36', 5, '2017-04-22 11:31:18', 0, 1, 0, NULL, 0),
	(586, 148, 5, '2017-04-21 11:23:37', 1, '2017-04-21 11:23:37', 38, 0, 0, NULL, 0),
	(587, 149, 5, '2017-04-21 11:23:38', 1, '2017-04-21 11:23:38', 15, 0, 1, NULL, 0),
	(588, 150, 5, '2017-04-20 11:23:39', 1, '2017-04-20 11:23:39', 51, 0, 0, NULL, 0),
	(589, 149, 6, '2017-05-06 11:23:40', 1, '2017-05-06 11:23:40', 6, 0, 1, NULL, 0),
	(590, 151, 1, '2017-02-26 11:23:44', 1, '2017-02-26 11:23:44', 0, 0, 0, NULL, 0),
	(591, 151, 2, '2017-02-26 11:23:44', 1, '2017-02-26 11:23:44', 6, 0, 0, NULL, 0),
	(592, 151, 3, '2017-03-04 11:23:45', 1, '2017-03-04 11:23:45', 31, 0, 0, NULL, 0),
	(593, 151, 4, '2017-04-04 11:23:46', 1, '2017-04-04 11:23:46', 15, 0, 0, NULL, 0),
	(594, 151, 5, '2017-04-19 11:23:48', 1, '2017-04-19 11:23:48', 16, 0, 0, NULL, 0),
	(595, 151, 6, '2017-05-05 11:23:49', 5, '2017-05-15 11:34:05', 0, 1, 0, NULL, 0),
	(596, 24, 6, '2017-02-27 11:23:56', 1, '2017-02-27 11:23:56', 0, 0, 0, NULL, 0),
	(597, 24, 7, '2017-02-27 11:23:56', 2, '2017-02-27 11:23:56', 0, 1, 0, NULL, 5),
	(598, 22, 7, '2017-02-18 11:23:57', 2, '2017-02-18 11:23:57', 0, 1, 0, NULL, 6),
	(599, 68, 5, '2017-02-23 11:23:58', 1, '2017-02-23 11:23:58', 0, 0, 0, NULL, 0),
	(600, 68, 6, '2017-02-23 11:23:58', 1, '2017-02-23 11:23:58', 0, 0, 0, NULL, 0),
	(601, 68, 7, '2017-02-23 11:23:58', 2, '2017-02-23 11:23:58', 0, 1, 0, NULL, 4),
	(602, 50, 6, '2017-02-26 11:23:59', 1, '2017-02-26 11:23:59', 0, 0, 0, NULL, 0),
	(603, 50, 7, '2017-02-26 11:23:59', 2, '2017-02-26 11:23:59', 0, 1, 0, NULL, 5),
	(604, 60, 5, '2017-02-20 11:24:00', 1, '2017-02-20 11:24:00', 0, 0, 0, NULL, 0),
	(605, 60, 6, '2017-02-20 11:24:00', 1, '2017-02-20 11:24:00', 0, 0, 0, NULL, 0),
	(606, 60, 7, '2017-02-20 11:24:00', 2, '2017-02-20 11:24:00', 0, 1, 0, NULL, 4),
	(607, 34, 7, '2017-02-28 11:24:01', 2, '2017-02-28 11:24:01', 0, 1, 0, NULL, 6),
	(608, 18, 7, '2017-02-19 11:24:08', 2, '2017-02-19 11:24:08', 0, 1, 0, NULL, 6),
	(609, 25, 7, '2017-02-19 11:24:09', 2, '2017-02-19 11:24:09', 0, 1, 0, NULL, 6),
	(610, 29, 7, '2017-02-25 11:24:10', 2, '2017-02-25 11:24:10', 0, 1, 0, NULL, 6),
	(611, 35, 7, '2017-02-23 11:24:11', 2, '2017-02-23 11:24:11', 0, 1, 0, NULL, 6),
	(612, 41, 7, '2017-02-28 11:24:12', 2, '2017-02-28 11:24:12', 0, 1, 0, NULL, 6),
	(613, 44, 6, '2017-02-22 11:24:13', 1, '2017-02-22 11:24:13', 0, 0, 0, NULL, 0),
	(614, 44, 7, '2017-02-22 11:24:13', 2, '2017-02-22 11:24:13', 0, 1, 0, NULL, 5),
	(615, 15, 6, '2017-02-14 11:24:19', 1, '2017-02-14 11:24:19', 0, 0, 0, NULL, 0),
	(616, 15, 7, '2017-02-14 11:24:19', 2, '2017-02-14 11:24:19', 0, 1, 0, NULL, 5),
	(617, 19, 7, '2017-02-18 11:24:20', 2, '2017-02-18 11:24:20', 0, 1, 0, NULL, 6),
	(618, 27, 7, '2017-02-15 11:24:21', 2, '2017-02-15 11:24:21', 0, 1, 0, NULL, 6),
	(619, 28, 7, '2017-02-19 11:24:22', 2, '2017-02-19 11:24:22', 0, 1, 0, NULL, 6),
	(620, 159, 1, '2017-03-01 11:24:52', 1, '2017-03-01 11:24:52', 0, 0, 0, NULL, 0),
	(621, 159, 2, '2017-03-01 11:24:52', 1, '2017-03-01 11:24:52', 8, 0, 0, NULL, 0),
	(622, 159, 3, '2017-03-09 11:24:53', 1, '2017-03-09 11:24:53', 34, 0, 0, NULL, 0),
	(623, 159, 4, '2017-04-12 11:24:54', 1, '2017-04-12 11:24:54', 16, 0, 0, NULL, 0),
	(624, 159, 5, '2017-04-28 11:24:55', 1, '2017-04-28 11:24:55', 18, 0, 0, NULL, 0),
	(625, 159, 6, '2017-05-16 11:24:56', 1, '2017-05-16 11:24:56', 6, 0, 0, NULL, 0),
	(626, 160, 1, '2017-03-02 11:24:57', 1, '2017-03-02 11:24:57', 0, 0, 0, NULL, 0),
	(627, 160, 2, '2017-03-02 11:24:57', 1, '2017-03-02 11:24:57', 5, 0, 0, NULL, 0),
	(628, 161, 1, '2017-03-02 11:24:58', 1, '2017-03-02 11:24:58', 0, 0, 0, NULL, 0),
	(629, 161, 2, '2017-03-02 11:24:58', 1, '2017-03-02 11:24:58', 8, 0, 0, NULL, 0),
	(630, 162, 1, '2017-03-02 11:24:58', 1, '2017-03-02 11:24:58', 0, 0, 0, NULL, 0),
	(631, 162, 2, '2017-03-02 11:24:58', 1, '2017-03-02 11:24:58', 6, 0, 0, NULL, 0),
	(632, 160, 3, '2017-03-07 11:24:59', 1, '2017-03-07 11:24:59', 30, 0, 0, NULL, 0),
	(633, 161, 3, '2017-03-10 11:25:00', 1, '2017-03-10 11:25:00', 31, 0, 0, NULL, 0),
	(634, 162, 3, '2017-03-08 11:25:01', 1, '2017-03-08 11:25:01', 30, 0, 0, NULL, 0),
	(635, 160, 4, '2017-04-06 11:25:02', 1, '2017-04-06 11:25:02', 16, 0, 0, NULL, 0),
	(636, 161, 4, '2017-04-10 11:25:03', 1, '2017-04-10 11:25:03', 17, 0, 0, NULL, 0),
	(637, 162, 4, '2017-04-07 11:25:04', 1, '2017-04-07 11:25:04', 16, 0, 0, NULL, 0),
	(638, 160, 5, '2017-04-22 11:25:05', 5, '2017-04-18 11:31:20', 0, 1, 0, NULL, 0),
	(639, 161, 5, '2017-04-27 11:25:06', 1, '2017-04-27 11:25:06', 1, 0, 0, NULL, 0),
	(640, 162, 5, '2017-04-23 11:25:07', 1, '2017-04-23 11:25:07', 17, 0, 0, NULL, 0),
	(641, 162, 6, '2017-05-10 11:25:09', 1, '2017-05-10 11:25:09', 13, 0, 0, NULL, 0),
	(642, 163, 1, '2017-03-03 11:25:12', 1, '2017-03-03 11:25:12', 0, 0, 0, NULL, 0),
	(643, 163, 2, '2017-03-03 11:25:12', 1, '2017-03-03 11:25:12', 6, 0, 0, NULL, 0),
	(644, 164, 1, '2017-03-03 11:25:12', 1, '2017-03-03 11:25:12', 0, 0, 0, NULL, 0),
	(645, 164, 2, '2017-03-03 11:25:12', 1, '2017-03-03 11:25:12', 10, 0, 0, NULL, 0),
	(646, 163, 3, '2017-03-09 11:25:13', 1, '2017-03-09 11:25:13', 33, 0, 0, NULL, 0),
	(647, 164, 3, '2017-03-13 11:25:14', 1, '2017-03-13 11:25:14', 33, 0, 0, NULL, 0),
	(648, 163, 4, '2017-04-11 11:25:15', 1, '2017-04-11 11:25:15', 18, 0, 0, NULL, 0),
	(649, 164, 4, '2017-04-15 11:25:16', 1, '2017-04-15 11:25:16', 3, 0, 0, NULL, 0),
	(650, 163, 5, '2017-04-29 11:25:17', 1, '2017-04-29 11:25:17', 5, 0, 0, NULL, 0),
	(651, 165, 1, '2017-03-06 11:25:19', 1, '2017-03-06 11:25:19', 0, 0, 0, NULL, 0),
	(652, 165, 2, '2017-03-06 11:25:19', 1, '2017-03-06 11:25:19', 8, 0, 0, NULL, 0),
	(653, 165, 3, '2017-03-14 11:25:21', 1, '2017-03-14 11:25:21', 34, 0, 0, NULL, 0),
	(654, 165, 4, '2017-04-17 11:25:22', 1, '2017-04-17 11:25:22', 11, 0, 0, NULL, 0),
	(655, 166, 1, '2017-03-08 11:25:23', 1, '2017-03-08 11:25:23', 0, 0, 0, NULL, 0),
	(656, 166, 2, '2017-03-08 11:25:23', 1, '2017-03-08 11:25:23', 8, 0, 0, NULL, 0),
	(657, 167, 1, '2017-03-08 11:25:23', 1, '2017-03-08 11:25:23', 0, 0, 0, NULL, 0),
	(658, 167, 2, '2017-03-08 11:25:23', 1, '2017-03-08 11:25:23', 5, 0, 0, NULL, 0),
	(659, 166, 3, '2017-03-16 11:25:24', 1, '2017-03-16 11:25:24', 33, 0, 0, NULL, 0),
	(660, 167, 3, '2017-03-13 11:25:25', 1, '2017-03-13 11:25:25', 34, 0, 0, NULL, 0),
	(661, 166, 4, '2017-04-18 11:25:26', 3, '2017-04-03 11:31:03', 0, 1, 0, NULL, 0),
	(662, 167, 4, '2017-04-16 11:25:27', 3, '2017-06-15 11:37:29', 0, 1, 0, NULL, 0),
	(663, 168, 1, '2017-03-09 11:25:29', 1, '2017-03-09 11:25:29', 0, 0, 0, NULL, 0),
	(664, 168, 2, '2017-03-09 11:25:29', 1, '2017-03-09 11:25:29', 8, 0, 0, NULL, 0),
	(665, 169, 1, '2017-03-09 11:25:29', 4, '2017-04-09 11:31:04', 0, 1, 0, NULL, 4),
	(666, 169, 2, '2017-03-09 11:25:29', 1, '2017-03-09 11:25:29', 8, 0, 1, NULL, 0),
	(667, 168, 3, '2017-03-17 11:25:30', 1, '2017-03-17 11:25:30', 31, 0, 0, NULL, 0),
	(668, 169, 3, '2017-03-17 11:25:31', 1, '2017-03-17 11:25:31', 33, 0, 1, NULL, 0),
	(669, 168, 4, '2017-04-17 11:25:33', 1, '2017-04-17 11:25:33', 18, 0, 0, NULL, 0),
	(670, 169, 4, '2017-04-19 11:25:34', 1, '2017-04-19 11:25:34', -10, 0, 1, NULL, 0),
	(671, 168, 5, '2017-05-05 11:25:35', 1, '2017-05-05 11:25:35', 18, 0, 0, NULL, 0),
	(672, 168, 6, '2017-05-23 11:25:36', 1, '2017-05-23 11:25:36', 5, 0, 0, NULL, 0),
	(673, 170, 1, '2017-03-10 11:25:38', 1, '2017-03-10 11:25:38', 0, 0, 0, NULL, 0),
	(674, 170, 2, '2017-03-10 11:25:38', 1, '2017-03-10 11:25:38', 7, 0, 0, NULL, 0),
	(675, 170, 3, '2017-03-17 11:25:39', 1, '2017-03-17 11:25:39', 35, 0, 0, NULL, 0),
	(676, 170, 4, '2017-04-21 11:25:40', 1, '2017-04-21 11:25:40', 20, 0, 0, NULL, 0),
	(677, 170, 5, '2017-05-11 11:25:41', 1, '2017-05-11 11:25:41', 16, 0, 0, NULL, 0),
	(678, 170, 6, '2017-05-27 11:25:42', 1, '2017-05-27 11:25:42', 2, 0, 0, NULL, 0),
	(679, 171, 1, '2017-03-11 11:25:43', 1, '2017-03-11 11:25:43', 0, 0, 0, NULL, 0),
	(680, 171, 2, '2017-03-11 11:25:43', 1, '2017-03-11 11:25:43', 10, 0, 0, NULL, 0),
	(681, 172, 1, '2017-03-11 11:25:43', 1, '2017-03-11 11:25:43', 0, 0, 0, NULL, 0),
	(682, 172, 2, '2017-03-11 11:25:43', 1, '2017-03-11 11:25:43', 6, 0, 0, NULL, 0),
	(683, 171, 3, '2017-03-21 11:25:45', 1, '2017-03-21 11:25:45', 33, 0, 0, NULL, 0),
	(684, 172, 3, '2017-03-17 11:25:46', 1, '2017-03-17 11:25:46', 35, 0, 0, NULL, 0),
	(685, 171, 4, '2017-04-23 11:25:47', 5, '2017-04-04 11:31:05', 0, 1, 0, NULL, 0),
	(686, 172, 4, '2017-04-21 11:25:48', 5, '2017-04-17 11:31:06', 0, 1, 0, NULL, 0),
	(687, 173, 1, '2017-03-12 11:25:50', 1, '2017-03-12 11:25:50', 0, 0, 0, NULL, 0),
	(688, 173, 2, '2017-03-12 11:25:50', 1, '2017-03-12 11:25:50', 9, 0, 0, NULL, 0),
	(689, 174, 1, '2017-03-12 11:25:50', 1, '2017-03-12 11:25:50', 0, 0, 0, NULL, 0),
	(690, 174, 2, '2017-03-12 11:25:50', 1, '2017-03-12 11:25:50', 9, 0, 0, NULL, 0),
	(691, 173, 3, '2017-03-21 11:25:51', 1, '2017-03-21 11:25:51', 34, 0, 0, NULL, 0),
	(692, 174, 3, '2017-03-21 11:25:52', 1, '2017-03-21 11:25:52', 33, 0, 0, NULL, 0),
	(693, 173, 4, '2017-04-24 11:25:53', 1, '2017-04-24 11:25:53', 16, 0, 0, NULL, 0),
	(694, 174, 4, '2017-04-23 11:25:54', 1, '2017-04-23 11:25:54', 18, 0, 0, NULL, 0),
	(695, 173, 5, '2017-05-10 11:25:55', 1, '2017-05-10 11:25:55', 15, 0, 0, NULL, 0),
	(696, 174, 5, '2017-05-11 11:25:57', 1, '2017-05-11 11:25:57', 18, 0, 0, NULL, 0),
	(697, 173, 6, '2017-05-25 11:25:58', 1, '2017-05-25 11:25:58', 4, 0, 0, NULL, 0),
	(698, 174, 6, '2017-05-29 11:25:59', 1, '2017-05-29 11:25:59', 30, 0, 0, NULL, 0),
	(699, 175, 1, '2017-03-15 11:26:01', 1, '2017-03-15 11:26:01', 0, 0, 0, NULL, 0),
	(700, 175, 2, '2017-03-15 11:26:01', 1, '2017-03-15 11:26:01', 7, 0, 0, NULL, 0),
	(701, 175, 3, '2017-03-22 11:26:02', 1, '2017-03-22 11:26:02', 30, 0, 0, NULL, 0),
	(702, 175, 4, '2017-04-21 11:26:03', 1, '2017-04-21 11:26:03', 4, 0, 0, NULL, 0),
	(703, 176, 1, '2017-03-16 11:26:04', 1, '2017-03-16 11:26:04', 0, 0, 0, NULL, 0),
	(704, 176, 2, '2017-03-16 11:26:04', 1, '2017-03-16 11:26:04', 9, 0, 0, NULL, 0),
	(705, 176, 3, '2017-03-25 11:26:05', 1, '2017-03-25 11:26:05', 30, 0, 0, NULL, 0),
	(706, 176, 4, '2017-04-24 11:26:06', 1, '2017-04-24 11:26:06', 19, 0, 0, NULL, 0),
	(707, 176, 5, '2017-05-13 11:26:07', 1, '2017-05-13 11:26:07', 17, 0, 0, NULL, 0),
	(708, 176, 6, '2017-05-30 11:26:08', 1, '2017-05-30 11:26:08', 0, 0, 0, NULL, 0),
	(709, 177, 1, '2017-03-20 11:26:09', 1, '2017-03-20 11:26:09', 0, 0, 0, NULL, 0),
	(710, 177, 2, '2017-03-20 11:26:09', 1, '2017-03-20 11:26:09', 5, 0, 0, NULL, 0),
	(711, 177, 3, '2017-03-25 11:26:11', 1, '2017-03-25 11:26:11', 33, 0, 0, NULL, 0),
	(712, 177, 4, '2017-04-27 11:26:12', 5, '2017-04-08 11:31:21', 0, 1, 0, NULL, 0),
	(713, 178, 1, '2017-03-21 11:26:13', 1, '2017-03-21 11:26:13', 0, 0, 0, NULL, 0),
	(714, 178, 2, '2017-03-21 11:26:13', 1, '2017-03-21 11:26:13', 7, 0, 0, NULL, 0),
	(715, 178, 3, '2017-03-28 11:26:14', 1, '2017-03-28 11:26:14', 30, 0, 0, NULL, 0),
	(716, 178, 4, '2017-04-27 11:26:15', 1, '2017-04-27 11:26:15', 15, 0, 0, NULL, 0),
	(717, 178, 5, '2017-05-12 11:26:16', 1, '2017-05-12 11:26:16', 16, 0, 0, NULL, 0),
	(718, 178, 6, '2017-05-28 11:26:17', 1, '2017-05-28 11:26:17', 1, 0, 0, NULL, 0),
	(719, 179, 1, '2017-03-22 11:26:18', 1, '2017-03-22 11:26:18', 0, 0, 0, NULL, 0),
	(720, 179, 2, '2017-03-22 11:26:18', 1, '2017-03-22 11:26:18', 8, 0, 0, NULL, 0),
	(721, 179, 3, '2017-03-30 11:26:19', 1, '2017-03-30 11:26:19', 6, 0, 0, NULL, 0),
	(722, 180, 1, '2017-03-24 11:26:20', 1, '2017-03-24 11:26:20', 0, 0, 0, NULL, 0),
	(723, 180, 2, '2017-03-24 11:26:20', 1, '2017-03-24 11:26:20', 6, 0, 0, NULL, 0),
	(724, 180, 3, '2017-03-30 11:26:22', 1, '2017-03-30 11:26:22', 35, 0, 0, NULL, 0),
	(725, 180, 4, '2017-05-04 11:26:23', 1, '2017-05-04 11:26:23', 18, 0, 0, NULL, 0),
	(726, 180, 5, '2017-05-22 11:26:24', 1, '2017-05-22 11:26:24', 17, 0, 0, NULL, 0),
	(727, 180, 6, '2017-06-08 11:26:25', 1, '2017-06-08 11:26:25', 10, 0, 0, NULL, 0),
	(728, 181, 1, '2017-03-25 11:26:26', 1, '2017-03-25 11:26:26', 0, 0, 0, NULL, 0),
	(729, 181, 2, '2017-03-25 11:26:26', 1, '2017-03-25 11:26:26', 7, 0, 0, NULL, 0),
	(730, 182, 1, '2017-03-25 11:26:26', 1, '2017-03-25 11:26:26', 0, 0, 0, NULL, 0),
	(731, 182, 2, '2017-03-25 11:26:26', 1, '2017-03-25 11:26:26', 7, 0, 0, NULL, 0),
	(732, 183, 1, '2017-03-25 11:26:26', 1, '2017-03-25 11:26:26', 0, 0, 0, NULL, 0),
	(733, 183, 2, '2017-03-25 11:26:26', 1, '2017-03-25 11:26:26', 7, 0, 0, NULL, 0),
	(734, 184, 1, '2017-03-25 11:26:26', 1, '2017-03-25 11:26:26', 0, 0, 0, NULL, 0),
	(735, 184, 2, '2017-03-25 11:26:26', 1, '2017-03-25 11:26:26', 7, 0, 0, NULL, 0),
	(736, 181, 3, '2017-04-01 11:26:27', 1, '2017-04-01 11:26:27', 31, 0, 0, NULL, 0),
	(737, 182, 3, '2017-04-01 11:26:28', 1, '2017-04-01 11:26:28', 34, 0, 0, NULL, 0),
	(738, 183, 3, '2017-04-01 11:26:29', 1, '2017-04-01 11:26:29', 32, 0, 0, NULL, 0),
	(739, 184, 3, '2017-04-01 11:26:30', 1, '2017-04-01 11:26:30', 35, 0, 0, NULL, 0),
	(740, 181, 4, '2017-05-02 11:26:31', 1, '2017-05-02 11:26:31', 20, 0, 0, NULL, 0),
	(741, 182, 4, '2017-05-05 11:26:32', 1, '2017-05-05 11:26:32', 17, 0, 0, NULL, 0),
	(742, 183, 4, '2017-05-03 11:26:34', 1, '2017-05-03 11:26:34', 15, 0, 0, NULL, 0),
	(743, 184, 4, '2017-05-06 11:26:35', 1, '2017-05-06 11:26:35', 20, 0, 0, NULL, 0),
	(744, 181, 5, '2017-05-22 11:26:36', 1, '2017-05-22 11:26:36', 42, 0, 0, NULL, 0),
	(745, 182, 5, '2017-05-22 11:26:37', 1, '2017-05-22 11:26:37', 4, 0, 0, NULL, 0),
	(746, 183, 5, '2017-05-18 11:26:38', 1, '2017-05-18 11:26:38', 16, 0, 0, NULL, 0),
	(747, 184, 5, '2017-05-26 11:26:39', 1, '2017-05-26 11:26:39', 15, 0, 0, NULL, 0),
	(748, 183, 6, '2017-06-03 11:26:40', 1, '2017-06-03 11:26:40', 13, 0, 0, NULL, 0),
	(749, 184, 6, '2017-06-10 11:26:41', 1, '2017-06-10 11:26:41', 10, 0, 0, NULL, 0),
	(750, 185, 1, '2017-03-26 11:26:45', 1, '2017-03-26 11:26:45', 0, 0, 0, NULL, 0),
	(751, 185, 2, '2017-03-26 11:26:45', 1, '2017-03-26 11:26:45', 8, 0, 0, NULL, 0),
	(752, 186, 1, '2017-03-26 11:26:45', 4, '2017-06-14 11:37:30', 0, 1, 0, NULL, 6),
	(753, 186, 2, '2017-03-26 11:26:45', 1, '2017-03-26 11:26:45', 5, 0, 1, NULL, 0),
	(754, 185, 3, '2017-04-03 11:26:46', 1, '2017-04-03 11:26:46', 30, 0, 0, NULL, 0),
	(755, 186, 3, '2017-03-31 11:26:47', 1, '2017-03-31 11:26:47', 35, 0, 1, NULL, 0),
	(756, 185, 4, '2017-05-03 11:26:49', 1, '2017-05-03 11:26:49', 20, 0, 0, NULL, 0),
	(757, 186, 4, '2017-05-05 11:26:50', 1, '2017-05-05 11:26:50', 20, 0, 1, NULL, 0),
	(758, 185, 5, '2017-05-23 11:26:51', 1, '2017-05-23 11:26:51', 5, 0, 0, NULL, 0),
	(759, 186, 5, '2017-05-25 11:26:52', 1, '2017-05-25 11:26:52', 16, 0, 1, NULL, 0),
	(760, 186, 6, '2017-06-10 11:26:53', 1, '2017-06-10 11:26:53', 4, 0, 1, NULL, 0),
	(761, 187, 1, '2017-03-27 11:26:55', 1, '2017-03-27 11:26:55', 0, 0, 0, NULL, 0),
	(762, 187, 2, '2017-03-27 11:26:55', 1, '2017-03-27 11:26:55', 10, 0, 0, NULL, 0),
	(763, 188, 1, '2017-03-27 11:26:55', 1, '2017-03-27 11:26:55', 0, 0, 0, NULL, 0),
	(764, 188, 2, '2017-03-27 11:26:55', 1, '2017-03-27 11:26:55', 6, 0, 0, NULL, 0),
	(765, 189, 1, '2017-03-27 11:26:55', 1, '2017-03-27 11:26:55', 0, 0, 0, NULL, 0),
	(766, 189, 2, '2017-03-27 11:26:55', 1, '2017-03-27 11:26:55', 5, 0, 0, NULL, 0),
	(767, 187, 3, '2017-04-06 11:26:56', 1, '2017-04-06 11:26:56', 35, 0, 0, NULL, 0),
	(768, 188, 3, '2017-04-02 11:26:57', 1, '2017-04-02 11:26:57', 34, 0, 0, NULL, 0),
	(769, 189, 3, '2017-04-01 11:26:58', 1, '2017-04-01 11:26:58', 35, 0, 0, NULL, 0),
	(770, 187, 4, '2017-05-11 11:26:59', 1, '2017-05-11 11:26:59', 19, 0, 0, NULL, 0),
	(771, 188, 4, '2017-05-06 11:27:01', 1, '2017-05-06 11:27:01', 16, 0, 0, NULL, 0),
	(772, 189, 4, '2017-05-06 11:27:02', 1, '2017-05-06 11:27:02', 19, 0, 0, NULL, 0),
	(773, 187, 5, '2017-05-30 11:27:03', 1, '2017-05-30 11:27:03', 0, 0, 0, NULL, 0),
	(774, 188, 5, '2017-05-22 11:27:04', 1, '2017-05-22 11:27:04', 20, 0, 0, NULL, 0),
	(775, 189, 5, '2017-05-25 11:27:05', 3, '2017-05-23 11:34:28', 0, 1, 0, NULL, 0),
	(776, 188, 6, '2017-06-11 11:27:06', 1, '2017-06-11 11:27:06', 10, 0, 0, NULL, 0),
	(777, 190, 1, '2017-03-28 11:27:09', 4, '2017-05-04 11:34:29', 0, 1, 0, NULL, 5),
	(778, 190, 2, '2017-03-28 11:27:09', 1, '2017-03-28 11:27:09', 6, 0, 1, NULL, 0),
	(779, 191, 1, '2017-03-28 11:27:09', 1, '2017-03-28 11:27:09', 0, 0, 0, NULL, 0),
	(780, 191, 2, '2017-03-28 11:27:09', 1, '2017-03-28 11:27:09', 10, 0, 0, NULL, 0),
	(781, 190, 3, '2017-04-03 11:27:11', 1, '2017-04-03 11:27:11', 30, 0, 1, NULL, 0),
	(782, 191, 3, '2017-04-07 11:27:12', 1, '2017-04-07 11:27:12', 31, 0, 0, NULL, 0),
	(783, 190, 4, '2017-05-03 11:27:13', 1, '2017-05-03 11:27:13', 16, 0, 1, NULL, 0),
	(784, 191, 4, '2017-05-08 11:27:14', 1, '2017-05-08 11:27:14', 19, 0, 0, NULL, 0),
	(785, 190, 5, '2017-05-19 11:27:15', 1, '2017-05-19 11:27:15', -15, 0, 1, NULL, 0),
	(786, 191, 5, '2017-05-27 11:27:16', 1, '2017-05-27 11:27:16', 15, 0, 0, NULL, 0),
	(787, 191, 6, '2017-06-11 11:27:17', 1, '2017-06-11 11:27:17', 10, 0, 0, NULL, 0),
	(788, 192, 1, '2017-03-30 11:27:19', 1, '2017-03-30 11:27:19', 0, 0, 0, NULL, 0),
	(789, 192, 2, '2017-03-30 11:27:19', 1, '2017-03-30 11:27:19', 6, 0, 0, NULL, 0),
	(790, 192, 3, '2017-04-05 11:27:20', 1, '2017-04-05 11:27:20', 32, 0, 0, NULL, 0),
	(791, 192, 4, '2017-05-07 11:27:21', 1, '2017-05-07 11:27:21', 15, 0, 0, NULL, 0),
	(792, 192, 5, '2017-05-22 11:27:23', 1, '2017-05-22 11:27:23', 15, 0, 0, NULL, 0),
	(793, 192, 6, '2017-06-06 11:27:24', 1, '2017-06-06 11:27:24', 12, 0, 0, NULL, 0),
	(794, 70, 6, '2017-03-25 11:27:31', 1, '2017-03-25 11:27:31', 0, 0, 0, NULL, 0),
	(795, 70, 7, '2017-03-25 11:27:31', 2, '2017-03-25 11:27:31', 0, 1, 0, NULL, 5),
	(796, 57, 6, '2017-03-13 11:27:32', 1, '2017-03-13 11:27:32', 0, 0, 0, NULL, 0),
	(797, 57, 7, '2017-03-13 11:27:32', 2, '2017-03-13 11:27:32', 0, 1, 0, NULL, 5),
	(798, 76, 6, '2017-03-20 11:27:33', 1, '2017-03-20 11:27:33', 0, 0, 0, NULL, 0),
	(799, 76, 7, '2017-03-20 11:27:33', 2, '2017-03-20 11:27:33', 0, 1, 0, NULL, 5),
	(800, 77, 6, '2017-03-29 11:27:34', 1, '2017-03-29 11:27:34', 0, 0, 0, NULL, 0),
	(801, 77, 7, '2017-03-29 11:27:34', 2, '2017-03-29 11:27:34', 0, 1, 0, NULL, 5),
	(802, 20, 7, '2017-03-11 11:27:35', 2, '2017-03-11 11:27:35', 0, 1, 0, NULL, 6),
	(803, 51, 7, '2017-03-19 11:27:36', 2, '2017-03-19 11:27:36', 0, 1, 0, NULL, 6),
	(804, 134, 5, '2017-03-17 11:27:37', 1, '2017-03-17 11:27:37', 0, 0, 0, NULL, 0),
	(805, 134, 6, '2017-03-17 11:27:37', 1, '2017-03-17 11:27:37', 0, 0, 0, NULL, 0),
	(806, 134, 7, '2017-03-17 11:27:37', 2, '2017-03-17 11:27:37', 0, 1, 0, NULL, 4),
	(807, 32, 5, '2017-03-12 11:27:44', 1, '2017-03-12 11:27:44', 0, 0, 0, NULL, 0),
	(808, 32, 6, '2017-03-12 11:27:44', 1, '2017-03-12 11:27:44', 0, 0, 0, NULL, 0),
	(809, 32, 7, '2017-03-12 11:27:44', 2, '2017-03-12 11:27:44', 0, 1, 0, NULL, 4),
	(810, 33, 5, '2017-03-13 11:27:45', 1, '2017-03-13 11:27:45', 0, 0, 0, NULL, 0),
	(811, 33, 6, '2017-03-13 11:27:45', 1, '2017-03-13 11:27:45', 0, 0, 0, NULL, 0),
	(812, 33, 7, '2017-03-13 11:27:45', 2, '2017-03-13 11:27:45', 0, 1, 0, NULL, 4),
	(813, 43, 7, '2017-03-20 11:27:46', 2, '2017-03-20 11:27:46', 0, 1, 0, NULL, 6),
	(814, 46, 7, '2017-03-21 11:27:47', 2, '2017-03-21 11:27:47', 0, 1, 0, NULL, 6),
	(815, 48, 7, '2017-03-24 11:27:48', 2, '2017-03-24 11:27:48', 0, 1, 0, NULL, 6),
	(816, 54, 7, '2017-03-22 11:27:49', 2, '2017-03-22 11:27:49', 0, 1, 0, NULL, 6),
	(817, 61, 7, '2017-03-29 11:27:50', 2, '2017-03-29 11:27:50', 0, 1, 0, NULL, 6),
	(818, 21, 6, '2017-03-14 11:27:57', 1, '2017-03-14 11:27:57', 0, 0, 0, NULL, 0),
	(819, 21, 7, '2017-03-14 11:27:57', 2, '2017-03-14 11:27:57', 0, 1, 0, NULL, 5),
	(820, 58, 7, '2017-03-29 11:27:58', 2, '2017-03-29 11:27:58', 0, 1, 0, NULL, 6),
	(821, 62, 7, '2017-03-28 11:27:59', 2, '2017-03-28 11:27:59', 0, 1, 0, NULL, 6),
	(822, 63, 7, '2017-03-26 11:28:00', 2, '2017-03-26 11:28:00', 0, 1, 0, NULL, 6),
	(823, 222, 1, '2017-04-01 11:28:30', 1, '2017-04-01 11:28:30', 0, 0, 0, NULL, 0),
	(824, 222, 2, '2017-04-01 11:28:30', 1, '2017-04-01 11:28:30', 10, 0, 0, NULL, 0),
	(825, 223, 1, '2017-04-01 11:28:30', 1, '2017-04-01 11:28:30', 0, 0, 0, NULL, 0),
	(826, 223, 2, '2017-04-01 11:28:30', 1, '2017-04-01 11:28:30', 7, 0, 0, NULL, 0),
	(827, 222, 3, '2017-04-11 11:28:31', 1, '2017-04-11 11:28:31', 35, 0, 0, NULL, 0),
	(828, 223, 3, '2017-04-08 11:28:32', 1, '2017-04-08 11:28:32', 34, 0, 0, NULL, 0),
	(829, 222, 4, '2017-05-16 11:28:33', 1, '2017-05-16 11:28:33', 16, 0, 0, NULL, 0),
	(830, 223, 4, '2017-05-12 11:28:34', 1, '2017-05-12 11:28:34', 15, 0, 0, NULL, 0),
	(831, 222, 5, '2017-06-01 11:28:35', 1, '2017-06-01 11:28:35', 18, 0, 0, NULL, 0),
	(832, 223, 5, '2017-05-27 11:28:37', 1, '2017-05-27 11:28:37', 30, 0, 0, NULL, 0),
	(833, 222, 6, '2017-06-19 11:28:38', 1, '2017-06-19 11:28:38', 4, 0, 0, NULL, 0),
	(834, 224, 1, '2017-04-04 11:28:40', 1, '2017-04-04 11:28:40', 0, 0, 0, NULL, 0),
	(835, 224, 2, '2017-04-04 11:28:40', 1, '2017-04-04 11:28:40', 7, 0, 0, NULL, 0),
	(836, 225, 1, '2017-04-04 11:28:40', 1, '2017-04-04 11:28:40', 0, 0, 0, NULL, 0),
	(837, 225, 2, '2017-04-04 11:28:40', 1, '2017-04-04 11:28:40', 7, 0, 0, NULL, 0),
	(838, 226, 1, '2017-04-04 11:28:40', 1, '2017-04-04 11:28:40', 0, 0, 0, NULL, 0),
	(839, 226, 2, '2017-04-04 11:28:40', 1, '2017-04-04 11:28:40', 7, 0, 0, NULL, 0),
	(840, 224, 3, '2017-04-11 11:28:41', 1, '2017-04-11 11:28:41', 31, 0, 0, NULL, 0),
	(841, 225, 3, '2017-04-11 11:28:42', 1, '2017-04-11 11:28:42', 31, 0, 0, NULL, 0),
	(842, 226, 3, '2017-04-11 11:28:43', 1, '2017-04-11 11:28:43', 32, 0, 0, NULL, 0),
	(843, 224, 4, '2017-05-12 11:28:44', 1, '2017-05-12 11:28:44', 18, 0, 0, NULL, 0),
	(844, 225, 4, '2017-05-12 11:28:45', 1, '2017-05-12 11:28:45', 15, 0, 0, NULL, 0),
	(845, 226, 4, '2017-05-13 11:28:46', 1, '2017-05-13 11:28:46', 18, 0, 0, NULL, 0),
	(846, 226, 5, '2017-05-31 11:28:48', 1, '2017-05-31 11:28:48', 15, 0, 0, NULL, 0),
	(847, 224, 5, '2017-05-30 11:28:49', 3, '2017-05-07 11:34:03', 0, 1, 0, NULL, 0),
	(848, 225, 5, '2017-05-27 11:28:50', 1, '2017-05-27 11:28:50', 51, 0, 0, NULL, 0),
	(849, 226, 6, '2017-06-15 11:28:51', 1, '2017-06-15 11:28:51', 2, 0, 0, NULL, 0),
	(850, 227, 1, '2017-04-07 11:28:54', 1, '2017-04-07 11:28:54', 0, 0, 0, NULL, 0),
	(851, 227, 2, '2017-04-07 11:28:54', 1, '2017-04-07 11:28:54', 8, 0, 0, NULL, 0),
	(852, 228, 1, '2017-04-07 11:28:54', 1, '2017-04-07 11:28:54', 0, 0, 0, NULL, 0),
	(853, 228, 2, '2017-04-07 11:28:54', 1, '2017-04-07 11:28:54', 7, 0, 0, NULL, 0),
	(854, 227, 3, '2017-04-15 11:28:55', 1, '2017-04-15 11:28:55', 32, 0, 0, NULL, 0),
	(855, 228, 3, '2017-04-14 11:28:56', 1, '2017-04-14 11:28:56', 32, 0, 0, NULL, 0),
	(856, 227, 4, '2017-05-17 11:28:57', 1, '2017-05-17 11:28:57', 19, 0, 0, NULL, 0),
	(857, 228, 4, '2017-05-16 11:28:58', 1, '2017-05-16 11:28:58', 15, 0, 0, NULL, 0),
	(858, 227, 5, '2017-06-05 11:28:59', 1, '2017-06-05 11:28:59', 16, 0, 0, NULL, 0),
	(859, 228, 5, '2017-05-31 11:29:00', 1, '2017-05-31 11:29:00', 15, 0, 0, NULL, 0),
	(860, 227, 6, '2017-06-21 11:29:02', 1, '2017-06-21 11:29:02', 36, 0, 0, NULL, 0),
	(861, 228, 6, '2017-06-15 11:29:03', 1, '2017-06-15 11:29:03', 64, 0, 0, NULL, 0),
	(862, 229, 1, '2017-04-09 11:29:05', 1, '2017-04-09 11:29:05', 0, 0, 0, NULL, 0),
	(863, 229, 2, '2017-04-09 11:29:05', 1, '2017-04-09 11:29:05', 10, 0, 0, NULL, 0),
	(864, 229, 3, '2017-04-19 11:29:06', 1, '2017-04-19 11:29:06', 30, 0, 0, NULL, 0),
	(865, 229, 4, '2017-05-19 11:29:07', 1, '2017-05-19 11:29:07', 16, 0, 0, NULL, 0),
	(866, 229, 5, '2017-06-04 11:29:08', 1, '2017-06-04 11:29:08', 18, 0, 0, NULL, 0),
	(867, 229, 6, '2017-06-22 11:29:09', 1, '2017-06-22 11:29:09', 95, 0, 0, NULL, 0),
	(868, 230, 1, '2017-04-10 11:29:10', 4, '2017-05-27 11:34:30', 0, 1, 0, NULL, 4),
	(869, 230, 2, '2017-04-10 11:29:10', 1, '2017-04-10 11:29:10', 5, 0, 1, NULL, 0),
	(870, 231, 1, '2017-04-10 11:29:10', 1, '2017-04-10 11:29:10', 0, 0, 0, NULL, 0),
	(871, 231, 2, '2017-04-10 11:29:10', 1, '2017-04-10 11:29:10', 10, 0, 0, NULL, 0),
	(872, 230, 3, '2017-04-15 11:29:11', 1, '2017-04-15 11:29:11', 31, 0, 1, NULL, 0),
	(873, 231, 3, '2017-04-20 11:29:13', 1, '2017-04-20 11:29:13', 30, 0, 0, NULL, 0),
	(874, 230, 4, '2017-05-16 11:29:14', 1, '2017-05-16 11:29:14', 11, 0, 1, NULL, 0),
	(875, 231, 4, '2017-05-20 11:29:15', 1, '2017-05-20 11:29:15', 30, 0, 0, NULL, 0),
	(876, 232, 1, '2017-04-11 11:29:17', 1, '2017-04-11 11:29:17', 0, 0, 0, NULL, 0),
	(877, 232, 2, '2017-04-11 11:29:17', 1, '2017-04-11 11:29:17', 6, 0, 0, NULL, 0),
	(878, 233, 1, '2017-04-11 11:29:17', 1, '2017-04-11 11:29:17', 0, 0, 0, NULL, 0),
	(879, 233, 2, '2017-04-11 11:29:17', 1, '2017-04-11 11:29:17', 5, 0, 0, NULL, 0),
	(880, 234, 1, '2017-04-11 11:29:17', 1, '2017-04-11 11:29:17', 0, 0, 0, NULL, 0),
	(881, 234, 2, '2017-04-11 11:29:17', 1, '2017-04-11 11:29:17', 7, 0, 0, NULL, 0),
	(882, 232, 3, '2017-04-17 11:29:18', 1, '2017-04-17 11:29:18', 31, 0, 0, NULL, 0),
	(883, 233, 3, '2017-04-16 11:29:19', 1, '2017-04-16 11:29:19', 31, 0, 0, NULL, 0),
	(884, 234, 3, '2017-04-18 11:29:20', 1, '2017-04-18 11:29:20', 33, 0, 0, NULL, 0),
	(885, 232, 4, '2017-05-18 11:29:21', 3, '2017-05-15 11:34:18', 0, 1, 0, NULL, 0),
	(886, 233, 4, '2017-05-17 11:29:22', 1, '2017-05-17 11:29:22', 19, 0, 0, NULL, 0),
	(887, 234, 4, '2017-05-21 11:29:23', 1, '2017-05-21 11:29:23', 8, 0, 0, NULL, 0),
	(888, 233, 5, '2017-06-05 11:29:25', 1, '2017-06-05 11:29:25', 20, 0, 0, NULL, 0),
	(889, 233, 6, '2017-06-25 11:29:26', 1, '2017-06-25 11:29:26', 3, 0, 0, NULL, 0),
	(890, 235, 1, '2017-04-15 11:29:29', 4, '2017-05-04 11:34:19', 0, 1, 0, NULL, 4),
	(891, 235, 2, '2017-04-15 11:29:29', 1, '2017-04-15 11:29:29', 8, 0, 1, NULL, 0),
	(892, 236, 1, '2017-04-15 11:29:29', 1, '2017-04-15 11:29:29', 0, 0, 0, NULL, 0),
	(893, 236, 2, '2017-04-15 11:29:29', 1, '2017-04-15 11:29:29', 10, 0, 0, NULL, 0),
	(894, 235, 3, '2017-04-23 11:29:30', 1, '2017-04-23 11:29:30', 30, 0, 1, NULL, 0),
	(895, 236, 3, '2017-04-25 11:29:31', 1, '2017-04-25 11:29:31', 30, 0, 0, NULL, 0),
	(896, 235, 4, '2017-05-23 11:29:32', 1, '2017-05-23 11:29:32', -19, 0, 1, NULL, 0),
	(897, 236, 4, '2017-05-25 11:29:33', 1, '2017-05-25 11:29:33', 2, 0, 0, NULL, 0),
	(898, 237, 1, '2017-04-17 11:29:35', 1, '2017-04-17 11:29:35', 0, 0, 0, NULL, 0),
	(899, 237, 2, '2017-04-17 11:29:35', 1, '2017-04-17 11:29:35', 10, 0, 0, NULL, 0),
	(900, 237, 3, '2017-04-27 11:29:37', 1, '2017-04-27 11:29:37', 30, 0, 0, NULL, 0),
	(901, 237, 4, '2017-05-27 11:29:38', 1, '2017-05-27 11:29:38', 19, 0, 0, NULL, 0),
	(902, 237, 5, '2017-06-15 11:29:39', 1, '2017-06-15 11:29:39', 6, 0, 0, NULL, 0),
	(903, 238, 1, '2017-04-18 11:29:40', 1, '2017-04-18 11:29:40', 0, 0, 0, NULL, 0),
	(904, 238, 2, '2017-04-18 11:29:40', 1, '2017-04-18 11:29:40', 9, 0, 0, NULL, 0),
	(905, 238, 3, '2017-04-27 11:29:41', 1, '2017-04-27 11:29:41', 33, 0, 0, NULL, 0),
	(906, 238, 4, '2017-05-30 11:29:42', 5, '2017-05-13 11:34:20', 0, 1, 0, NULL, 0),
	(907, 239, 1, '2017-04-19 11:29:43', 1, '2017-04-19 11:29:43', 0, 0, 0, NULL, 0),
	(908, 239, 2, '2017-04-19 11:29:43', 1, '2017-04-19 11:29:43', 8, 0, 0, NULL, 0),
	(909, 239, 3, '2017-04-27 11:29:44', 5, '2017-05-10 11:34:31', 0, 1, 0, NULL, 0),
	(910, 240, 1, '2017-04-21 11:29:45', 1, '2017-04-21 11:29:45', 0, 0, 0, NULL, 0),
	(911, 240, 2, '2017-04-21 11:29:45', 1, '2017-04-21 11:29:45', 9, 0, 0, NULL, 0),
	(912, 240, 3, '2017-04-30 11:29:46', 1, '2017-04-30 11:29:46', 32, 0, 0, NULL, 0),
	(913, 240, 4, '2017-06-01 11:29:47', 1, '2017-06-01 11:29:47', 18, 0, 0, NULL, 0),
	(914, 240, 5, '2017-06-19 11:29:49', 3, '2017-06-18 11:37:54', 0, 1, 0, NULL, 0),
	(915, 241, 1, '2017-04-23 11:29:50', 1, '2017-04-23 11:29:50', 0, 0, 0, NULL, 0),
	(916, 241, 2, '2017-04-23 11:29:50', 1, '2017-04-23 11:29:50', 10, 0, 0, NULL, 0),
	(917, 241, 3, '2017-05-03 11:29:51', 1, '2017-05-03 11:29:51', 34, 0, 0, NULL, 0),
	(918, 241, 4, '2017-06-06 11:29:52', 1, '2017-06-06 11:29:52', 20, 0, 0, NULL, 0),
	(919, 241, 5, '2017-06-26 11:29:53', 1, '2017-06-26 11:29:53', 18, 0, 0, NULL, 0),
	(920, 241, 6, '2017-07-14 11:29:54', 1, '2017-07-14 11:29:54', 14, 0, 0, NULL, 0),
	(921, 242, 1, '2017-04-25 11:29:55', 1, '2017-04-25 11:29:55', 0, 0, 0, NULL, 0),
	(922, 242, 2, '2017-04-25 11:29:55', 1, '2017-04-25 11:29:55', 9, 0, 0, NULL, 0),
	(923, 242, 3, '2017-05-04 11:29:56', 1, '2017-05-04 11:29:56', 79, 0, 0, NULL, 0),
	(924, 243, 1, '2017-04-26 11:29:57', 1, '2017-04-26 11:29:57', 0, 0, 0, NULL, 0),
	(925, 243, 2, '2017-04-26 11:29:57', 1, '2017-04-26 11:29:57', 6, 0, 0, NULL, 0),
	(926, 244, 1, '2017-04-26 11:29:57', 1, '2017-04-26 11:29:57', 0, 0, 0, NULL, 0),
	(927, 244, 2, '2017-04-26 11:29:57', 1, '2017-04-26 11:29:57', 7, 0, 0, NULL, 0),
	(928, 245, 1, '2017-04-26 11:29:57', 1, '2017-04-26 11:29:57', 0, 0, 0, NULL, 0),
	(929, 245, 2, '2017-04-26 11:29:57', 1, '2017-04-26 11:29:57', 5, 0, 0, NULL, 0),
	(930, 243, 3, '2017-05-02 11:29:58', 5, '2017-05-23 11:34:32', 0, 1, 0, NULL, 0),
	(931, 244, 3, '2017-05-03 11:29:59', 5, '2017-05-08 11:34:33', 0, 1, 0, NULL, 0),
	(932, 245, 3, '2017-05-01 11:30:00', 1, '2017-05-01 11:30:00', 34, 0, 0, NULL, 0),
	(933, 245, 4, '2017-06-04 11:30:02', 1, '2017-06-04 11:30:02', 18, 0, 0, NULL, 0),
	(934, 245, 5, '2017-06-22 11:30:03', 1, '2017-06-22 11:30:03', 15, 0, 0, NULL, 0),
	(935, 245, 6, '2017-07-07 11:30:04', 1, '2017-07-07 11:30:04', 11, 0, 0, NULL, 0),
	(936, 246, 1, '2017-04-27 11:30:07', 1, '2017-04-27 11:30:07', 0, 0, 0, NULL, 0),
	(937, 246, 2, '2017-04-27 11:30:07', 1, '2017-04-27 11:30:07', 7, 0, 0, NULL, 0),
	(938, 246, 3, '2017-05-04 11:30:08', 1, '2017-05-04 11:30:08', 35, 0, 0, NULL, 0),
	(939, 246, 4, '2017-06-08 11:30:09', 1, '2017-06-08 11:30:09', 16, 0, 0, NULL, 0),
	(940, 246, 5, '2017-06-24 11:30:10', 1, '2017-06-24 11:30:10', 5, 0, 0, NULL, 0),
	(941, 247, 1, '2017-04-28 11:30:11', 4, '2017-06-03 11:37:55', 0, 1, 0, NULL, 5),
	(942, 247, 2, '2017-04-28 11:30:11', 1, '2017-04-28 11:30:11', 5, 0, 1, NULL, 0),
	(943, 248, 1, '2017-04-28 11:30:11', 1, '2017-04-28 11:30:11', 0, 0, 0, NULL, 0),
	(944, 248, 2, '2017-04-28 11:30:11', 1, '2017-04-28 11:30:11', 6, 0, 0, NULL, 0),
	(945, 247, 3, '2017-05-03 11:30:12', 1, '2017-05-03 11:30:12', 33, 0, 1, NULL, 0),
	(946, 248, 3, '2017-05-04 11:30:14', 1, '2017-05-04 11:30:14', 34, 0, 0, NULL, 0),
	(947, 247, 4, '2017-06-05 11:30:15', 1, '2017-06-05 11:30:15', 17, 0, 1, NULL, 0),
	(948, 248, 4, '2017-06-07 11:30:16', 1, '2017-06-07 11:30:16', 19, 0, 0, NULL, 0),
	(949, 247, 5, '2017-06-22 11:30:17', 1, '2017-06-22 11:30:17', -19, 0, 1, NULL, 0),
	(950, 248, 5, '2017-06-26 11:30:18', 3, '2017-08-19 11:43:44', 0, 1, 0, NULL, 0),
	(951, 249, 1, '2017-04-29 11:30:20', 1, '2017-04-29 11:30:20', 0, 0, 0, NULL, 0),
	(952, 249, 2, '2017-04-29 11:30:20', 1, '2017-04-29 11:30:20', 6, 0, 0, NULL, 0),
	(953, 250, 1, '2017-04-29 11:30:20', 1, '2017-04-29 11:30:20', 0, 0, 0, NULL, 0),
	(954, 250, 2, '2017-04-29 11:30:20', 1, '2017-04-29 11:30:20', 6, 0, 0, NULL, 0),
	(955, 251, 1, '2017-04-29 11:30:20', 1, '2017-04-29 11:30:20', 0, 0, 0, NULL, 0),
	(956, 251, 2, '2017-04-29 11:30:20', 1, '2017-04-29 11:30:20', 7, 0, 0, NULL, 0),
	(957, 249, 3, '2017-05-05 11:30:21', 1, '2017-05-05 11:30:21', 33, 0, 0, NULL, 0),
	(958, 250, 3, '2017-05-05 11:30:22', 1, '2017-05-05 11:30:22', 33, 0, 0, NULL, 0),
	(959, 251, 3, '2017-05-06 11:30:23', 1, '2017-05-06 11:30:23', 31, 0, 0, NULL, 0),
	(960, 249, 4, '2017-06-07 11:30:24', 1, '2017-06-07 11:30:24', 16, 0, 0, NULL, 0),
	(961, 250, 4, '2017-06-07 11:30:26', 1, '2017-06-07 11:30:26', 17, 0, 0, NULL, 0),
	(962, 251, 4, '2017-06-06 11:30:27', 1, '2017-06-06 11:30:27', 19, 0, 0, NULL, 0),
	(963, 249, 5, '2017-06-23 11:30:28', 1, '2017-06-23 11:30:28', 1, 0, 0, NULL, 0),
	(964, 250, 5, '2017-06-24 11:30:29', 1, '2017-06-24 11:30:29', 3, 0, 0, NULL, 0),
	(965, 251, 5, '2017-06-25 11:30:30', 1, '2017-06-25 11:30:30', 18, 0, 0, NULL, 0),
	(966, 251, 6, '2017-07-13 11:30:31', 5, '2017-07-18 11:40:24', 0, 1, 0, NULL, 0),
	(967, 164, 5, '2017-04-18 11:30:40', 1, '2017-04-18 11:30:40', 0, 0, 0, NULL, 0),
	(968, 164, 6, '2017-04-18 11:30:40', 1, '2017-04-18 11:30:40', 0, 0, 0, NULL, 0),
	(969, 164, 7, '2017-04-18 11:30:40', 2, '2017-04-18 11:30:40', 0, 1, 0, NULL, 4),
	(970, 179, 4, '2017-04-05 11:30:42', 1, '2017-04-05 11:30:42', 0, 0, 0, NULL, 0),
	(971, 179, 5, '2017-04-05 11:30:42', 1, '2017-04-05 11:30:42', 0, 0, 0, NULL, 0),
	(972, 179, 6, '2017-04-05 11:30:42', 1, '2017-04-05 11:30:42', 0, 0, 0, NULL, 0),
	(973, 179, 7, '2017-04-05 11:30:42', 2, '2017-04-05 11:30:42', 0, 1, 0, NULL, 3),
	(974, 165, 5, '2017-04-28 11:30:43', 1, '2017-04-28 11:30:43', 0, 0, 0, NULL, 0),
	(975, 165, 6, '2017-04-28 11:30:43', 1, '2017-04-28 11:30:43', 0, 0, 0, NULL, 0),
	(976, 165, 7, '2017-04-28 11:30:43', 2, '2017-04-28 11:30:43', 0, 1, 0, NULL, 4),
	(977, 175, 5, '2017-04-25 11:30:44', 1, '2017-04-25 11:30:44', 0, 0, 0, NULL, 0),
	(978, 175, 6, '2017-04-25 11:30:44', 1, '2017-04-25 11:30:44', 0, 0, 0, NULL, 0),
	(979, 175, 7, '2017-04-25 11:30:44', 2, '2017-04-25 11:30:44', 0, 1, 0, NULL, 4),
	(980, 69, 7, '2017-04-15 11:30:45', 2, '2017-04-15 11:30:45', 0, 1, 0, NULL, 6),
	(981, 161, 6, '2017-04-28 11:30:46', 1, '2017-04-28 11:30:46', 0, 0, 0, NULL, 0),
	(982, 161, 7, '2017-04-28 11:30:46', 2, '2017-04-28 11:30:46', 0, 1, 0, NULL, 5),
	(983, 59, 5, '2017-04-21 11:30:52', 1, '2017-04-21 11:30:52', 0, 0, 0, NULL, 0),
	(984, 59, 6, '2017-04-21 11:30:52', 1, '2017-04-21 11:30:52', 0, 0, 0, NULL, 0),
	(985, 59, 7, '2017-04-21 11:30:52', 2, '2017-04-21 11:30:52', 0, 1, 0, NULL, 4),
	(986, 66, 5, '2017-04-23 11:30:53', 1, '2017-04-23 11:30:53', 0, 0, 0, NULL, 0),
	(987, 66, 6, '2017-04-23 11:30:53', 1, '2017-04-23 11:30:53', 0, 0, 0, NULL, 0),
	(988, 66, 7, '2017-04-23 11:30:53', 2, '2017-04-23 11:30:53', 0, 1, 0, NULL, 4),
	(989, 73, 6, '2017-04-27 11:30:55', 1, '2017-04-27 11:30:55', 0, 0, 0, NULL, 0),
	(990, 73, 7, '2017-04-27 11:30:55', 2, '2017-04-27 11:30:55', 0, 1, 0, NULL, 5),
	(991, 75, 7, '2017-04-15 11:30:56', 2, '2017-04-15 11:30:56', 0, 1, 0, NULL, 6),
	(992, 84, 6, '2017-04-10 11:30:57', 1, '2017-04-10 11:30:57', 0, 0, 0, NULL, 0),
	(993, 84, 7, '2017-04-10 11:30:57', 2, '2017-04-10 11:30:57', 0, 1, 0, NULL, 5),
	(994, 139, 7, '2017-04-27 11:30:58', 2, '2017-04-27 11:30:58', 0, 1, 0, NULL, 6),
	(995, 144, 7, '2017-04-29 11:30:59', 2, '2017-04-29 11:30:59', 0, 1, 0, NULL, 6),
	(996, 143, 7, '2017-04-29 11:31:00', 2, '2017-04-29 11:31:00', 0, 1, 0, NULL, 6),
	(997, 53, 6, '2017-04-11 11:31:08', 1, '2017-04-11 11:31:08', 0, 0, 0, NULL, 0),
	(998, 53, 7, '2017-04-11 11:31:08', 2, '2017-04-11 11:31:08', 0, 1, 0, NULL, 5),
	(999, 55, 6, '2017-04-26 11:31:09', 1, '2017-04-26 11:31:09', 0, 0, 0, NULL, 0),
	(1000, 55, 7, '2017-04-26 11:31:09', 2, '2017-04-26 11:31:09', 0, 1, 0, NULL, 5),
	(1001, 65, 7, '2017-04-14 11:31:10', 2, '2017-04-14 11:31:10', 0, 1, 0, NULL, 6),
	(1002, 74, 7, '2017-04-20 11:31:11', 2, '2017-04-20 11:31:11', 0, 1, 0, NULL, 6),
	(1003, 83, 7, '2017-04-23 11:31:12', 2, '2017-04-23 11:31:12', 0, 1, 0, NULL, 6),
	(1004, 253, 1, '2017-05-01 11:31:43', 4, '2017-06-06 11:37:56', 0, 1, 0, NULL, 5),
	(1005, 253, 2, '2017-05-01 11:31:43', 1, '2017-05-01 11:31:43', 5, 0, 1, NULL, 0),
	(1006, 254, 1, '2017-05-01 11:31:43', 1, '2017-05-01 11:31:43', 0, 0, 0, NULL, 0),
	(1007, 254, 2, '2017-05-01 11:31:43', 1, '2017-05-01 11:31:43', 6, 0, 0, NULL, 0),
	(1008, 253, 3, '2017-05-06 11:31:44', 1, '2017-05-06 11:31:44', 30, 0, 1, NULL, 0),
	(1009, 254, 3, '2017-05-07 11:31:45', 1, '2017-05-07 11:31:45', 33, 0, 0, NULL, 0),
	(1010, 253, 4, '2017-06-05 11:31:46', 1, '2017-06-05 11:31:46', 16, 0, 1, NULL, 0),
	(1011, 254, 4, '2017-06-09 11:31:48', 1, '2017-06-09 11:31:48', 16, 0, 0, NULL, 0),
	(1012, 253, 5, '2017-06-21 11:31:49', 1, '2017-06-21 11:31:49', -15, 0, 1, NULL, 0),
	(1013, 254, 5, '2017-06-25 11:31:50', 1, '2017-06-25 11:31:50', 15, 0, 0, NULL, 0),
	(1014, 254, 6, '2017-07-10 11:31:51', 1, '2017-07-10 11:31:51', 14, 0, 0, NULL, 0),
	(1015, 255, 1, '2017-05-03 11:31:53', 1, '2017-05-03 11:31:53', 0, 0, 0, NULL, 0),
	(1016, 255, 2, '2017-05-03 11:31:53', 1, '2017-05-03 11:31:53', 5, 0, 0, NULL, 0),
	(1017, 256, 1, '2017-05-03 11:31:53', 1, '2017-05-03 11:31:53', 0, 0, 0, NULL, 0),
	(1018, 256, 2, '2017-05-03 11:31:53', 1, '2017-05-03 11:31:53', 9, 0, 0, NULL, 0),
	(1019, 255, 3, '2017-05-08 11:31:54', 1, '2017-05-08 11:31:54', 35, 0, 0, NULL, 0),
	(1020, 256, 3, '2017-05-12 11:31:55', 1, '2017-05-12 11:31:55', 34, 0, 0, NULL, 0),
	(1021, 255, 4, '2017-06-12 11:31:56', 1, '2017-06-12 11:31:56', 17, 0, 0, NULL, 0),
	(1022, 256, 4, '2017-06-15 11:31:57', 5, '2017-06-05 11:37:57', 0, 1, 0, NULL, 0),
	(1023, 255, 5, '2017-06-29 11:31:58', 1, '2017-06-29 11:31:58', 15, 0, 0, NULL, 0),
	(1024, 255, 6, '2017-07-14 11:32:00', 1, '2017-07-14 11:32:00', 12, 0, 0, NULL, 0),
	(1025, 257, 1, '2017-05-04 11:32:02', 1, '2017-05-04 11:32:02', 0, 0, 0, NULL, 0),
	(1026, 257, 2, '2017-05-04 11:32:02', 1, '2017-05-04 11:32:02', 10, 0, 0, NULL, 0),
	(1027, 257, 3, '2017-05-14 11:32:03', 1, '2017-05-14 11:32:03', 35, 0, 0, NULL, 0),
	(1028, 257, 4, '2017-06-18 11:32:04', 1, '2017-06-18 11:32:04', 18, 0, 0, NULL, 0),
	(1029, 257, 5, '2017-07-06 11:32:05', 1, '2017-07-06 11:32:05', 18, 0, 0, NULL, 0),
	(1030, 257, 6, '2017-07-24 11:32:06', 1, '2017-07-24 11:32:06', 25, 0, 0, NULL, 0),
	(1031, 258, 1, '2017-05-05 11:32:07', 1, '2017-05-05 11:32:07', 0, 0, 0, NULL, 0),
	(1032, 258, 2, '2017-05-05 11:32:07', 1, '2017-05-05 11:32:07', 5, 0, 0, NULL, 0),
	(1033, 259, 1, '2017-05-05 11:32:07', 1, '2017-05-05 11:32:07', 0, 0, 0, NULL, 0),
	(1034, 259, 2, '2017-05-05 11:32:07', 1, '2017-05-05 11:32:07', 5, 0, 0, NULL, 0),
	(1035, 258, 3, '2017-05-10 11:32:08', 1, '2017-05-10 11:32:08', 31, 0, 0, NULL, 0),
	(1036, 259, 3, '2017-05-10 11:32:09', 1, '2017-05-10 11:32:09', 31, 0, 0, NULL, 0),
	(1037, 258, 4, '2017-06-10 11:32:10', 1, '2017-06-10 11:32:10', 18, 0, 0, NULL, 0),
	(1038, 259, 4, '2017-06-10 11:32:12', 1, '2017-06-10 11:32:12', 16, 0, 0, NULL, 0),
	(1039, 258, 5, '2017-06-28 11:32:13', 1, '2017-06-28 11:32:13', 16, 0, 0, NULL, 0),
	(1040, 259, 5, '2017-06-26 11:32:14', 5, '2017-06-14 11:37:58', 0, 1, 0, NULL, 0),
	(1041, 260, 1, '2017-05-06 11:32:16', 1, '2017-05-06 11:32:16', 0, 0, 0, NULL, 0),
	(1042, 260, 2, '2017-05-06 11:32:16', 1, '2017-05-06 11:32:16', 6, 0, 0, NULL, 0),
	(1043, 261, 1, '2017-05-06 11:32:16', 1, '2017-05-06 11:32:16', 0, 0, 0, NULL, 0),
	(1044, 261, 2, '2017-05-06 11:32:16', 1, '2017-05-06 11:32:16', 6, 0, 0, NULL, 0),
	(1045, 260, 3, '2017-05-12 11:32:17', 1, '2017-05-12 11:32:17', 33, 0, 0, NULL, 0),
	(1046, 261, 3, '2017-05-12 11:32:18', 1, '2017-05-12 11:32:18', 34, 0, 0, NULL, 0),
	(1047, 260, 4, '2017-06-14 11:32:19', 1, '2017-06-14 11:32:19', 16, 0, 0, NULL, 0),
	(1048, 261, 4, '2017-06-15 11:32:20', 1, '2017-06-15 11:32:20', 20, 0, 0, NULL, 0),
	(1049, 260, 5, '2017-06-30 11:32:21', 1, '2017-06-30 11:32:21', 17, 0, 0, NULL, 0),
	(1050, 261, 5, '2017-07-05 11:32:22', 1, '2017-07-05 11:32:22', 17, 0, 0, NULL, 0),
	(1051, 260, 6, '2017-07-17 11:32:24', 1, '2017-07-17 11:32:24', 3, 0, 0, NULL, 0),
	(1052, 261, 6, '2017-07-22 11:32:25', 1, '2017-07-22 11:32:25', 6, 0, 0, NULL, 0),
	(1053, 262, 1, '2017-05-10 11:32:27', 1, '2017-05-10 11:32:27', 0, 0, 0, NULL, 0),
	(1054, 262, 2, '2017-05-10 11:32:27', 1, '2017-05-10 11:32:27', 8, 0, 0, NULL, 0),
	(1055, 262, 3, '2017-05-18 11:32:28', 1, '2017-05-18 11:32:28', 34, 0, 0, NULL, 0),
	(1056, 262, 4, '2017-06-21 11:32:29', 1, '2017-06-21 11:32:29', 16, 0, 0, NULL, 0),
	(1057, 262, 5, '2017-07-07 11:32:30', 1, '2017-07-07 11:32:30', 16, 0, 0, NULL, 0),
	(1058, 262, 6, '2017-07-23 11:32:31', 1, '2017-07-23 11:32:31', 49, 0, 0, NULL, 0),
	(1059, 263, 1, '2017-05-12 11:32:32', 1, '2017-05-12 11:32:32', 0, 0, 0, NULL, 0),
	(1060, 263, 2, '2017-05-12 11:32:32', 1, '2017-05-12 11:32:32', 8, 0, 0, NULL, 0),
	(1061, 263, 3, '2017-05-20 11:32:33', 1, '2017-05-20 11:32:33', 34, 0, 0, NULL, 0),
	(1062, 263, 4, '2017-06-23 11:32:34', 1, '2017-06-23 11:32:34', 20, 0, 0, NULL, 0),
	(1063, 263, 5, '2017-07-13 11:32:36', 1, '2017-07-13 11:32:36', 17, 0, 0, NULL, 0),
	(1064, 263, 6, '2017-07-30 11:32:37', 1, '2017-07-30 11:32:37', 0, 0, 0, NULL, 0),
	(1065, 264, 1, '2017-05-14 11:32:38', 1, '2017-05-14 11:32:38', 0, 0, 0, NULL, 0),
	(1066, 264, 2, '2017-05-14 11:32:38', 1, '2017-05-14 11:32:38', 6, 0, 0, NULL, 0),
	(1067, 265, 1, '2017-05-14 11:32:38', 1, '2017-05-14 11:32:38', 0, 0, 0, NULL, 0),
	(1068, 265, 2, '2017-05-14 11:32:38', 1, '2017-05-14 11:32:38', 8, 0, 0, NULL, 0),
	(1069, 266, 1, '2017-05-14 11:32:38', 1, '2017-05-14 11:32:38', 0, 0, 0, NULL, 0),
	(1070, 266, 2, '2017-05-14 11:32:38', 1, '2017-05-14 11:32:38', 8, 0, 0, NULL, 0),
	(1071, 264, 3, '2017-05-20 11:32:39', 1, '2017-05-20 11:32:39', 33, 0, 0, NULL, 0),
	(1072, 265, 3, '2017-05-22 11:32:40', 1, '2017-05-22 11:32:40', 35, 0, 0, NULL, 0),
	(1073, 266, 3, '2017-05-22 11:32:41', 1, '2017-05-22 11:32:41', 30, 0, 0, NULL, 0),
	(1074, 264, 4, '2017-06-22 11:32:42', 5, '2017-06-12 11:38:00', 0, 1, 0, NULL, 0),
	(1075, 265, 4, '2017-06-26 11:32:43', 1, '2017-06-26 11:32:43', 9, 0, 0, NULL, 0),
	(1076, 266, 4, '2017-06-21 11:32:44', 5, '2017-06-12 11:37:31', 0, 1, 0, NULL, 0),
	(1077, 267, 1, '2017-05-16 11:32:47', 1, '2017-05-16 11:32:47', 0, 0, 0, NULL, 0),
	(1078, 267, 2, '2017-05-16 11:32:47', 1, '2017-05-16 11:32:47', 6, 0, 0, NULL, 0),
	(1079, 267, 3, '2017-05-22 11:32:49', 1, '2017-05-22 11:32:49', 31, 0, 0, NULL, 0),
	(1080, 267, 4, '2017-06-22 11:32:50', 3, '2017-06-28 11:37:44', 0, 1, 0, NULL, 0),
	(1081, 268, 1, '2017-05-17 11:32:51', 1, '2017-05-17 11:32:51', 0, 0, 0, NULL, 0),
	(1082, 268, 2, '2017-05-17 11:32:51', 1, '2017-05-17 11:32:51', 7, 0, 0, NULL, 0),
	(1083, 269, 1, '2017-05-17 11:32:51', 1, '2017-05-17 11:32:51', 0, 0, 0, NULL, 0),
	(1084, 269, 2, '2017-05-17 11:32:51', 1, '2017-05-17 11:32:51', 10, 0, 0, NULL, 0),
	(1085, 268, 3, '2017-05-24 11:32:52', 1, '2017-05-24 11:32:52', 30, 0, 0, NULL, 0),
	(1086, 269, 3, '2017-05-27 11:32:53', 1, '2017-05-27 11:32:53', 32, 0, 0, NULL, 0),
	(1087, 268, 4, '2017-06-23 11:32:54', 1, '2017-06-23 11:32:54', 17, 0, 0, NULL, 0),
	(1088, 269, 4, '2017-06-28 11:32:55', 1, '2017-06-28 11:32:55', 20, 0, 0, NULL, 0),
	(1089, 268, 5, '2017-07-10 11:32:56', 1, '2017-07-10 11:32:56', 18, 0, 0, NULL, 0),
	(1090, 269, 5, '2017-07-18 11:32:57', 1, '2017-07-18 11:32:57', 2, 0, 0, NULL, 0),
	(1091, 268, 6, '2017-07-28 11:32:58', 1, '2017-07-28 11:32:58', 19, 0, 0, NULL, 0),
	(1092, 270, 1, '2017-05-19 11:33:01', 1, '2017-05-19 11:33:01', 0, 0, 0, NULL, 0),
	(1093, 270, 2, '2017-05-19 11:33:01', 1, '2017-05-19 11:33:01', 8, 0, 0, NULL, 0),
	(1094, 271, 1, '2017-05-19 11:33:01', 1, '2017-05-19 11:33:01', 0, 0, 0, NULL, 0),
	(1095, 271, 2, '2017-05-19 11:33:01', 1, '2017-05-19 11:33:01', 5, 0, 0, NULL, 0),
	(1096, 270, 3, '2017-05-27 11:33:02', 1, '2017-05-27 11:33:02', 34, 0, 0, NULL, 0),
	(1097, 271, 3, '2017-05-24 11:33:03', 1, '2017-05-24 11:33:03', 31, 0, 0, NULL, 0),
	(1098, 270, 4, '2017-06-30 11:33:04', 1, '2017-06-30 11:33:04', 20, 0, 0, NULL, 0),
	(1099, 271, 4, '2017-06-24 11:33:05', 1, '2017-06-24 11:33:05', 17, 0, 0, NULL, 0),
	(1100, 270, 5, '2017-07-20 11:33:06', 1, '2017-07-20 11:33:06', 37, 0, 0, NULL, 0),
	(1101, 271, 5, '2017-07-11 11:33:07', 1, '2017-07-11 11:33:07', 19, 0, 0, NULL, 0),
	(1102, 271, 6, '2017-07-30 11:33:08', 3, '2017-07-16 11:40:48', 0, 1, 0, NULL, 0),
	(1103, 272, 1, '2017-05-21 11:33:10', 4, '2017-06-28 11:37:46', 0, 1, 0, NULL, 4),
	(1104, 272, 2, '2017-05-21 11:33:10', 1, '2017-05-21 11:33:10', 8, 0, 1, NULL, 0),
	(1105, 273, 1, '2017-05-21 11:33:10', 4, '2017-07-15 11:40:49', 0, 1, 0, NULL, 5),
	(1106, 273, 2, '2017-05-21 11:33:10', 1, '2017-05-21 11:33:10', 7, 0, 1, NULL, 0),
	(1107, 272, 3, '2017-05-29 11:33:11', 1, '2017-05-29 11:33:11', 32, 0, 1, NULL, 0),
	(1108, 273, 3, '2017-05-28 11:33:13', 1, '2017-05-28 11:33:13', 32, 0, 1, NULL, 0),
	(1109, 272, 4, '2017-06-30 11:33:14', 1, '2017-06-30 11:33:14', -2, 0, 1, NULL, 0),
	(1110, 273, 4, '2017-06-29 11:33:15', 1, '2017-06-29 11:33:15', 17, 0, 1, NULL, 0),
	(1111, 273, 5, '2017-07-16 11:33:16', 1, '2017-07-16 11:33:16', -1, 0, 1, NULL, 0),
	(1112, 274, 1, '2017-05-24 11:33:18', 1, '2017-05-24 11:33:18', 0, 0, 0, NULL, 0),
	(1113, 274, 2, '2017-05-24 11:33:18', 1, '2017-05-24 11:33:18', 8, 0, 0, NULL, 0),
	(1114, 274, 3, '2017-06-01 11:33:19', 1, '2017-06-01 11:33:19', 32, 0, 0, NULL, 0),
	(1115, 274, 4, '2017-07-03 11:33:20', 1, '2017-07-03 11:33:20', 16, 0, 0, NULL, 0),
	(1116, 274, 5, '2017-07-19 11:33:21', 1, '2017-07-19 11:33:21', 5, 0, 0, NULL, 0),
	(1117, 275, 1, '2017-05-25 11:33:22', 1, '2017-05-25 11:33:22', 0, 0, 0, NULL, 0),
	(1118, 275, 2, '2017-05-25 11:33:22', 1, '2017-05-25 11:33:22', 5, 0, 0, NULL, 0),
	(1119, 276, 1, '2017-05-25 11:33:22', 1, '2017-05-25 11:33:22', 0, 0, 0, NULL, 0),
	(1120, 276, 2, '2017-05-25 11:33:22', 1, '2017-05-25 11:33:22', 5, 0, 0, NULL, 0),
	(1121, 277, 1, '2017-05-25 11:33:22', 1, '2017-05-25 11:33:22', 0, 0, 0, NULL, 0),
	(1122, 277, 2, '2017-05-25 11:33:22', 1, '2017-05-25 11:33:22', 5, 0, 0, NULL, 0),
	(1123, 275, 3, '2017-05-30 11:33:24', 1, '2017-05-30 11:33:24', 34, 0, 0, NULL, 0),
	(1124, 276, 3, '2017-05-30 11:33:25', 1, '2017-05-30 11:33:25', 34, 0, 0, NULL, 0),
	(1125, 277, 3, '2017-05-30 11:33:26', 1, '2017-05-30 11:33:26', 31, 0, 0, NULL, 0),
	(1126, 275, 4, '2017-07-03 11:33:27', 1, '2017-07-03 11:33:27', 15, 0, 0, NULL, 0),
	(1127, 276, 4, '2017-07-03 11:33:28', 1, '2017-07-03 11:33:28', 17, 0, 0, NULL, 0),
	(1128, 277, 4, '2017-06-30 11:33:29', 5, '2017-06-20 11:37:47', 0, 1, 0, NULL, 0),
	(1129, 275, 5, '2017-07-18 11:33:30', 1, '2017-07-18 11:33:30', 15, 0, 0, NULL, 0),
	(1130, 276, 5, '2017-07-20 11:33:31', 1, '2017-07-20 11:33:31', 16, 0, 0, NULL, 0),
	(1131, 275, 6, '2017-08-02 11:33:32', 1, '2017-08-02 11:33:32', 10, 0, 0, NULL, 0),
	(1132, 276, 6, '2017-08-05 11:33:33', 1, '2017-08-05 11:33:33', 13, 0, 0, NULL, 0),
	(1133, 278, 1, '2017-05-26 11:33:36', 1, '2017-05-26 11:33:36', 0, 0, 0, NULL, 0),
	(1134, 278, 2, '2017-05-26 11:33:36', 1, '2017-05-26 11:33:36', 10, 0, 0, NULL, 0),
	(1135, 278, 3, '2017-06-05 11:33:37', 1, '2017-06-05 11:33:37', 34, 0, 0, NULL, 0),
	(1136, 278, 4, '2017-07-09 11:33:38', 1, '2017-07-09 11:33:38', 20, 0, 0, NULL, 0),
	(1137, 278, 5, '2017-07-29 11:33:40', 1, '2017-07-29 11:33:40', 42, 0, 0, NULL, 0),
	(1138, 279, 1, '2017-05-29 11:33:41', 1, '2017-05-29 11:33:41', 0, 0, 0, NULL, 0),
	(1139, 279, 2, '2017-05-29 11:33:41', 1, '2017-05-29 11:33:41', 10, 0, 0, NULL, 0),
	(1140, 280, 1, '2017-05-29 11:33:41', 1, '2017-05-29 11:33:41', 0, 0, 0, NULL, 0),
	(1141, 280, 2, '2017-05-29 11:33:41', 1, '2017-05-29 11:33:41', 7, 0, 0, NULL, 0),
	(1142, 279, 3, '2017-06-08 11:33:42', 1, '2017-06-08 11:33:42', 35, 0, 0, NULL, 0),
	(1143, 280, 3, '2017-06-05 11:33:43', 1, '2017-06-05 11:33:43', 30, 0, 0, NULL, 0),
	(1144, 279, 4, '2017-07-13 11:33:44', 1, '2017-07-13 11:33:44', 16, 0, 0, NULL, 0),
	(1145, 280, 4, '2017-07-05 11:33:45', 1, '2017-07-05 11:33:45', 17, 0, 0, NULL, 0),
	(1146, 279, 5, '2017-07-29 11:33:46', 1, '2017-07-29 11:33:46', 0, 0, 0, NULL, 0),
	(1147, 280, 5, '2017-07-22 11:33:47', 1, '2017-07-22 11:33:47', 19, 0, 0, NULL, 0),
	(1148, 280, 6, '2017-08-10 11:33:48', 1, '2017-08-10 11:33:48', 14, 0, 0, NULL, 0),
	(1149, 52, 7, '2017-05-15 11:33:56', 2, '2017-05-15 11:33:56', 0, 1, 0, NULL, 6),
	(1150, 162, 7, '2017-05-23 11:33:57', 2, '2017-05-23 11:33:57', 0, 1, 0, NULL, 6),
	(1151, 168, 7, '2017-05-28 11:33:58', 2, '2017-05-28 11:33:58', 0, 1, 0, NULL, 6),
	(1152, 236, 5, '2017-05-27 11:33:59', 1, '2017-05-27 11:33:59', 0, 0, 0, NULL, 0),
	(1153, 236, 6, '2017-05-27 11:33:59', 1, '2017-05-27 11:33:59', 0, 0, 0, NULL, 0),
	(1154, 236, 7, '2017-05-27 11:33:59', 2, '2017-05-27 11:33:59', 0, 1, 0, NULL, 4),
	(1155, 234, 5, '2017-05-29 11:34:00', 1, '2017-05-29 11:34:00', 0, 0, 0, NULL, 0),
	(1156, 234, 6, '2017-05-29 11:34:00', 1, '2017-05-29 11:34:00', 0, 0, 0, NULL, 0),
	(1157, 234, 7, '2017-05-29 11:34:00', 2, '2017-05-29 11:34:00', 0, 1, 0, NULL, 4),
	(1158, 185, 6, '2017-05-28 11:34:02', 1, '2017-05-28 11:34:02', 0, 0, 0, NULL, 0),
	(1159, 185, 7, '2017-05-28 11:34:02', 2, '2017-05-28 11:34:02', 0, 1, 0, NULL, 5),
	(1160, 148, 6, '2017-05-29 11:34:08', 1, '2017-05-29 11:34:08', 0, 0, 0, NULL, 0),
	(1161, 148, 7, '2017-05-29 11:34:08', 2, '2017-05-29 11:34:08', 0, 1, 0, NULL, 5),
	(1162, 159, 7, '2017-05-22 11:34:09', 2, '2017-05-22 11:34:09', 0, 1, 0, NULL, 6),
	(1163, 163, 6, '2017-05-04 11:34:10', 1, '2017-05-04 11:34:10', 0, 0, 0, NULL, 0),
	(1164, 163, 7, '2017-05-04 11:34:10', 2, '2017-05-04 11:34:10', 0, 1, 0, NULL, 5),
	(1165, 176, 7, '2017-05-30 11:34:11', 2, '2017-05-30 11:34:11', 0, 1, 0, NULL, 6),
	(1166, 178, 7, '2017-05-29 11:34:12', 2, '2017-05-29 11:34:12', 0, 1, 0, NULL, 6),
	(1167, 182, 6, '2017-05-26 11:34:14', 1, '2017-05-26 11:34:14', 0, 0, 0, NULL, 0),
	(1168, 182, 7, '2017-05-26 11:34:14', 2, '2017-05-26 11:34:14', 0, 1, 0, NULL, 5),
	(1169, 187, 6, '2017-05-30 11:34:15', 1, '2017-05-30 11:34:15', 0, 0, 0, NULL, 0),
	(1170, 187, 7, '2017-05-30 11:34:15', 2, '2017-05-30 11:34:15', 0, 1, 0, NULL, 5),
	(1171, 78, 6, '2017-05-26 11:34:21', 1, '2017-05-26 11:34:21', 0, 0, 0, NULL, 0),
	(1172, 78, 7, '2017-05-26 11:34:21', 2, '2017-05-26 11:34:21', 0, 1, 0, NULL, 5),
	(1173, 132, 7, '2017-05-25 11:34:22', 2, '2017-05-25 11:34:22', 0, 1, 0, NULL, 6),
	(1174, 170, 7, '2017-05-29 11:34:23', 2, '2017-05-29 11:34:23', 0, 1, 0, NULL, 6),
	(1175, 173, 7, '2017-05-29 11:34:24', 2, '2017-05-29 11:34:24', 0, 1, 0, NULL, 6),
	(1176, 284, 1, '2017-06-03 11:34:55', 1, '2017-06-03 11:34:55', 0, 0, 0, NULL, 0),
	(1177, 284, 2, '2017-06-03 11:34:55', 1, '2017-06-03 11:34:55', 10, 0, 0, NULL, 0),
	(1178, 284, 3, '2017-06-13 11:34:56', 1, '2017-06-13 11:34:56', 33, 0, 0, NULL, 0),
	(1179, 284, 4, '2017-07-16 11:34:58', 1, '2017-07-16 11:34:58', 62, 0, 0, NULL, 0),
	(1180, 285, 1, '2017-06-06 11:34:59', 4, '2017-07-23 11:40:50', 0, 1, 0, NULL, 5),
	(1181, 285, 2, '2017-06-06 11:34:59', 1, '2017-06-06 11:34:59', 6, 0, 1, NULL, 0),
	(1182, 286, 1, '2017-06-06 11:34:59', 1, '2017-06-06 11:34:59', 0, 0, 0, NULL, 0),
	(1183, 286, 2, '2017-06-06 11:34:59', 1, '2017-06-06 11:34:59', 5, 0, 0, NULL, 0),
	(1184, 285, 3, '2017-06-12 11:35:00', 1, '2017-06-12 11:35:00', 31, 0, 1, NULL, 0),
	(1185, 286, 3, '2017-06-11 11:35:01', 1, '2017-06-11 11:35:01', 33, 0, 0, NULL, 0),
	(1186, 285, 4, '2017-07-13 11:35:02', 1, '2017-07-13 11:35:02', 15, 0, 1, NULL, 0),
	(1187, 286, 4, '2017-07-14 11:35:03', 1, '2017-07-14 11:35:03', 16, 0, 0, NULL, 0),
	(1188, 285, 5, '2017-07-28 11:35:04', 1, '2017-07-28 11:35:04', -5, 0, 1, NULL, 0),
	(1189, 286, 5, '2017-07-30 11:35:05', 3, '2017-07-17 11:40:38', 0, 1, 0, NULL, 0),
	(1190, 287, 1, '2017-06-07 11:35:07', 4, '2017-07-02 11:40:23', 0, 1, 0, NULL, 4),
	(1191, 287, 2, '2017-06-07 11:35:07', 1, '2017-06-07 11:35:07', 8, 0, 1, NULL, 0),
	(1192, 287, 3, '2017-06-15 11:35:08', 1, '2017-06-15 11:35:08', 32, 0, 1, NULL, 0),
	(1193, 287, 4, '2017-07-17 11:35:09', 1, '2017-07-17 11:35:09', -15, 0, 1, NULL, 0),
	(1194, 288, 1, '2017-06-08 11:35:11', 1, '2017-06-08 11:35:11', 0, 0, 0, NULL, 0),
	(1195, 288, 2, '2017-06-08 11:35:11', 1, '2017-06-08 11:35:11', 6, 0, 0, NULL, 0),
	(1196, 289, 1, '2017-06-08 11:35:11', 1, '2017-06-08 11:35:11', 0, 0, 0, NULL, 0),
	(1197, 289, 2, '2017-06-08 11:35:11', 1, '2017-06-08 11:35:11', 9, 0, 0, NULL, 0),
	(1198, 288, 3, '2017-06-14 11:35:12', 1, '2017-06-14 11:35:12', 32, 0, 0, NULL, 0),
	(1199, 289, 3, '2017-06-17 11:35:13', 1, '2017-06-17 11:35:13', 32, 0, 0, NULL, 0),
	(1200, 288, 4, '2017-07-16 11:35:14', 1, '2017-07-16 11:35:14', 15, 0, 0, NULL, 0),
	(1201, 289, 4, '2017-07-19 11:35:15', 1, '2017-07-19 11:35:15', 15, 0, 0, NULL, 0),
	(1202, 288, 5, '2017-07-31 11:35:16', 1, '2017-07-31 11:35:16', 17, 0, 0, NULL, 0),
	(1203, 289, 5, '2017-08-03 11:35:17', 1, '2017-08-03 11:35:17', 15, 0, 0, NULL, 0),
	(1204, 288, 6, '2017-08-17 11:35:18', 1, '2017-08-17 11:35:18', 1, 0, 0, NULL, 0),
	(1205, 289, 6, '2017-08-18 11:35:19', 1, '2017-08-18 11:35:19', 8, 0, 0, NULL, 0),
	(1206, 290, 1, '2017-06-09 11:35:22', 1, '2017-06-09 11:35:22', 0, 0, 0, NULL, 0),
	(1207, 290, 2, '2017-06-09 11:35:22', 1, '2017-06-09 11:35:22', 6, 0, 0, NULL, 0),
	(1208, 290, 3, '2017-06-15 11:35:23', 1, '2017-06-15 11:35:23', 34, 0, 0, NULL, 0),
	(1209, 290, 4, '2017-07-19 11:35:24', 1, '2017-07-19 11:35:24', 19, 0, 0, NULL, 0),
	(1210, 290, 5, '2017-08-07 11:35:25', 1, '2017-08-07 11:35:25', 20, 0, 0, NULL, 0),
	(1211, 290, 6, '2017-08-27 11:35:26', 1, '2017-08-27 11:35:26', 2, 0, 0, NULL, 0),
	(1212, 291, 1, '2017-06-10 11:35:27', 1, '2017-06-10 11:35:27', 0, 0, 0, NULL, 0),
	(1213, 291, 2, '2017-06-10 11:35:27', 1, '2017-06-10 11:35:27', 6, 0, 0, NULL, 0),
	(1214, 292, 1, '2017-06-10 11:35:27', 1, '2017-06-10 11:35:27', 0, 0, 0, NULL, 0),
	(1215, 292, 2, '2017-06-10 11:35:27', 1, '2017-06-10 11:35:27', 8, 0, 0, NULL, 0),
	(1216, 291, 3, '2017-06-16 11:35:28', 1, '2017-06-16 11:35:28', 31, 0, 0, NULL, 0),
	(1217, 292, 3, '2017-06-18 11:35:29', 1, '2017-06-18 11:35:29', 32, 0, 0, NULL, 0),
	(1218, 291, 4, '2017-07-17 11:35:30', 1, '2017-07-17 11:35:30', 20, 0, 0, NULL, 0),
	(1219, 292, 4, '2017-07-20 11:35:31', 1, '2017-07-20 11:35:31', 18, 0, 0, NULL, 0),
	(1220, 291, 5, '2017-08-06 11:35:32', 1, '2017-08-06 11:35:32', 17, 0, 0, NULL, 0),
	(1221, 292, 5, '2017-08-07 11:35:34', 1, '2017-08-07 11:35:34', 19, 0, 0, NULL, 0),
	(1222, 291, 6, '2017-08-23 11:35:35', 1, '2017-08-23 11:35:35', 1, 0, 0, NULL, 0),
	(1223, 292, 6, '2017-08-26 11:35:36', 1, '2017-08-26 11:35:36', 54, 0, 0, NULL, 0),
	(1224, 293, 1, '2017-06-12 11:35:38', 4, '2017-07-22 11:40:39', 0, 1, 0, NULL, 4),
	(1225, 293, 2, '2017-06-12 11:35:38', 1, '2017-06-12 11:35:38', 7, 0, 1, NULL, 0),
	(1226, 293, 3, '2017-06-19 11:35:39', 1, '2017-06-19 11:35:39', 35, 0, 1, NULL, 0),
	(1227, 293, 4, '2017-07-24 11:35:40', 1, '2017-07-24 11:35:40', -2, 0, 1, NULL, 0),
	(1228, 294, 1, '2017-06-18 11:35:41', 1, '2017-06-18 11:35:41', 0, 0, 0, NULL, 0),
	(1229, 294, 2, '2017-06-18 11:35:41', 1, '2017-06-18 11:35:41', 8, 0, 0, NULL, 0),
	(1230, 294, 3, '2017-06-26 11:35:42', 1, '2017-06-26 11:35:42', 33, 0, 0, NULL, 0),
	(1231, 294, 4, '2017-07-29 11:35:43', 1, '2017-07-29 11:35:43', 19, 0, 0, NULL, 0),
	(1232, 294, 5, '2017-08-17 11:35:44', 5, '2017-08-26 11:43:46', 0, 1, 0, NULL, 0),
	(1233, 295, 1, '2017-06-19 11:35:46', 1, '2017-06-19 11:35:46', 0, 0, 0, NULL, 0),
	(1234, 295, 2, '2017-06-19 11:35:46', 1, '2017-06-19 11:35:46', 6, 0, 0, NULL, 0),
	(1235, 295, 3, '2017-06-25 11:35:47', 1, '2017-06-25 11:35:47', 32, 0, 0, NULL, 0),
	(1236, 295, 4, '2017-07-27 11:35:48', 1, '2017-07-27 11:35:48', 18, 0, 0, NULL, 0),
	(1237, 295, 5, '2017-08-14 11:35:49', 1, '2017-08-14 11:35:49', 13, 0, 0, NULL, 0),
	(1238, 296, 1, '2017-06-20 11:35:50', 1, '2017-06-20 11:35:50', 0, 0, 0, NULL, 0),
	(1239, 296, 2, '2017-06-20 11:35:50', 1, '2017-06-20 11:35:50', 10, 0, 0, NULL, 0),
	(1240, 297, 1, '2017-06-20 11:35:50', 1, '2017-06-20 11:35:50', 0, 0, 0, NULL, 0),
	(1241, 297, 2, '2017-06-20 11:35:50', 1, '2017-06-20 11:35:50', 8, 0, 0, NULL, 0),
	(1242, 298, 1, '2017-06-20 11:35:50', 4, '2017-08-27 11:43:45', 0, 1, 0, NULL, 6),
	(1243, 298, 2, '2017-06-20 11:35:50', 1, '2017-06-20 11:35:50', 7, 0, 1, NULL, 0),
	(1244, 296, 3, '2017-06-30 11:35:51', 3, '2017-07-06 11:40:22', 0, 1, 0, NULL, 0),
	(1245, 297, 3, '2017-06-28 11:35:52', 1, '2017-06-28 11:35:52', 31, 0, 0, NULL, 0),
	(1246, 298, 3, '2017-06-27 11:35:53', 1, '2017-06-27 11:35:53', 32, 0, 1, NULL, 0),
	(1247, 298, 4, '2017-07-29 11:35:54', 1, '2017-07-29 11:35:54', 17, 0, 1, NULL, 0),
	(1248, 298, 5, '2017-08-15 11:35:55', 1, '2017-08-15 11:35:55', 15, 0, 1, NULL, 0),
	(1249, 297, 4, '2017-07-29 11:35:56', 5, '2017-07-25 11:40:51', 0, 1, 0, NULL, 0),
	(1250, 298, 6, '2017-08-30 11:36:00', 1, '2017-08-30 11:36:00', -3, 0, 1, NULL, 0),
	(1251, 299, 1, '2017-06-22 11:36:01', 1, '2017-06-22 11:36:01', 0, 0, 0, NULL, 0),
	(1252, 299, 2, '2017-06-22 11:36:01', 1, '2017-06-22 11:36:01', 8, 0, 0, NULL, 0),
	(1253, 299, 3, '2017-06-30 11:36:02', 1, '2017-06-30 11:36:02', 35, 0, 0, NULL, 0),
	(1254, 299, 4, '2017-08-04 11:36:03', 1, '2017-08-04 11:36:03', 16, 0, 0, NULL, 0),
	(1255, 299, 5, '2017-08-20 11:36:04', 1, '2017-08-20 11:36:04', 9, 0, 0, NULL, 0),
	(1256, 300, 1, '2017-06-23 11:36:05', 1, '2017-06-23 11:36:05', 0, 0, 0, NULL, 0),
	(1257, 300, 2, '2017-06-23 11:36:05', 1, '2017-06-23 11:36:05', 6, 0, 0, NULL, 0),
	(1258, 301, 1, '2017-06-23 11:36:05', 1, '2017-06-23 11:36:05', 0, 0, 0, NULL, 0),
	(1259, 301, 2, '2017-06-23 11:36:05', 1, '2017-06-23 11:36:05', 8, 0, 0, NULL, 0),
	(1260, 300, 3, '2017-06-29 11:36:06', 1, '2017-06-29 11:36:06', 31, 0, 0, NULL, 0),
	(1261, 301, 3, '2017-07-01 11:36:07', 1, '2017-07-01 11:36:07', 33, 0, 0, NULL, 0),
	(1262, 300, 4, '2017-07-30 11:36:08', 1, '2017-07-30 11:36:08', 16, 0, 0, NULL, 0),
	(1263, 301, 4, '2017-08-03 11:36:09', 1, '2017-08-03 11:36:09', 18, 0, 0, NULL, 0),
	(1264, 300, 5, '2017-08-15 11:36:11', 3, '2017-10-12 16:25:37', 0, 1, 0, NULL, 0),
	(1265, 301, 5, '2017-08-21 11:36:12', 1, '2017-08-21 11:36:12', 20, 0, 0, NULL, 0),
	(1266, 301, 6, '2017-09-10 11:36:13', 1, '2017-09-10 11:36:13', 11, 0, 0, NULL, 0),
	(1267, 302, 1, '2017-06-24 11:36:15', 1, '2017-06-24 11:36:15', 0, 0, 0, NULL, 0),
	(1268, 302, 2, '2017-06-24 11:36:15', 1, '2017-06-24 11:36:15', 6, 0, 0, NULL, 0),
	(1269, 303, 1, '2017-06-24 11:36:15', 1, '2017-06-24 11:36:15', 0, 0, 0, NULL, 0),
	(1270, 303, 2, '2017-06-24 11:36:15', 1, '2017-06-24 11:36:15', 8, 0, 0, NULL, 0),
	(1271, 304, 1, '2017-06-24 11:36:15', 1, '2017-06-24 11:36:15', 0, 0, 0, NULL, 0),
	(1272, 304, 2, '2017-06-24 11:36:15', 1, '2017-06-24 11:36:15', 9, 0, 0, NULL, 0),
	(1273, 302, 3, '2017-06-30 11:36:16', 1, '2017-06-30 11:36:16', 30, 0, 0, NULL, 0),
	(1274, 303, 3, '2017-07-02 11:36:17', 5, '2017-07-02 11:40:41', 0, 1, 0, NULL, 0),
	(1275, 304, 3, '2017-07-03 11:36:18', 1, '2017-07-03 11:36:18', 13, 0, 0, NULL, 0),
	(1276, 302, 4, '2017-07-30 11:36:19', 1, '2017-07-30 11:36:19', 15, 0, 0, NULL, 0),
	(1277, 302, 5, '2017-08-14 11:36:20', 1, '2017-08-14 11:36:20', 18, 0, 0, NULL, 0),
	(1278, 302, 6, '2017-09-01 11:36:21', 1, '2017-09-01 11:36:21', 11, 0, 0, NULL, 0),
	(1279, 305, 1, '2017-06-26 11:36:25', 1, '2017-06-26 11:36:25', 0, 0, 0, NULL, 0),
	(1280, 305, 2, '2017-06-26 11:36:25', 1, '2017-06-26 11:36:25', 6, 0, 0, NULL, 0),
	(1281, 306, 1, '2017-06-26 11:36:25', 1, '2017-06-26 11:36:25', 0, 0, 0, NULL, 0),
	(1282, 306, 2, '2017-06-26 11:36:25', 1, '2017-06-26 11:36:25', 9, 0, 0, NULL, 0),
	(1283, 307, 1, '2017-06-26 11:36:25', 1, '2017-06-26 11:36:25', 0, 0, 0, NULL, 0),
	(1284, 307, 2, '2017-06-26 11:36:25', 1, '2017-06-26 11:36:25', 7, 0, 0, NULL, 0),
	(1285, 308, 1, '2017-06-26 11:36:25', 1, '2017-06-26 11:36:25', 0, 0, 0, NULL, 0),
	(1286, 308, 2, '2017-06-26 11:36:25', 1, '2017-06-26 11:36:25', 8, 0, 0, NULL, 0),
	(1287, 309, 1, '2017-06-26 11:36:25', 1, '2017-06-26 11:36:25', 0, 0, 0, NULL, 0),
	(1288, 309, 2, '2017-06-26 11:36:25', 1, '2017-06-26 11:36:25', 8, 0, 0, NULL, 0),
	(1289, 305, 3, '2017-07-02 11:36:26', 1, '2017-07-02 11:36:26', 14, 0, 0, NULL, 0),
	(1290, 306, 3, '2017-07-05 11:36:27', 1, '2017-07-05 11:36:27', 34, 0, 0, NULL, 0),
	(1291, 307, 3, '2017-07-03 11:36:28', 5, '2017-07-17 11:40:53', 0, 1, 0, NULL, 0),
	(1292, 308, 3, '2017-07-04 11:36:29', 1, '2017-07-04 11:36:29', 30, 0, 0, NULL, 0),
	(1293, 309, 3, '2017-07-04 11:36:30', 5, '2017-07-21 11:40:54', 0, 1, 0, NULL, 0),
	(1294, 306, 4, '2017-08-08 11:36:31', 1, '2017-08-08 11:36:31', 20, 0, 0, NULL, 0),
	(1295, 308, 4, '2017-08-03 11:36:32', 1, '2017-08-03 11:36:32', 15, 0, 0, NULL, 0),
	(1296, 306, 5, '2017-08-28 11:36:33', 1, '2017-08-28 11:36:33', 1, 0, 0, NULL, 0),
	(1297, 308, 5, '2017-08-18 11:36:35', 1, '2017-08-18 11:36:35', 18, 0, 0, NULL, 0),
	(1298, 308, 6, '2017-09-05 11:36:36', 1, '2017-09-05 11:36:36', 66, 0, 0, NULL, 0),
	(1299, 310, 1, '2017-06-27 11:36:41', 1, '2017-06-27 11:36:41', 0, 0, 0, NULL, 0),
	(1300, 310, 2, '2017-06-27 11:36:41', 1, '2017-06-27 11:36:41', 8, 0, 0, NULL, 0),
	(1301, 311, 1, '2017-06-27 11:36:41', 1, '2017-06-27 11:36:41', 0, 0, 0, NULL, 0),
	(1302, 311, 2, '2017-06-27 11:36:41', 1, '2017-06-27 11:36:41', 7, 0, 0, NULL, 0),
	(1303, 310, 3, '2017-07-05 11:36:42', 1, '2017-07-05 11:36:42', 35, 0, 0, NULL, 0),
	(1304, 311, 3, '2017-07-04 11:36:43', 1, '2017-07-04 11:36:43', 34, 0, 0, NULL, 0),
	(1305, 310, 4, '2017-08-09 11:36:44', 1, '2017-08-09 11:36:44', 17, 0, 0, NULL, 0),
	(1306, 311, 4, '2017-08-07 11:36:45', 1, '2017-08-07 11:36:45', 15, 0, 0, NULL, 0),
	(1307, 310, 5, '2017-08-26 11:36:46', 1, '2017-08-26 11:36:46', 16, 0, 0, NULL, 0),
	(1308, 311, 5, '2017-08-22 11:36:47', 1, '2017-08-22 11:36:47', 4, 0, 0, NULL, 0),
	(1309, 310, 6, '2017-09-11 11:36:49', 3, '2017-09-13 16:22:19', 0, 1, 0, NULL, 0),
	(1310, 312, 1, '2017-06-28 11:36:51', 1, '2017-06-28 11:36:51', 0, 0, 0, NULL, 0),
	(1311, 312, 2, '2017-06-28 11:36:51', 1, '2017-06-28 11:36:51', 8, 0, 0, NULL, 0),
	(1312, 313, 1, '2017-06-28 11:36:51', 1, '2017-06-28 11:36:51', 0, 0, 0, NULL, 0),
	(1313, 313, 2, '2017-06-28 11:36:51', 1, '2017-06-28 11:36:51', 8, 0, 0, NULL, 0),
	(1314, 314, 1, '2017-06-28 11:36:51', 1, '2017-06-28 11:36:51', 0, 0, 0, NULL, 0),
	(1315, 314, 2, '2017-06-28 11:36:51', 1, '2017-06-28 11:36:51', 10, 0, 0, NULL, 0),
	(1316, 312, 3, '2017-07-06 11:36:52', 1, '2017-07-06 11:36:52', 30, 0, 0, NULL, 0),
	(1317, 313, 3, '2017-07-06 11:36:53', 1, '2017-07-06 11:36:53', 32, 0, 0, NULL, 0),
	(1318, 314, 3, '2017-07-08 11:36:54', 1, '2017-07-08 11:36:54', 31, 0, 0, NULL, 0),
	(1319, 312, 4, '2017-08-05 11:36:55', 1, '2017-08-05 11:36:55', 15, 0, 0, NULL, 0),
	(1320, 313, 4, '2017-08-07 11:36:56', 1, '2017-08-07 11:36:56', 19, 0, 0, NULL, 0),
	(1321, 314, 4, '2017-08-08 11:36:57', 1, '2017-08-08 11:36:57', 20, 0, 0, NULL, 0),
	(1322, 312, 5, '2017-08-20 11:36:58', 1, '2017-08-20 11:36:58', 19, 0, 0, NULL, 0),
	(1323, 313, 5, '2017-08-26 11:36:59', 1, '2017-08-26 11:36:59', 15, 0, 0, NULL, 0),
	(1324, 314, 5, '2017-08-28 11:37:00', 1, '2017-08-28 11:37:00', 8, 0, 0, NULL, 0),
	(1325, 312, 6, '2017-09-08 11:37:02', 1, '2017-09-08 11:37:02', 14, 0, 0, NULL, 0),
	(1326, 313, 6, '2017-09-10 11:37:03', 1, '2017-09-10 11:37:03', 13, 0, 0, NULL, 0),
	(1327, 315, 1, '2017-06-29 11:37:06', 1, '2017-06-29 11:37:06', 0, 0, 0, NULL, 0),
	(1328, 315, 2, '2017-06-29 11:37:06', 1, '2017-06-29 11:37:06', 5, 0, 0, NULL, 0),
	(1329, 316, 1, '2017-06-29 11:37:06', 1, '2017-06-29 11:37:06', 0, 0, 0, NULL, 0),
	(1330, 316, 2, '2017-06-29 11:37:06', 1, '2017-06-29 11:37:06', 10, 0, 0, NULL, 0),
	(1331, 315, 3, '2017-07-04 11:37:07', 1, '2017-07-04 11:37:07', 31, 0, 0, NULL, 0),
	(1332, 316, 3, '2017-07-09 11:37:08', 1, '2017-07-09 11:37:08', 30, 0, 0, NULL, 0),
	(1333, 315, 4, '2017-08-04 11:37:09', 1, '2017-08-04 11:37:09', 16, 0, 0, NULL, 0),
	(1334, 316, 4, '2017-08-08 11:37:10', 1, '2017-08-08 11:37:10', 18, 0, 0, NULL, 0),
	(1335, 315, 5, '2017-08-20 11:37:11', 1, '2017-08-20 11:37:11', 19, 0, 0, NULL, 0),
	(1336, 316, 5, '2017-08-26 11:37:12', 1, '2017-08-26 11:37:12', 23, 0, 0, NULL, 0),
	(1337, 315, 6, '2017-09-08 11:37:13', 1, '2017-09-08 11:37:13', 10, 0, 0, NULL, 0),
	(1338, 250, 6, '2017-06-27 11:37:22', 1, '2017-06-27 11:37:22', 0, 0, 0, NULL, 0),
	(1339, 250, 7, '2017-06-27 11:37:22', 2, '2017-06-27 11:37:22', 0, 1, 0, NULL, 5),
	(1340, 192, 7, '2017-06-18 11:37:23', 2, '2017-06-18 11:37:23', 0, 1, 0, NULL, 6),
	(1341, 249, 6, '2017-06-24 11:37:24', 1, '2017-06-24 11:37:24', 0, 0, 0, NULL, 0),
	(1342, 249, 7, '2017-06-24 11:37:24', 2, '2017-06-24 11:37:24', 0, 1, 0, NULL, 5),
	(1343, 237, 6, '2017-06-21 11:37:25', 1, '2017-06-21 11:37:25', 0, 0, 0, NULL, 0),
	(1344, 237, 7, '2017-06-21 11:37:25', 2, '2017-06-21 11:37:25', 0, 1, 0, NULL, 5),
	(1345, 226, 7, '2017-06-17 11:37:26', 2, '2017-06-17 11:37:26', 0, 1, 0, NULL, 6),
	(1346, 150, 6, '2017-06-10 11:37:27', 1, '2017-06-10 11:37:27', 0, 0, 0, NULL, 0),
	(1347, 150, 7, '2017-06-10 11:37:27', 2, '2017-06-10 11:37:27', 0, 1, 0, NULL, 5),
	(1348, 222, 7, '2017-06-23 11:37:28', 2, '2017-06-23 11:37:28', 0, 1, 0, NULL, 6),
	(1349, 180, 7, '2017-06-18 11:37:35', 2, '2017-06-18 11:37:35', 0, 1, 0, NULL, 6),
	(1350, 188, 7, '2017-06-21 11:37:36', 2, '2017-06-21 11:37:36', 0, 1, 0, NULL, 6),
	(1351, 191, 7, '2017-06-21 11:37:37', 2, '2017-06-21 11:37:37', 0, 1, 0, NULL, 6),
	(1352, 223, 6, '2017-06-26 11:37:38', 1, '2017-06-26 11:37:38', 0, 0, 0, NULL, 0),
	(1353, 223, 7, '2017-06-26 11:37:38', 2, '2017-06-26 11:37:38', 0, 1, 0, NULL, 5),
	(1354, 231, 5, '2017-06-19 11:37:39', 1, '2017-06-19 11:37:39', 0, 0, 0, NULL, 0),
	(1355, 231, 6, '2017-06-19 11:37:39', 1, '2017-06-19 11:37:39', 0, 0, 0, NULL, 0),
	(1356, 231, 7, '2017-06-19 11:37:39', 2, '2017-06-19 11:37:39', 0, 1, 0, NULL, 4),
	(1357, 233, 7, '2017-06-28 11:37:40', 2, '2017-06-28 11:37:40', 0, 1, 0, NULL, 6),
	(1358, 246, 6, '2017-06-29 11:37:41', 1, '2017-06-29 11:37:41', 0, 0, 0, NULL, 0),
	(1359, 246, 7, '2017-06-29 11:37:41', 2, '2017-06-29 11:37:41', 0, 1, 0, NULL, 5),
	(1360, 128, 7, '2017-06-25 11:37:48', 2, '2017-06-25 11:37:48', 0, 1, 0, NULL, 6),
	(1361, 174, 7, '2017-06-28 11:37:49', 2, '2017-06-28 11:37:49', 0, 1, 0, NULL, 6),
	(1362, 183, 7, '2017-06-16 11:37:50', 2, '2017-06-16 11:37:50', 0, 1, 0, NULL, 6),
	(1363, 184, 7, '2017-06-20 11:37:51', 2, '2017-06-20 11:37:51', 0, 1, 0, NULL, 6),
	(1364, 347, 1, '2017-07-02 11:38:22', 1, '2017-07-02 11:38:22', 0, 0, 0, NULL, 0),
	(1365, 347, 2, '2017-07-02 11:38:22', 1, '2017-07-02 11:38:22', 9, 0, 0, NULL, 0),
	(1366, 347, 3, '2017-07-11 11:38:23', 1, '2017-07-11 11:38:23', 35, 0, 0, NULL, 0),
	(1367, 347, 4, '2017-08-15 11:38:24', 1, '2017-08-15 11:38:24', 15, 0, 0, NULL, 0),
	(1368, 347, 5, '2017-08-30 11:38:25', 1, '2017-08-30 11:38:25', 0, 0, 0, NULL, 0),
	(1369, 348, 1, '2017-07-05 11:38:26', 1, '2017-07-05 11:38:26', 0, 0, 0, NULL, 0),
	(1370, 348, 2, '2017-07-05 11:38:26', 1, '2017-07-05 11:38:26', 5, 0, 0, NULL, 0),
	(1371, 348, 3, '2017-07-10 11:38:27', 1, '2017-07-10 11:38:27', 30, 0, 0, NULL, 0),
	(1372, 348, 4, '2017-08-09 11:38:28', 1, '2017-08-09 11:38:28', 18, 0, 0, NULL, 0),
	(1373, 348, 5, '2017-08-27 11:38:29', 1, '2017-08-27 11:38:29', 62, 0, 0, NULL, 0),
	(1374, 349, 1, '2017-07-06 11:38:31', 1, '2017-07-06 11:38:31', 0, 0, 0, NULL, 0),
	(1375, 349, 2, '2017-07-06 11:38:31', 1, '2017-07-06 11:38:31', 6, 0, 0, NULL, 0),
	(1376, 349, 3, '2017-07-12 11:38:32', 1, '2017-07-12 11:38:32', 30, 0, 0, NULL, 0),
	(1377, 349, 4, '2017-08-11 11:38:33', 1, '2017-08-11 11:38:33', 18, 0, 0, NULL, 0),
	(1378, 349, 5, '2017-08-29 11:38:34', 1, '2017-08-29 11:38:34', 18, 0, 0, NULL, 0),
	(1379, 349, 6, '2017-09-16 11:38:35', 1, '2017-09-16 11:38:35', 4, 0, 0, NULL, 0),
	(1380, 350, 1, '2017-07-08 11:38:36', 1, '2017-07-08 11:38:36', 0, 0, 0, NULL, 0),
	(1381, 350, 2, '2017-07-08 11:38:36', 1, '2017-07-08 11:38:36', 5, 0, 0, NULL, 0),
	(1382, 350, 3, '2017-07-13 11:38:37', 1, '2017-07-13 11:38:37', 33, 0, 0, NULL, 0),
	(1383, 350, 4, '2017-08-15 11:38:38', 1, '2017-08-15 11:38:38', 15, 0, 0, NULL, 0),
	(1384, 350, 5, '2017-08-30 11:38:39', 1, '2017-08-30 11:38:39', 20, 0, 0, NULL, 0),
	(1385, 350, 6, '2017-09-19 11:38:40', 1, '2017-09-19 11:38:40', 7, 0, 0, NULL, 0),
	(1386, 351, 1, '2017-07-10 11:38:41', 1, '2017-07-10 11:38:41', 0, 0, 0, NULL, 0),
	(1387, 351, 2, '2017-07-10 11:38:41', 1, '2017-07-10 11:38:41', 9, 0, 0, NULL, 0),
	(1388, 351, 3, '2017-07-19 11:38:42', 1, '2017-07-19 11:38:42', 30, 0, 0, NULL, 0),
	(1389, 351, 4, '2017-08-18 11:38:44', 3, '2017-08-18 11:44:08', 0, 1, 0, NULL, 0),
	(1390, 352, 1, '2017-07-11 11:38:45', 4, '2017-08-22 11:44:09', 0, 1, 0, NULL, 4),
	(1391, 352, 2, '2017-07-11 11:38:45', 1, '2017-07-11 11:38:45', 8, 0, 1, NULL, 0),
	(1392, 352, 3, '2017-07-19 11:38:46', 1, '2017-07-19 11:38:46', 31, 0, 1, NULL, 0),
	(1393, 352, 4, '2017-08-19 11:38:47', 1, '2017-08-19 11:38:47', 3, 0, 1, NULL, 0),
	(1394, 353, 1, '2017-07-12 11:38:48', 1, '2017-07-12 11:38:48', 0, 0, 0, NULL, 0),
	(1395, 353, 2, '2017-07-12 11:38:48', 1, '2017-07-12 11:38:48', 6, 0, 0, NULL, 0),
	(1396, 354, 1, '2017-07-12 11:38:48', 1, '2017-07-12 11:38:48', 0, 0, 0, NULL, 0),
	(1397, 354, 2, '2017-07-12 11:38:48', 1, '2017-07-12 11:38:48', 8, 0, 0, NULL, 0),
	(1398, 353, 3, '2017-07-18 11:38:49', 1, '2017-07-18 11:38:49', 35, 0, 0, NULL, 0),
	(1399, 354, 3, '2017-07-20 11:38:50', 1, '2017-07-20 11:38:50', 34, 0, 0, NULL, 0),
	(1400, 353, 4, '2017-08-22 11:38:51', 3, '2017-08-20 11:43:58', 0, 1, 0, NULL, 0),
	(1401, 354, 4, '2017-08-23 11:38:52', 1, '2017-08-23 11:38:52', 6, 0, 0, NULL, 0),
	(1402, 355, 1, '2017-07-13 11:38:55', 1, '2017-07-13 11:38:55', 0, 0, 0, NULL, 0),
	(1403, 355, 2, '2017-07-13 11:38:55', 1, '2017-07-13 11:38:55', 10, 0, 0, NULL, 0),
	(1404, 355, 3, '2017-07-23 11:38:56', 1, '2017-07-23 11:38:56', 31, 0, 0, NULL, 0),
	(1405, 355, 4, '2017-08-23 11:38:57', 1, '2017-08-23 11:38:57', 20, 0, 0, NULL, 0),
	(1406, 355, 5, '2017-09-12 11:38:58', 1, '2017-09-12 11:38:58', 16, 0, 0, NULL, 0),
	(1407, 355, 6, '2017-09-28 11:38:59', 1, '2017-09-28 11:38:59', 1, 0, 0, NULL, 0),
	(1408, 356, 1, '2017-07-15 11:39:00', 4, '2017-08-10 11:44:10', 0, 1, 0, NULL, 4),
	(1409, 356, 2, '2017-07-15 11:39:00', 1, '2017-07-15 11:39:00', 6, 0, 1, NULL, 0),
	(1410, 356, 3, '2017-07-21 11:39:01', 1, '2017-07-21 11:39:01', 31, 0, 1, NULL, 0),
	(1411, 356, 4, '2017-08-21 11:39:02', 1, '2017-08-21 11:39:02', -11, 0, 1, NULL, 0),
	(1412, 357, 1, '2017-07-16 11:39:03', 4, '2017-08-03 11:43:59', 0, 1, 0, NULL, 4),
	(1413, 357, 2, '2017-07-16 11:39:03', 1, '2017-07-16 11:39:03', 8, 0, 1, NULL, 0),
	(1414, 357, 3, '2017-07-24 11:39:04', 1, '2017-07-24 11:39:04', 35, 0, 1, NULL, 0),
	(1415, 357, 4, '2017-08-28 11:39:05', 1, '2017-08-28 11:39:05', -25, 0, 1, NULL, 0),
	(1416, 358, 1, '2017-07-17 11:39:07', 1, '2017-07-17 11:39:07', 0, 0, 0, NULL, 0),
	(1417, 358, 2, '2017-07-17 11:39:07', 1, '2017-07-17 11:39:07', 5, 0, 0, NULL, 0),
	(1418, 359, 1, '2017-07-17 11:39:07', 1, '2017-07-17 11:39:07', 0, 0, 0, NULL, 0),
	(1419, 359, 2, '2017-07-17 11:39:07', 1, '2017-07-17 11:39:07', 5, 0, 0, NULL, 0),
	(1420, 358, 3, '2017-07-22 11:39:08', 1, '2017-07-22 11:39:08', 30, 0, 0, NULL, 0),
	(1421, 359, 3, '2017-07-22 11:39:09', 1, '2017-07-22 11:39:09', 32, 0, 0, NULL, 0),
	(1422, 358, 4, '2017-08-21 11:39:10', 5, '2017-08-04 11:44:11', 0, 1, 0, NULL, 0),
	(1423, 359, 4, '2017-08-23 11:39:11', 1, '2017-08-23 11:39:11', 20, 0, 0, NULL, 0),
	(1424, 359, 5, '2017-09-12 11:39:12', 1, '2017-09-12 11:39:12', 16, 0, 0, NULL, 0),
	(1425, 359, 6, '2017-09-28 11:39:13', 1, '2017-09-28 11:39:13', 27, 0, 0, NULL, 0),
	(1426, 360, 1, '2017-07-18 11:39:15', 1, '2017-07-18 11:39:15', 0, 0, 0, NULL, 0),
	(1427, 360, 2, '2017-07-18 11:39:15', 1, '2017-07-18 11:39:15', 8, 0, 0, NULL, 0),
	(1428, 361, 1, '2017-07-18 11:39:15', 1, '2017-07-18 11:39:15', 0, 0, 0, NULL, 0),
	(1429, 361, 2, '2017-07-18 11:39:15', 1, '2017-07-18 11:39:15', 7, 0, 0, NULL, 0),
	(1430, 360, 3, '2017-07-26 11:39:16', 1, '2017-07-26 11:39:16', 34, 0, 0, NULL, 0),
	(1431, 361, 3, '2017-07-25 11:39:17', 1, '2017-07-25 11:39:17', 34, 0, 0, NULL, 0),
	(1432, 360, 4, '2017-08-29 11:39:19', 5, '2017-08-19 11:44:12', 0, 1, 0, NULL, 0),
	(1433, 361, 4, '2017-08-28 11:39:20', 1, '2017-08-28 11:39:20', 16, 0, 0, NULL, 0),
	(1434, 361, 5, '2017-09-13 11:39:21', 1, '2017-09-13 11:39:21', 17, 0, 0, NULL, 0),
	(1435, 361, 6, '2017-09-30 11:39:22', 1, '2017-09-30 11:39:22', 46, 0, 0, NULL, 0),
	(1436, 362, 1, '2017-07-23 11:39:24', 1, '2017-07-23 11:39:24', 0, 0, 0, NULL, 0),
	(1437, 362, 2, '2017-07-23 11:39:24', 1, '2017-07-23 11:39:24', 6, 0, 0, NULL, 0),
	(1438, 362, 3, '2017-07-29 11:39:25', 1, '2017-07-29 11:39:25', 33, 0, 0, NULL, 0),
	(1439, 362, 4, '2017-08-31 11:39:26', 1, '2017-08-31 11:39:26', 18, 0, 0, NULL, 0),
	(1440, 362, 5, '2017-09-18 11:39:27', 1, '2017-09-18 11:39:27', 61, 0, 0, NULL, 0),
	(1441, 363, 1, '2017-07-24 11:39:28', 1, '2017-07-24 11:39:28', 0, 0, 0, NULL, 0),
	(1442, 363, 2, '2017-07-24 11:39:28', 1, '2017-07-24 11:39:28', 8, 0, 0, NULL, 0),
	(1443, 364, 1, '2017-07-24 11:39:28', 1, '2017-07-24 11:39:28', 0, 0, 0, NULL, 0),
	(1444, 364, 2, '2017-07-24 11:39:28', 1, '2017-07-24 11:39:28', 5, 0, 0, NULL, 0),
	(1445, 363, 3, '2017-08-01 11:39:29', 1, '2017-08-01 11:39:29', 34, 0, 0, NULL, 0),
	(1446, 364, 3, '2017-07-29 11:39:31', 1, '2017-07-29 11:39:31', 33, 0, 0, NULL, 0),
	(1447, 363, 4, '2017-09-04 11:39:32', 1, '2017-09-04 11:39:32', 19, 0, 0, NULL, 0),
	(1448, 364, 4, '2017-08-31 11:39:33', 1, '2017-08-31 11:39:33', 20, 0, 0, NULL, 0),
	(1449, 363, 5, '2017-09-23 11:39:34', 1, '2017-09-23 11:39:34', 6, 0, 0, NULL, 0),
	(1450, 364, 5, '2017-09-20 11:39:35', 1, '2017-09-20 11:39:35', 17, 0, 0, NULL, 0),
	(1451, 364, 6, '2017-10-07 11:39:36', 1, '2017-10-07 11:39:36', 11, 0, 0, NULL, 0),
	(1452, 365, 1, '2017-07-25 11:39:38', 1, '2017-07-25 11:39:38', 0, 0, 0, NULL, 0),
	(1453, 365, 2, '2017-07-25 11:39:38', 1, '2017-07-25 11:39:38', 10, 0, 0, NULL, 0),
	(1454, 366, 1, '2017-07-25 11:39:38', 1, '2017-07-25 11:39:38', 0, 0, 0, NULL, 0),
	(1455, 366, 2, '2017-07-25 11:39:38', 1, '2017-07-25 11:39:38', 10, 0, 0, NULL, 0),
	(1456, 365, 3, '2017-08-04 11:39:39', 1, '2017-08-04 11:39:39', 31, 0, 0, NULL, 0),
	(1457, 366, 3, '2017-08-04 11:39:40', 1, '2017-08-04 11:39:40', 34, 0, 0, NULL, 0),
	(1458, 365, 4, '2017-09-04 11:39:41', 1, '2017-09-04 11:39:41', 17, 0, 0, NULL, 0),
	(1459, 365, 5, '2017-09-21 11:39:43', 1, '2017-09-21 11:39:43', 18, 0, 0, NULL, 0),
	(1460, 365, 6, '2017-10-09 11:39:44', 1, '2017-10-09 11:39:44', 12, 0, 0, NULL, 0),
	(1461, 367, 1, '2017-07-26 11:39:46', 1, '2017-07-26 11:39:46', 0, 0, 0, NULL, 0),
	(1462, 367, 2, '2017-07-26 11:39:46', 1, '2017-07-26 11:39:46', 8, 0, 0, NULL, 0),
	(1463, 368, 1, '2017-07-26 11:39:46', 1, '2017-07-26 11:39:46', 0, 0, 0, NULL, 0),
	(1464, 368, 2, '2017-07-26 11:39:46', 1, '2017-07-26 11:39:46', 9, 0, 0, NULL, 0),
	(1465, 367, 3, '2017-08-03 11:39:47', 5, '2017-08-06 11:44:13', 0, 1, 0, NULL, 0),
	(1466, 368, 3, '2017-08-04 11:39:48', 1, '2017-08-04 11:39:48', 31, 0, 0, NULL, 0),
	(1467, 368, 4, '2017-09-04 11:39:49', 1, '2017-09-04 11:39:49', 19, 0, 0, NULL, 0),
	(1468, 368, 5, '2017-09-23 11:39:50', 1, '2017-09-23 11:39:50', 6, 0, 0, NULL, 0),
	(1469, 369, 1, '2017-07-27 11:39:52', 1, '2017-07-27 11:39:52', 0, 0, 0, NULL, 0),
	(1470, 369, 2, '2017-07-27 11:39:52', 1, '2017-07-27 11:39:52', 8, 0, 0, NULL, 0),
	(1471, 370, 1, '2017-07-27 11:39:52', 1, '2017-07-27 11:39:52', 0, 0, 0, NULL, 0),
	(1472, 370, 2, '2017-07-27 11:39:52', 1, '2017-07-27 11:39:52', 7, 0, 0, NULL, 0),
	(1473, 369, 3, '2017-08-04 11:39:53', 1, '2017-08-04 11:39:53', 11, 0, 0, NULL, 0),
	(1474, 370, 3, '2017-08-03 11:39:54', 1, '2017-08-03 11:39:54', 34, 0, 0, NULL, 0),
	(1475, 370, 4, '2017-09-06 11:39:56', 1, '2017-09-06 11:39:56', 15, 0, 0, NULL, 0),
	(1476, 370, 5, '2017-09-21 11:39:57', 1, '2017-09-21 11:39:57', 45, 0, 0, NULL, 0),
	(1477, 371, 1, '2017-07-28 11:39:59', 1, '2017-07-28 11:39:59', 0, 0, 0, NULL, 0),
	(1478, 371, 2, '2017-07-28 11:39:59', 1, '2017-07-28 11:39:59', 9, 0, 0, NULL, 0),
	(1479, 372, 1, '2017-07-28 11:39:59', 1, '2017-07-28 11:39:59', 0, 0, 0, NULL, 0),
	(1480, 372, 2, '2017-07-28 11:39:59', 1, '2017-07-28 11:39:59', 7, 0, 0, NULL, 0),
	(1481, 371, 3, '2017-08-06 11:40:00', 1, '2017-08-06 11:40:00', 35, 0, 0, NULL, 0),
	(1482, 372, 3, '2017-08-04 11:40:01', 1, '2017-08-04 11:40:01', 34, 0, 0, NULL, 0),
	(1483, 371, 4, '2017-09-10 11:40:02', 1, '2017-09-10 11:40:02', 15, 0, 0, NULL, 0),
	(1484, 372, 4, '2017-09-07 11:40:03', 1, '2017-09-07 11:40:03', 17, 0, 0, NULL, 0),
	(1485, 371, 5, '2017-09-25 11:40:04', 3, '2017-09-04 16:22:36', 0, 1, 0, NULL, 0),
	(1486, 372, 5, '2017-09-24 11:40:05', 1, '2017-09-24 11:40:05', 18, 0, 0, NULL, 0),
	(1487, 372, 6, '2017-10-12 11:40:06', 1, '2017-10-12 11:40:06', 13, 0, 0, NULL, 0),
	(1488, 263, 7, '2017-07-30 11:40:14', 2, '2017-07-30 11:40:14', 0, 1, 0, NULL, 6),
	(1489, 304, 4, '2017-07-16 11:40:16', 1, '2017-07-16 11:40:16', 0, 0, 0, NULL, 0),
	(1490, 304, 5, '2017-07-16 11:40:16', 1, '2017-07-16 11:40:16', 0, 0, 0, NULL, 0),
	(1491, 304, 6, '2017-07-16 11:40:16', 1, '2017-07-16 11:40:16', 0, 0, 0, NULL, 0),
	(1492, 304, 7, '2017-07-16 11:40:16', 2, '2017-07-16 11:40:16', 0, 1, 0, NULL, 3),
	(1493, 225, 6, '2017-07-17 11:40:17', 1, '2017-07-17 11:40:17', 0, 0, 0, NULL, 0),
	(1494, 225, 7, '2017-07-17 11:40:17', 2, '2017-07-17 11:40:17', 0, 1, 0, NULL, 5),
	(1495, 305, 4, '2017-07-16 11:40:18', 1, '2017-07-16 11:40:18', 0, 0, 0, NULL, 0),
	(1496, 305, 5, '2017-07-16 11:40:18', 1, '2017-07-16 11:40:18', 0, 0, 0, NULL, 0),
	(1497, 305, 6, '2017-07-16 11:40:18', 1, '2017-07-16 11:40:18', 0, 0, 0, NULL, 0),
	(1498, 305, 7, '2017-07-16 11:40:18', 2, '2017-07-16 11:40:18', 0, 1, 0, NULL, 3),
	(1499, 255, 7, '2017-07-26 11:40:19', 2, '2017-07-26 11:40:19', 0, 1, 0, NULL, 6),
	(1500, 279, 6, '2017-07-29 11:40:20', 1, '2017-07-29 11:40:20', 0, 0, 0, NULL, 0),
	(1501, 279, 7, '2017-07-29 11:40:20', 2, '2017-07-29 11:40:20', 0, 1, 0, NULL, 5),
	(1502, 242, 4, '2017-07-22 11:40:21', 1, '2017-07-22 11:40:21', 0, 0, 0, NULL, 0),
	(1503, 242, 5, '2017-07-22 11:40:21', 1, '2017-07-22 11:40:21', 0, 0, 0, NULL, 0),
	(1504, 242, 6, '2017-07-22 11:40:21', 1, '2017-07-22 11:40:21', 0, 0, 0, NULL, 0),
	(1505, 242, 7, '2017-07-22 11:40:21', 2, '2017-07-22 11:40:21', 0, 1, 0, NULL, 3),
	(1506, 245, 7, '2017-07-18 11:40:29', 2, '2017-07-18 11:40:29', 0, 1, 0, NULL, 6),
	(1507, 254, 7, '2017-07-24 11:40:30', 2, '2017-07-24 11:40:30', 0, 1, 0, NULL, 6),
	(1508, 258, 6, '2017-07-14 11:40:31', 1, '2017-07-14 11:40:31', 0, 0, 0, NULL, 0),
	(1509, 258, 7, '2017-07-14 11:40:31', 2, '2017-07-14 11:40:31', 0, 1, 0, NULL, 5),
	(1510, 261, 7, '2017-07-28 11:40:32', 2, '2017-07-28 11:40:32', 0, 1, 0, NULL, 6),
	(1511, 265, 5, '2017-07-05 11:40:33', 1, '2017-07-05 11:40:33', 0, 0, 0, NULL, 0),
	(1512, 265, 6, '2017-07-05 11:40:33', 1, '2017-07-05 11:40:33', 0, 0, 0, NULL, 0),
	(1513, 265, 7, '2017-07-05 11:40:33', 2, '2017-07-05 11:40:33', 0, 1, 0, NULL, 4),
	(1514, 269, 6, '2017-07-20 11:40:34', 1, '2017-07-20 11:40:34', 0, 0, 0, NULL, 0),
	(1515, 269, 7, '2017-07-20 11:40:34', 2, '2017-07-20 11:40:34', 0, 1, 0, NULL, 5),
	(1516, 274, 6, '2017-07-24 11:40:35', 1, '2017-07-24 11:40:35', 0, 0, 0, NULL, 0),
	(1517, 274, 7, '2017-07-24 11:40:35', 2, '2017-07-24 11:40:35', 0, 1, 0, NULL, 5),
	(1518, 181, 6, '2017-07-03 11:40:42', 1, '2017-07-03 11:40:42', 0, 0, 0, NULL, 0),
	(1519, 181, 7, '2017-07-03 11:40:42', 2, '2017-07-03 11:40:42', 0, 1, 0, NULL, 5),
	(1520, 227, 7, '2017-07-27 11:40:43', 2, '2017-07-27 11:40:43', 0, 1, 0, NULL, 6),
	(1521, 241, 7, '2017-07-28 11:40:44', 2, '2017-07-28 11:40:44', 0, 1, 0, NULL, 6),
	(1522, 260, 7, '2017-07-20 11:40:45', 2, '2017-07-20 11:40:45', 0, 1, 0, NULL, 6),
	(1523, 378, 1, '2017-08-01 11:41:16', 1, '2017-08-01 11:41:16', 0, 0, 0, NULL, 0),
	(1524, 378, 2, '2017-08-01 11:41:16', 1, '2017-08-01 11:41:16', 6, 0, 0, NULL, 0),
	(1525, 378, 3, '2017-08-07 11:41:17', 1, '2017-08-07 11:41:17', 34, 0, 0, NULL, 0),
	(1526, 378, 4, '2017-09-10 11:41:18', 1, '2017-09-10 11:41:18', 17, 0, 0, NULL, 0),
	(1527, 378, 5, '2017-09-27 11:41:19', 1, '2017-09-27 11:41:19', 15, 0, 0, NULL, 0),
	(1528, 378, 6, '2017-10-12 11:41:20', 1, '2017-10-12 11:41:20', 10, 0, 0, NULL, 0),
	(1529, 379, 1, '2017-08-04 11:41:21', 4, '2017-09-22 16:22:20', 0, 1, 0, NULL, 5),
	(1530, 379, 2, '2017-08-04 11:41:21', 1, '2017-08-04 11:41:21', 5, 0, 1, NULL, 0),
	(1531, 380, 1, '2017-08-04 11:41:21', 1, '2017-08-04 11:41:21', 0, 0, 0, NULL, 0),
	(1532, 380, 2, '2017-08-04 11:41:21', 1, '2017-08-04 11:41:21', 6, 0, 0, NULL, 0),
	(1533, 379, 3, '2017-08-09 11:41:22', 1, '2017-08-09 11:41:22', 34, 0, 1, NULL, 0),
	(1534, 380, 3, '2017-08-10 11:41:23', 1, '2017-08-10 11:41:23', 30, 0, 0, NULL, 0),
	(1535, 379, 4, '2017-09-12 11:41:25', 1, '2017-09-12 11:41:25', 16, 0, 1, NULL, 0),
	(1536, 380, 4, '2017-09-09 11:41:26', 1, '2017-09-09 11:41:26', 16, 0, 0, NULL, 0),
	(1537, 379, 5, '2017-09-28 11:41:27', 1, '2017-09-28 11:41:27', -6, 0, 1, NULL, 0),
	(1538, 380, 5, '2017-09-25 11:41:28', 1, '2017-09-25 11:41:28', 34, 0, 0, NULL, 0),
	(1539, 381, 1, '2017-08-07 11:41:30', 1, '2017-08-07 11:41:30', 0, 0, 0, NULL, 0),
	(1540, 381, 2, '2017-08-07 11:41:30', 1, '2017-08-07 11:41:30', 10, 0, 0, NULL, 0),
	(1541, 381, 3, '2017-08-17 11:41:31', 1, '2017-08-17 11:41:31', 34, 0, 0, NULL, 0),
	(1542, 381, 4, '2017-09-20 11:41:32', 1, '2017-09-20 11:41:32', 16, 0, 0, NULL, 0),
	(1543, 381, 5, '2017-10-06 11:41:33', 1, '2017-10-06 11:41:33', 19, 0, 0, NULL, 0),
	(1544, 381, 6, '2017-10-25 11:41:34', 1, '2017-10-25 11:41:34', 1, 0, 0, NULL, 0),
	(1545, 382, 1, '2017-08-08 11:41:35', 1, '2017-08-08 11:41:35', 0, 0, 0, NULL, 0),
	(1546, 382, 2, '2017-08-08 11:41:35', 1, '2017-08-08 11:41:35', 5, 0, 0, NULL, 0),
	(1547, 382, 3, '2017-08-13 11:41:37', 1, '2017-08-13 11:41:37', 31, 0, 0, NULL, 0),
	(1548, 382, 4, '2017-09-13 11:41:38', 1, '2017-09-13 11:41:38', 17, 0, 0, NULL, 0),
	(1549, 382, 5, '2017-09-30 11:41:39', 3, '2017-09-14 16:22:47', 0, 1, 0, NULL, 0),
	(1550, 383, 1, '2017-08-09 11:41:40', 4, '2017-09-18 16:22:48', 0, 1, 0, NULL, 4),
	(1551, 383, 2, '2017-08-09 11:41:40', 1, '2017-08-09 11:41:40', 10, 0, 1, NULL, 0),
	(1552, 383, 3, '2017-08-19 11:41:41', 1, '2017-08-19 11:41:41', 34, 0, 1, NULL, 0),
	(1553, 383, 4, '2017-09-22 11:41:42', 1, '2017-09-22 11:41:42', -4, 0, 1, NULL, 0),
	(1554, 384, 1, '2017-08-10 11:41:43', 4, '2017-09-18 16:22:49', 0, 1, 0, NULL, 4),
	(1555, 384, 2, '2017-08-10 11:41:43', 1, '2017-08-10 11:41:43', 5, 0, 1, NULL, 0),
	(1556, 385, 1, '2017-08-10 11:41:43', 1, '2017-08-10 11:41:43', 0, 0, 0, NULL, 0),
	(1557, 385, 2, '2017-08-10 11:41:43', 1, '2017-08-10 11:41:43', 8, 0, 0, NULL, 0),
	(1558, 384, 3, '2017-08-15 11:41:44', 1, '2017-08-15 11:41:44', 35, 0, 1, NULL, 0),
	(1559, 385, 3, '2017-08-18 11:41:45', 1, '2017-08-18 11:41:45', 34, 0, 0, NULL, 0),
	(1560, 384, 4, '2017-09-19 11:41:46', 1, '2017-09-19 11:41:46', -1, 0, 1, NULL, 0),
	(1561, 385, 4, '2017-09-21 11:41:48', 1, '2017-09-21 11:41:48', 16, 0, 0, NULL, 0),
	(1562, 385, 5, '2017-10-07 11:41:49', 1, '2017-10-07 11:41:49', 19, 0, 0, NULL, 0),
	(1563, 385, 6, '2017-10-26 11:41:50', 1, '2017-10-26 11:41:50', 1, 0, 0, NULL, 0),
	(1564, 386, 1, '2017-08-12 11:41:52', 1, '2017-08-12 11:41:52', 0, 0, 0, NULL, 0),
	(1565, 386, 2, '2017-08-12 11:41:52', 1, '2017-08-12 11:41:52', 8, 0, 0, NULL, 0),
	(1566, 387, 1, '2017-08-12 11:41:52', 1, '2017-08-12 11:41:52', 0, 0, 0, NULL, 0),
	(1567, 387, 2, '2017-08-12 11:41:52', 1, '2017-08-12 11:41:52', 7, 0, 0, NULL, 0),
	(1568, 386, 3, '2017-08-20 11:41:53', 1, '2017-08-20 11:41:53', 35, 0, 0, NULL, 0),
	(1569, 387, 3, '2017-08-19 11:41:54', 1, '2017-08-19 11:41:54', 35, 0, 0, NULL, 0),
	(1570, 386, 4, '2017-09-24 11:41:55', 1, '2017-09-24 11:41:55', 18, 0, 0, NULL, 0),
	(1571, 387, 4, '2017-09-23 11:41:56', 1, '2017-09-23 11:41:56', 44, 0, 0, NULL, 0),
	(1572, 386, 5, '2017-10-12 11:41:57', 1, '2017-10-12 11:41:57', 12, 0, 0, NULL, 0),
	(1573, 388, 1, '2017-08-14 11:42:00', 1, '2017-08-14 11:42:00', 0, 0, 0, NULL, 0),
	(1574, 388, 2, '2017-08-14 11:42:00', 1, '2017-08-14 11:42:00', 5, 0, 0, NULL, 0),
	(1575, 388, 3, '2017-08-19 11:42:01', 1, '2017-08-19 11:42:01', 31, 0, 0, NULL, 0),
	(1576, 388, 4, '2017-09-19 11:42:02', 1, '2017-09-19 11:42:02', 10, 0, 0, NULL, 0),
	(1577, 389, 1, '2017-08-15 11:42:03', 1, '2017-08-15 11:42:03', 0, 0, 0, NULL, 0),
	(1578, 389, 2, '2017-08-15 11:42:03', 1, '2017-08-15 11:42:03', 6, 0, 0, NULL, 0),
	(1579, 390, 1, '2017-08-15 11:42:03', 1, '2017-08-15 11:42:03', 0, 0, 0, NULL, 0),
	(1580, 390, 2, '2017-08-15 11:42:03', 1, '2017-08-15 11:42:03', 8, 0, 0, NULL, 0),
	(1581, 391, 1, '2017-08-15 11:42:03', 1, '2017-08-15 11:42:03', 0, 0, 0, NULL, 0),
	(1582, 391, 2, '2017-08-15 11:42:03', 1, '2017-08-15 11:42:03', 7, 0, 0, NULL, 0),
	(1583, 392, 1, '2017-08-15 11:42:03', 1, '2017-08-15 11:42:03', 0, 0, 0, NULL, 0),
	(1584, 392, 2, '2017-08-15 11:42:03', 1, '2017-08-15 11:42:03', 10, 0, 0, NULL, 0),
	(1585, 389, 3, '2017-08-21 11:42:04', 1, '2017-08-21 11:42:04', 34, 0, 0, NULL, 0),
	(1586, 390, 3, '2017-08-23 11:42:05', 1, '2017-08-23 11:42:05', 35, 0, 0, NULL, 0),
	(1587, 391, 3, '2017-08-22 11:42:06', 1, '2017-08-22 11:42:06', 34, 0, 0, NULL, 0),
	(1588, 392, 3, '2017-08-25 11:42:07', 1, '2017-08-25 11:42:07', 32, 0, 0, NULL, 0),
	(1589, 389, 4, '2017-09-24 11:42:08', 1, '2017-09-24 11:42:08', 19, 0, 0, NULL, 0),
	(1590, 390, 4, '2017-09-27 11:42:09', 1, '2017-09-27 11:42:09', 15, 0, 0, NULL, 0),
	(1591, 391, 4, '2017-09-25 11:42:10', 5, '2017-09-11 16:22:51', 0, 1, 0, NULL, 0),
	(1592, 392, 4, '2017-09-26 11:42:12', 1, '2017-09-26 11:42:12', 15, 0, 0, NULL, 0),
	(1593, 389, 5, '2017-10-13 11:42:13', 1, '2017-10-13 11:42:13', 17, 0, 0, NULL, 0),
	(1594, 390, 5, '2017-10-12 11:42:14', 1, '2017-10-12 11:42:14', 15, 0, 0, NULL, 0),
	(1595, 392, 5, '2017-10-11 11:42:15', 1, '2017-10-11 11:42:15', 19, 0, 0, NULL, 0),
	(1596, 389, 6, '2017-10-30 11:42:16', 1, '2017-10-30 11:42:16', 0, 0, 0, NULL, 0),
	(1597, 390, 6, '2017-10-27 11:42:17', 1, '2017-10-27 11:42:17', 2, 0, 0, NULL, 0),
	(1598, 392, 6, '2017-10-30 11:42:18', 1, '2017-10-30 11:42:18', 53, 0, 0, NULL, 0),
	(1599, 393, 1, '2017-08-17 11:42:22', 1, '2017-08-17 11:42:22', 0, 0, 0, NULL, 0),
	(1600, 393, 2, '2017-08-17 11:42:22', 1, '2017-08-17 11:42:22', 9, 0, 0, NULL, 0),
	(1601, 393, 3, '2017-08-26 11:42:23', 1, '2017-08-26 11:42:23', 35, 0, 0, NULL, 0),
	(1602, 393, 4, '2017-09-30 11:42:24', 1, '2017-09-30 11:42:24', 17, 0, 0, NULL, 0),
	(1603, 393, 5, '2017-10-17 11:42:26', 5, '2017-10-19 16:25:40', 0, 1, 0, NULL, 0),
	(1604, 394, 1, '2017-08-18 11:42:27', 4, '2017-09-14 16:22:37', 0, 1, 0, NULL, 4),
	(1605, 394, 2, '2017-08-18 11:42:27', 1, '2017-08-18 11:42:27', 8, 0, 1, NULL, 0),
	(1606, 394, 3, '2017-08-26 11:42:28', 1, '2017-08-26 11:42:28', 31, 0, 1, NULL, 0),
	(1607, 394, 4, '2017-09-26 11:42:29', 1, '2017-09-26 11:42:29', -12, 0, 1, NULL, 0),
	(1608, 395, 1, '2017-08-20 11:42:30', 1, '2017-08-20 11:42:30', 0, 0, 0, NULL, 0),
	(1609, 395, 2, '2017-08-20 11:42:30', 1, '2017-08-20 11:42:30', 8, 0, 0, NULL, 0),
	(1610, 395, 3, '2017-08-28 11:42:31', 1, '2017-08-28 11:42:31', 33, 0, 0, NULL, 0),
	(1611, 395, 4, '2017-09-30 11:42:32', 5, '2017-09-09 16:22:21', 0, 1, 0, NULL, 0),
	(1612, 396, 1, '2017-08-21 11:42:33', 1, '2017-08-21 11:42:33', 0, 0, 0, NULL, 0),
	(1613, 396, 2, '2017-08-21 11:42:33', 1, '2017-08-21 11:42:33', 7, 0, 0, NULL, 0),
	(1614, 397, 1, '2017-08-21 11:42:33', 1, '2017-08-21 11:42:33', 0, 0, 0, NULL, 0),
	(1615, 397, 2, '2017-08-21 11:42:33', 1, '2017-08-21 11:42:33', 6, 0, 0, NULL, 0),
	(1616, 396, 3, '2017-08-28 11:42:34', 1, '2017-08-28 11:42:34', 31, 0, 0, NULL, 0),
	(1617, 397, 3, '2017-08-27 11:42:35', 1, '2017-08-27 11:42:35', 30, 0, 0, NULL, 0),
	(1618, 397, 4, '2017-09-26 11:42:37', 1, '2017-09-26 11:42:37', 18, 0, 0, NULL, 0),
	(1619, 396, 4, '2017-09-28 11:42:38', 5, '2017-09-08 16:22:38', 0, 1, 0, NULL, 0),
	(1620, 397, 5, '2017-10-14 11:42:39', 1, '2017-10-14 11:42:39', 15, 0, 0, NULL, 0),
	(1621, 397, 6, '2017-10-29 11:42:40', 1, '2017-10-29 11:42:40', 44, 0, 0, NULL, 0),
	(1622, 398, 1, '2017-08-22 11:42:42', 1, '2017-08-22 11:42:42', 0, 0, 0, NULL, 0),
	(1623, 398, 2, '2017-08-22 11:42:42', 1, '2017-08-22 11:42:42', 7, 0, 0, NULL, 0),
	(1624, 399, 1, '2017-08-22 11:42:42', 1, '2017-08-22 11:42:42', 0, 0, 0, NULL, 0),
	(1625, 399, 2, '2017-08-22 11:42:42', 1, '2017-08-22 11:42:42', 6, 0, 0, NULL, 0),
	(1626, 400, 1, '2017-08-22 11:42:42', 1, '2017-08-22 11:42:42', 0, 0, 0, NULL, 0),
	(1627, 400, 2, '2017-08-22 11:42:42', 1, '2017-08-22 11:42:42', 9, 0, 0, NULL, 0),
	(1628, 398, 3, '2017-08-29 11:42:43', 1, '2017-08-29 11:42:43', 34, 0, 0, NULL, 0),
	(1629, 399, 3, '2017-08-28 11:42:44', 1, '2017-08-28 11:42:44', 32, 0, 0, NULL, 0),
	(1630, 400, 3, '2017-08-31 11:42:45', 1, '2017-08-31 11:42:45', 30, 0, 0, NULL, 0),
	(1631, 398, 4, '2017-10-02 11:42:46', 1, '2017-10-02 11:42:46', 18, 0, 0, NULL, 0),
	(1632, 399, 4, '2017-09-29 11:42:47', 1, '2017-09-29 11:42:47', 19, 0, 0, NULL, 0),
	(1633, 400, 4, '2017-09-30 11:42:48', 1, '2017-09-30 11:42:48', 16, 0, 0, NULL, 0),
	(1634, 398, 5, '2017-10-20 11:42:50', 3, '2017-10-12 16:25:51', 0, 1, 0, NULL, 0),
	(1635, 399, 5, '2017-10-18 11:42:51', 1, '2017-10-18 11:42:51', 53, 0, 0, NULL, 0),
	(1636, 400, 5, '2017-10-16 11:42:52', 1, '2017-10-16 11:42:52', 73, 0, 0, NULL, 0),
	(1637, 401, 1, '2017-08-23 11:42:55', 1, '2017-08-23 11:42:55', 0, 0, 0, NULL, 0),
	(1638, 401, 2, '2017-08-23 11:42:55', 1, '2017-08-23 11:42:55', 8, 0, 0, NULL, 0),
	(1639, 402, 1, '2017-08-23 11:42:55', 1, '2017-08-23 11:42:55', 0, 0, 0, NULL, 0),
	(1640, 402, 2, '2017-08-23 11:42:55', 1, '2017-08-23 11:42:55', 10, 0, 0, NULL, 0),
	(1641, 403, 1, '2017-08-23 11:42:55', 1, '2017-08-23 11:42:55', 0, 0, 0, NULL, 0),
	(1642, 403, 2, '2017-08-23 11:42:55', 1, '2017-08-23 11:42:55', 8, 0, 0, NULL, 0),
	(1643, 401, 3, '2017-08-31 11:42:56', 1, '2017-08-31 11:42:56', 33, 0, 0, NULL, 0),
	(1644, 402, 3, '2017-09-02 11:42:57', 1, '2017-09-02 11:42:57', 30, 0, 0, NULL, 0),
	(1645, 403, 3, '2017-08-31 11:42:58', 1, '2017-08-31 11:42:58', 30, 0, 0, NULL, 0),
	(1646, 401, 4, '2017-10-03 11:42:59', 1, '2017-10-03 11:42:59', 18, 0, 0, NULL, 0),
	(1647, 402, 4, '2017-10-02 11:43:00', 1, '2017-10-02 11:43:00', 16, 0, 0, NULL, 0),
	(1648, 403, 4, '2017-09-30 11:43:01', 5, '2017-09-10 16:22:52', 0, 1, 0, NULL, 0),
	(1649, 401, 5, '2017-10-21 11:43:02', 3, '2017-10-18 16:26:02', 0, 1, 0, NULL, 0),
	(1650, 402, 5, '2017-10-18 11:43:04', 1, '2017-10-18 11:43:04', 18, 0, 0, NULL, 0),
	(1651, 402, 6, '2017-11-05 11:43:05', 1, '2017-11-05 11:43:05', 13, 0, 0, NULL, 0),
	(1652, 404, 1, '2017-08-24 11:43:08', 1, '2017-08-24 11:43:08', 0, 0, 0, NULL, 0),
	(1653, 404, 2, '2017-08-24 11:43:08', 1, '2017-08-24 11:43:08', 8, 0, 0, NULL, 0),
	(1654, 404, 3, '2017-09-01 11:43:09', 5, '2017-09-14 16:22:39', 0, 1, 0, NULL, 0),
	(1655, 405, 1, '2017-08-27 11:43:10', 1, '2017-08-27 11:43:10', 0, 0, 0, NULL, 0),
	(1656, 405, 2, '2017-08-27 11:43:10', 1, '2017-08-27 11:43:10', 5, 0, 0, NULL, 0),
	(1657, 405, 3, '2017-09-01 11:43:11', 1, '2017-09-01 11:43:11', 35, 0, 0, NULL, 0),
	(1658, 405, 4, '2017-10-06 11:43:12', 1, '2017-10-06 11:43:12', 15, 0, 0, NULL, 0),
	(1659, 405, 5, '2017-10-21 11:43:13', 1, '2017-10-21 11:43:13', 2, 0, 0, NULL, 0),
	(1660, 406, 1, '2017-08-28 11:43:14', 1, '2017-08-28 11:43:14', 0, 0, 0, NULL, 0),
	(1661, 406, 2, '2017-08-28 11:43:14', 1, '2017-08-28 11:43:14', 6, 0, 0, NULL, 0),
	(1662, 406, 3, '2017-09-03 11:43:15', 1, '2017-09-03 11:43:15', 33, 0, 0, NULL, 0),
	(1663, 406, 4, '2017-10-06 11:43:16', 1, '2017-10-06 11:43:16', 20, 0, 0, NULL, 0),
	(1664, 406, 5, '2017-10-26 11:43:17', 1, '2017-10-26 11:43:17', 15, 0, 0, NULL, 0),
	(1665, 406, 6, '2017-11-10 11:43:18', 1, '2017-11-10 11:43:18', 12, 0, 0, NULL, 0),
	(1666, 407, 1, '2017-08-29 11:43:20', 1, '2017-08-29 11:43:20', 0, 0, 0, NULL, 0),
	(1667, 407, 2, '2017-08-29 11:43:20', 1, '2017-08-29 11:43:20', 10, 0, 0, NULL, 0),
	(1668, 407, 3, '2017-09-08 11:43:21', 1, '2017-09-08 11:43:21', 32, 0, 0, NULL, 0),
	(1669, 407, 4, '2017-10-10 11:43:22', 1, '2017-10-10 11:43:22', 16, 0, 0, NULL, 0),
	(1670, 407, 5, '2017-10-26 11:43:23', 1, '2017-10-26 11:43:23', 16, 0, 0, NULL, 0),
	(1671, 407, 6, '2017-11-11 11:43:24', 1, '2017-11-11 11:43:24', 10, 0, 0, NULL, 0),
	(1672, 408, 1, '2017-08-30 11:43:25', 1, '2017-08-30 11:43:25', 0, 0, 0, NULL, 0),
	(1673, 408, 2, '2017-08-30 11:43:25', 1, '2017-08-30 11:43:25', 7, 0, 0, NULL, 0),
	(1674, 408, 3, '2017-09-06 11:43:26', 1, '2017-09-06 11:43:26', 30, 0, 0, NULL, 0),
	(1675, 408, 4, '2017-10-06 11:43:27', 1, '2017-10-06 11:43:27', 18, 0, 0, NULL, 0),
	(1676, 408, 5, '2017-10-24 11:43:28', 1, '2017-10-24 11:43:28', 20, 0, 0, NULL, 0),
	(1677, 408, 6, '2017-11-13 11:43:29', 1, '2017-11-13 11:43:29', 10, 0, 0, NULL, 0),
	(1678, 257, 7, '2017-08-18 11:43:36', 2, '2017-08-18 11:43:36', 0, 1, 0, NULL, 6),
	(1679, 299, 6, '2017-08-29 11:43:37', 1, '2017-08-29 11:43:37', 0, 0, 0, NULL, 0),
	(1680, 299, 7, '2017-08-29 11:43:37', 2, '2017-08-29 11:43:37', 0, 1, 0, NULL, 5),
	(1681, 276, 7, '2017-08-18 11:43:38', 2, '2017-08-18 11:43:38', 0, 1, 0, NULL, 6),
	(1682, 354, 5, '2017-08-29 11:43:40', 1, '2017-08-29 11:43:40', 0, 0, 0, NULL, 0),
	(1683, 354, 6, '2017-08-29 11:43:40', 1, '2017-08-29 11:43:40', 0, 0, 0, NULL, 0),
	(1684, 354, 7, '2017-08-29 11:43:40', 2, '2017-08-29 11:43:40', 0, 1, 0, NULL, 4),
	(1685, 289, 7, '2017-08-26 11:43:41', 2, '2017-08-26 11:43:41', 0, 1, 0, NULL, 6),
	(1686, 347, 6, '2017-08-30 11:43:42', 1, '2017-08-30 11:43:42', 0, 0, 0, NULL, 0),
	(1687, 347, 7, '2017-08-30 11:43:42', 2, '2017-08-30 11:43:42', 0, 1, 0, NULL, 5),
	(1688, 369, 4, '2017-08-15 11:43:43', 1, '2017-08-15 11:43:43', 0, 0, 0, NULL, 0),
	(1689, 369, 5, '2017-08-15 11:43:43', 1, '2017-08-15 11:43:43', 0, 0, 0, NULL, 0),
	(1690, 369, 6, '2017-08-15 11:43:43', 1, '2017-08-15 11:43:43', 0, 0, 0, NULL, 0),
	(1691, 369, 7, '2017-08-15 11:43:43', 2, '2017-08-15 11:43:43', 0, 1, 0, NULL, 3),
	(1692, 275, 7, '2017-08-12 11:43:49', 2, '2017-08-12 11:43:49', 0, 1, 0, NULL, 6),
	(1693, 288, 7, '2017-08-18 11:43:50', 2, '2017-08-18 11:43:50', 0, 1, 0, NULL, 6),
	(1694, 291, 7, '2017-08-24 11:43:51', 2, '2017-08-24 11:43:51', 0, 1, 0, NULL, 6),
	(1695, 295, 6, '2017-08-27 11:43:53', 1, '2017-08-27 11:43:53', 0, 0, 0, NULL, 0),
	(1696, 295, 7, '2017-08-27 11:43:53', 2, '2017-08-27 11:43:53', 0, 1, 0, NULL, 5),
	(1697, 306, 6, '2017-08-29 11:43:54', 1, '2017-08-29 11:43:54', 0, 0, 0, NULL, 0),
	(1698, 306, 7, '2017-08-29 11:43:54', 2, '2017-08-29 11:43:54', 0, 1, 0, NULL, 5),
	(1699, 311, 6, '2017-08-26 11:43:55', 1, '2017-08-26 11:43:55', 0, 0, 0, NULL, 0),
	(1700, 311, 7, '2017-08-26 11:43:55', 2, '2017-08-26 11:43:55', 0, 1, 0, NULL, 5),
	(1701, 228, 7, '2017-08-18 11:44:00', 2, '2017-08-18 11:44:00', 0, 1, 0, NULL, 6),
	(1702, 268, 7, '2017-08-16 11:44:01', 2, '2017-08-16 11:44:01', 0, 1, 0, NULL, 6),
	(1703, 270, 6, '2017-08-26 11:44:02', 1, '2017-08-26 11:44:02', 0, 0, 0, NULL, 0),
	(1704, 270, 7, '2017-08-26 11:44:02', 2, '2017-08-26 11:44:02', 0, 1, 0, NULL, 5),
	(1705, 280, 7, '2017-08-24 11:44:03', 2, '2017-08-24 11:44:03', 0, 1, 0, NULL, 6),
	(1706, 290, 7, '2017-08-29 11:44:04', 2, '2017-08-29 11:44:04', 0, 1, 0, NULL, 6),
	(1707, 409, 1, '2017-09-02 11:44:35', 1, '2017-09-02 11:44:35', 0, 0, 0, NULL, 0),
	(1708, 409, 2, '2017-09-02 11:44:35', 1, '2017-09-02 11:44:35', 8, 0, 0, NULL, 0),
	(1709, 409, 3, '2017-09-10 11:44:36', 1, '2017-09-10 11:44:36', 32, 0, 0, NULL, 0),
	(1710, 409, 4, '2017-10-12 11:44:37', 1, '2017-10-12 11:44:37', 20, 0, 0, NULL, 0),
	(1711, 409, 5, '2017-11-01 11:44:38', 1, '2017-11-01 11:44:38', 15, 0, 0, NULL, 0),
	(1712, 409, 6, '2017-11-16 11:44:40', 1, '2017-11-16 11:44:40', 7, 0, 0, NULL, 0),
	(1713, 410, 1, '2017-09-03 11:44:41', 1, '2017-09-03 11:44:41', 0, 0, 0, NULL, 0),
	(1714, 410, 2, '2017-09-03 11:44:41', 1, '2017-09-03 11:44:41', 10, 0, 0, NULL, 0),
	(1715, 411, 1, '2017-09-03 11:44:41', 4, '2017-10-08 16:26:04', 0, 1, 0, NULL, 5),
	(1716, 411, 2, '2017-09-03 11:44:41', 1, '2017-09-03 11:44:41', 6, 0, 1, NULL, 0),
	(1717, 410, 3, '2017-09-13 11:44:42', 1, '2017-09-13 11:44:42', 33, 0, 0, NULL, 0),
	(1718, 411, 3, '2017-09-09 11:44:43', 1, '2017-09-09 11:44:43', 33, 0, 1, NULL, 0),
	(1719, 410, 4, '2017-10-16 11:44:44', 1, '2017-10-16 11:44:44', 17, 0, 0, NULL, 0),
	(1720, 411, 4, '2017-10-12 11:44:45', 1, '2017-10-12 11:44:45', 15, 0, 1, NULL, 0),
	(1721, 410, 5, '2017-11-02 11:44:46', 1, '2017-11-02 11:44:46', 15, 0, 0, NULL, 0),
	(1722, 411, 5, '2017-10-27 11:44:47', 1, '2017-10-27 11:44:47', -19, 0, 1, NULL, 0),
	(1723, 410, 6, '2017-11-17 11:44:48', 1, '2017-11-17 11:44:48', 7, 0, 0, NULL, 0),
	(1724, 412, 1, '2017-09-04 11:44:50', 1, '2017-09-04 11:44:50', 0, 0, 0, NULL, 0),
	(1725, 412, 2, '2017-09-04 11:44:50', 1, '2017-09-04 11:44:50', 9, 0, 0, NULL, 0),
	(1726, 413, 1, '2017-09-04 11:44:50', 1, '2017-09-04 11:44:50', 0, 0, 0, NULL, 0),
	(1727, 413, 2, '2017-09-04 11:44:50', 1, '2017-09-04 11:44:50', 8, 0, 0, NULL, 0),
	(1728, 412, 3, '2017-09-13 11:44:52', 1, '2017-09-13 11:44:52', 33, 0, 0, NULL, 0),
	(1729, 413, 3, '2017-09-12 11:44:53', 1, '2017-09-12 11:44:53', 34, 0, 0, NULL, 0),
	(1730, 412, 4, '2017-10-16 11:44:54', 1, '2017-10-16 11:44:54', 16, 0, 0, NULL, 0),
	(1731, 413, 4, '2017-10-16 11:44:55', 1, '2017-10-16 11:44:55', 19, 0, 0, NULL, 0),
	(1732, 412, 5, '2017-11-01 11:44:56', 1, '2017-11-01 11:44:56', 19, 0, 0, NULL, 0),
	(1733, 413, 5, '2017-11-04 11:44:57', 1, '2017-11-04 11:44:57', 19, 0, 0, NULL, 0),
	(1734, 412, 6, '2017-11-20 11:44:58', 1, '2017-11-20 11:44:58', 2, 0, 0, NULL, 0),
	(1735, 413, 6, '2017-11-23 11:44:59', 1, '2017-11-23 11:44:59', 4, 0, 0, NULL, 0),
	(1736, 414, 1, '2017-09-05 11:45:01', 4, '2017-10-10 16:26:05', 0, 1, 0, NULL, 4),
	(1737, 414, 2, '2017-09-05 11:45:01', 1, '2017-09-05 11:45:01', 6, 0, 1, NULL, 0),
	(1738, 415, 1, '2017-09-05 11:45:01', 1, '2017-09-05 11:45:01', 0, 0, 0, NULL, 0),
	(1739, 415, 2, '2017-09-05 11:45:01', 1, '2017-09-05 11:45:01', 10, 0, 0, NULL, 0),
	(1740, 416, 1, '2017-09-05 11:45:01', 1, '2017-09-05 11:45:01', 0, 0, 0, NULL, 0),
	(1741, 416, 2, '2017-09-05 11:45:01', 1, '2017-09-05 11:45:01', 6, 0, 0, NULL, 0),
	(1742, 417, 1, '2017-09-05 11:45:01', 1, '2017-09-05 11:45:01', 0, 0, 0, NULL, 0),
	(1743, 417, 2, '2017-09-05 11:45:01', 1, '2017-09-05 11:45:01', 6, 0, 0, NULL, 0),
	(1744, 414, 3, '2017-09-11 11:45:02', 1, '2017-09-11 11:45:02', 35, 0, 1, NULL, 0),
	(1745, 415, 3, '2017-09-15 11:45:04', 1, '2017-09-15 11:45:04', 33, 0, 0, NULL, 0),
	(1746, 416, 3, '2017-09-11 11:45:05', 1, '2017-09-11 11:45:05', 35, 0, 0, NULL, 0),
	(1747, 417, 3, '2017-09-11 11:45:06', 1, '2017-09-11 11:45:06', 32, 0, 0, NULL, 0),
	(1748, 414, 4, '2017-10-16 11:45:07', 1, '2017-10-16 11:45:07', -6, 0, 1, NULL, 0),
	(1749, 415, 4, '2017-10-18 11:45:08', 1, '2017-10-18 11:45:08', 1, 0, 0, NULL, 0),
	(1750, 416, 4, '2017-10-16 11:45:09', 1, '2017-10-16 11:45:09', 15, 0, 0, NULL, 0),
	(1751, 417, 4, '2017-10-13 11:45:10', 1, '2017-10-13 11:45:10', 18, 0, 0, NULL, 0),
	(1752, 416, 5, '2017-10-31 11:45:11', 1, '2017-10-31 11:45:11', 20, 0, 0, NULL, 0),
	(1753, 417, 5, '2017-10-31 11:45:12', 1, '2017-10-31 11:45:12', 20, 0, 0, NULL, 0),
	(1754, 416, 6, '2017-11-20 11:45:13', 1, '2017-11-20 11:45:13', 8, 0, 0, NULL, 0),
	(1755, 417, 6, '2017-11-20 11:45:14', 1, '2017-11-20 11:45:14', 8, 0, 0, NULL, 0),
	(1756, 418, 1, '2017-09-07 11:45:19', 1, '2017-09-07 11:45:19', 0, 0, 0, NULL, 0),
	(1757, 418, 2, '2017-09-07 11:45:19', 1, '2017-09-07 11:45:19', 7, 0, 0, NULL, 0),
	(1758, 418, 3, '2017-09-14 11:45:20', 1, '2017-09-14 11:45:20', 32, 0, 0, NULL, 0),
	(1759, 418, 4, '2017-10-16 11:45:21', 1, '2017-10-16 11:45:21', 19, 0, 0, NULL, 0),
	(1760, 418, 5, '2017-11-04 11:45:22', 1, '2017-11-04 11:45:22', 17, 0, 0, NULL, 0),
	(1761, 418, 6, '2017-11-21 11:45:23', 1, '2017-11-21 11:45:23', 5, 0, 0, NULL, 0),
	(1762, 419, 1, '2017-09-08 11:45:24', 1, '2017-09-08 11:45:24', 0, 0, 0, NULL, 0),
	(1763, 419, 2, '2017-09-08 11:45:24', 1, '2017-09-08 11:45:24', 6, 0, 0, NULL, 0),
	(1764, 419, 3, '2017-09-14 11:45:25', 1, '2017-09-14 11:45:25', 33, 0, 0, NULL, 0),
	(1765, 419, 4, '2017-10-17 11:45:26', 1, '2017-10-17 11:45:26', 17, 0, 0, NULL, 0),
	(1766, 419, 5, '2017-11-03 11:45:27', 1, '2017-11-03 11:45:27', 17, 0, 0, NULL, 0),
	(1767, 419, 6, '2017-11-20 11:45:28', 1, '2017-11-20 11:45:28', 9, 0, 0, NULL, 0),
	(1768, 420, 1, '2017-09-09 11:45:29', 1, '2017-09-09 11:45:29', 0, 0, 0, NULL, 0),
	(1769, 420, 2, '2017-09-09 11:45:29', 1, '2017-09-09 11:45:29', 5, 0, 0, NULL, 0),
	(1770, 420, 3, '2017-09-14 11:45:31', 1, '2017-09-14 11:45:31', 30, 0, 0, NULL, 0),
	(1771, 420, 4, '2017-10-14 11:45:32', 1, '2017-10-14 11:45:32', 19, 0, 0, NULL, 0),
	(1772, 420, 5, '2017-11-02 11:45:33', 1, '2017-11-02 11:45:33', 18, 0, 0, NULL, 0),
	(1773, 420, 6, '2017-11-20 11:45:34', 1, '2017-11-20 11:45:34', 36, 0, 0, NULL, 0),
	(1774, 421, 1, '2017-09-11 11:45:35', 1, '2017-09-11 11:45:35', 0, 0, 0, NULL, 0),
	(1775, 421, 2, '2017-09-11 11:45:35', 1, '2017-09-11 11:45:35', 5, 0, 0, NULL, 0),
	(1776, 422, 1, '2017-09-11 11:45:35', 1, '2017-09-11 11:45:35', 0, 0, 0, NULL, 0),
	(1777, 422, 2, '2017-09-11 11:45:35', 1, '2017-09-11 11:45:35', 9, 0, 0, NULL, 0),
	(1778, 421, 3, '2017-09-16 11:45:36', 1, '2017-09-16 11:45:36', 30, 0, 0, NULL, 0),
	(1779, 422, 3, '2017-09-20 11:45:37', 1, '2017-09-20 11:45:37', 35, 0, 0, NULL, 0),
	(1780, 421, 4, '2017-10-16 11:45:38', 1, '2017-10-16 11:45:38', 20, 0, 0, NULL, 0),
	(1781, 422, 4, '2017-10-25 11:45:39', 5, '2017-10-22 16:26:06', 0, 1, 0, NULL, 0),
	(1782, 421, 5, '2017-11-05 11:45:40', 1, '2017-11-05 11:45:40', 17, 0, 0, NULL, 0),
	(1783, 421, 6, '2017-11-22 11:45:41', 1, '2017-11-22 11:45:41', 0, 1, 0, NULL, 0),
	(1784, 423, 1, '2017-09-12 11:45:44', 1, '2017-09-12 11:45:44', 0, 0, 0, NULL, 0),
	(1785, 423, 2, '2017-09-12 11:45:44', 1, '2017-09-12 11:45:44', 10, 0, 0, NULL, 0),
	(1786, 423, 3, '2017-09-22 11:45:45', 1, '2017-09-22 11:45:45', 34, 0, 0, NULL, 0),
	(1787, 423, 4, '2017-10-26 11:45:46', 1, '2017-10-26 11:45:46', 2, 0, 0, NULL, 0),
	(1788, 424, 1, '2017-09-13 11:45:47', 1, '2017-09-13 11:45:47', 0, 0, 0, NULL, 0),
	(1789, 424, 2, '2017-09-13 11:45:47', 1, '2017-09-13 11:45:47', 8, 0, 0, NULL, 0),
	(1790, 425, 1, '2017-09-13 11:45:47', 1, '2017-09-13 11:45:47', 0, 0, 0, NULL, 0),
	(1791, 425, 2, '2017-09-13 11:45:47', 1, '2017-09-13 11:45:47', 8, 0, 0, NULL, 0),
	(1792, 424, 3, '2017-09-21 11:45:48', 1, '2017-09-21 11:45:48', 32, 0, 0, NULL, 0),
	(1793, 425, 3, '2017-09-21 11:45:49', 1, '2017-09-21 11:45:49', 35, 0, 0, NULL, 0),
	(1794, 424, 4, '2017-10-23 11:45:50', 1, '2017-10-23 11:45:50', 15, 0, 0, NULL, 0),
	(1795, 425, 4, '2017-10-26 11:45:51', 1, '2017-10-26 11:45:51', 15, 0, 0, NULL, 0),
	(1796, 424, 5, '2017-11-07 11:45:52', 1, '2017-11-07 11:45:52', 17, 0, 0, NULL, 0),
	(1797, 425, 5, '2017-11-10 11:45:53', 1, '2017-11-10 11:45:53', 18, 0, 0, NULL, 0),
	(1798, 424, 6, '2017-11-24 11:45:54', 1, '2017-11-24 11:45:54', 0, 1, 0, NULL, 0),
	(1799, 425, 6, '2017-11-28 11:45:56', 1, '2017-11-28 11:45:56', 0, 1, 0, NULL, 0),
	(1800, 426, 1, '2017-09-14 11:45:58', 1, '2017-09-14 11:45:58', 0, 0, 0, NULL, 0),
	(1801, 426, 2, '2017-09-14 11:45:58', 1, '2017-09-14 11:45:58', 10, 0, 0, NULL, 0),
	(1802, 426, 3, '2017-09-24 11:45:59', 1, '2017-09-24 11:45:59', 30, 0, 0, NULL, 0),
	(1803, 426, 4, '2017-10-24 11:46:00', 5, '2017-10-28 16:26:07', 0, 1, 0, NULL, 0),
	(1804, 427, 1, '2017-09-15 11:46:01', 4, '2017-10-14 16:25:53', 0, 1, 0, NULL, 4),
	(1805, 427, 2, '2017-09-15 11:46:01', 1, '2017-09-15 11:46:01', 8, 0, 1, NULL, 0),
	(1806, 428, 1, '2017-09-15 11:46:01', 1, '2017-09-15 11:46:01', 0, 0, 0, NULL, 0),
	(1807, 428, 2, '2017-09-15 11:46:01', 1, '2017-09-15 11:46:01', 9, 0, 0, NULL, 0),
	(1808, 427, 3, '2017-09-23 11:46:02', 1, '2017-09-23 11:46:02', 33, 0, 1, NULL, 0),
	(1809, 428, 3, '2017-09-24 11:46:03', 1, '2017-09-24 11:46:03', 35, 0, 0, NULL, 0),
	(1810, 427, 4, '2017-10-26 11:46:04', 1, '2017-10-26 11:46:04', -12, 0, 1, NULL, 0),
	(1811, 428, 4, '2017-10-29 11:46:05', 5, '2017-10-02 16:25:54', 0, 1, 0, NULL, 0),
	(1812, 429, 1, '2017-09-17 11:46:07', 1, '2017-09-17 11:46:07', 0, 0, 0, NULL, 0),
	(1813, 429, 2, '2017-09-17 11:46:07', 1, '2017-09-17 11:46:07', 5, 0, 0, NULL, 0),
	(1814, 430, 1, '2017-09-17 11:46:08', 1, '2017-09-17 11:46:08', 0, 0, 0, NULL, 0),
	(1815, 430, 2, '2017-09-17 11:46:08', 1, '2017-09-17 11:46:08', 8, 0, 0, NULL, 0),
	(1816, 429, 3, '2017-09-22 11:46:09', 1, '2017-09-22 11:46:09', 31, 0, 0, NULL, 0),
	(1817, 430, 3, '2017-09-25 11:46:10', 1, '2017-09-25 11:46:10', 32, 0, 0, NULL, 0),
	(1818, 429, 4, '2017-10-23 11:46:11', 5, '2017-10-09 16:26:08', 0, 1, 0, NULL, 0),
	(1819, 430, 4, '2017-10-27 11:46:12', 1, '2017-10-27 11:46:12', 2, 0, 0, NULL, 0),
	(1820, 431, 1, '2017-09-21 11:46:14', 1, '2017-09-21 11:46:14', 0, 0, 0, NULL, 0),
	(1821, 431, 2, '2017-09-21 11:46:14', 1, '2017-09-21 11:46:14', 5, 0, 0, NULL, 0),
	(1822, 432, 1, '2017-09-21 11:46:14', 1, '2017-09-21 11:46:14', 0, 0, 0, NULL, 0),
	(1823, 432, 2, '2017-09-21 11:46:14', 1, '2017-09-21 11:46:14', 6, 0, 0, NULL, 0),
	(1824, 431, 3, '2017-09-26 11:46:15', 1, '2017-09-26 11:46:15', 30, 0, 0, NULL, 0),
	(1825, 432, 3, '2017-09-27 11:46:16', 1, '2017-09-27 11:46:16', 33, 0, 0, NULL, 0),
	(1826, 431, 4, '2017-10-26 11:46:17', 1, '2017-10-26 11:46:17', 48, 0, 0, NULL, 0),
	(1827, 432, 4, '2017-10-30 11:46:18', 1, '2017-10-30 11:46:18', 16, 0, 0, NULL, 0),
	(1828, 432, 5, '2017-11-15 11:46:20', 1, '2017-11-15 11:46:20', 15, 0, 0, NULL, 0),
	(1829, 432, 6, '2017-11-30 11:46:22', 3, '2017-11-22 16:32:02', 0, 1, 0, NULL, 0),
	(1830, 433, 1, '2017-09-23 11:46:23', 1, '2017-09-23 11:46:23', 0, 0, 0, NULL, 0),
	(1831, 433, 2, '2017-09-23 11:46:23', 1, '2017-09-23 11:46:23', 7, 0, 0, NULL, 0),
	(1832, 433, 3, '2017-09-30 11:46:24', 1, '2017-09-30 11:46:24', 32, 0, 0, NULL, 0),
	(1833, 433, 4, '2017-11-01 11:46:25', 1, '2017-11-01 11:46:25', 20, 0, 0, NULL, 0),
	(1834, 433, 5, '2017-11-21 11:46:26', 1, '2017-11-21 11:46:26', 0, 1, 0, NULL, 0),
	(1835, 434, 1, '2017-09-24 11:46:27', 4, '2017-10-10 16:25:38', 0, 1, 0, NULL, 3),
	(1836, 434, 2, '2017-09-24 11:46:27', 1, '2017-09-24 11:46:27', 7, 0, 1, NULL, 0),
	(1837, 435, 1, '2017-09-24 11:46:27', 1, '2017-09-24 11:46:27', 0, 0, 0, NULL, 0),
	(1838, 435, 2, '2017-09-24 11:46:27', 1, '2017-09-24 11:46:27', 7, 0, 0, NULL, 0),
	(1839, 434, 3, '2017-10-01 11:46:28', 1, '2017-10-01 11:46:28', 9, 0, 1, NULL, 0),
	(1840, 435, 3, '2017-10-01 11:46:29', 1, '2017-10-01 11:46:29', 12, 0, 0, NULL, 0),
	(1841, 436, 1, '2017-09-26 11:46:32', 1, '2017-09-26 11:46:32', 0, 0, 0, NULL, 0),
	(1842, 436, 2, '2017-09-26 11:46:32', 1, '2017-09-26 11:46:32', 8, 0, 0, NULL, 0),
	(1843, 437, 1, '2017-09-26 11:46:32', 1, '2017-09-26 11:46:32', 0, 0, 0, NULL, 0),
	(1844, 437, 2, '2017-09-26 11:46:32', 1, '2017-09-26 11:46:32', 8, 0, 0, NULL, 0),
	(1845, 438, 1, '2017-09-26 11:46:32', 1, '2017-09-26 11:46:32', 0, 0, 0, NULL, 0),
	(1846, 438, 2, '2017-09-26 11:46:32', 1, '2017-09-26 11:46:32', 8, 0, 0, NULL, 0),
	(1847, 436, 3, '2017-10-04 11:46:33', 1, '2017-10-04 11:46:33', 32, 0, 0, NULL, 0),
	(1848, 437, 3, '2017-10-04 11:46:34', 1, '2017-10-04 11:46:34', 35, 0, 0, NULL, 0),
	(1849, 438, 3, '2017-10-04 11:46:35', 1, '2017-10-04 11:46:35', 32, 0, 0, NULL, 0),
	(1850, 436, 4, '2017-11-05 11:46:36', 1, '2017-11-05 11:46:36', 18, 0, 0, NULL, 0),
	(1851, 437, 4, '2017-11-08 11:46:37', 1, '2017-11-08 11:46:37', 18, 0, 0, NULL, 0),
	(1852, 438, 4, '2017-11-05 11:46:38', 1, '2017-11-05 11:46:38', 20, 0, 0, NULL, 0),
	(1853, 436, 5, '2017-11-23 11:46:39', 1, '2017-11-23 11:46:39', 16, 0, 0, NULL, 0),
	(1854, 437, 5, '2017-11-26 11:46:40', 1, '2017-11-26 11:46:40', 19, 0, 0, NULL, 0),
	(1855, 438, 5, '2017-11-25 11:46:41', 1, '2017-11-25 11:46:41', 16, 0, 0, NULL, 0),
	(1856, 436, 6, '2017-12-09 11:46:42', 5, '2017-12-25 16:41:01', 0, 1, 0, NULL, 0),
	(1857, 437, 6, '2017-12-15 11:46:43', 1, '2017-12-15 11:46:43', 7, 0, 0, NULL, 0),
	(1858, 438, 6, '2017-12-11 11:46:45', 1, '2017-12-11 11:46:45', 12, 0, 0, NULL, 0),
	(1859, 439, 1, '2017-09-28 11:46:48', 1, '2017-09-28 11:46:48', 0, 0, 0, NULL, 0),
	(1860, 439, 2, '2017-09-28 11:46:48', 1, '2017-09-28 11:46:48', 5, 0, 0, NULL, 0),
	(1861, 439, 3, '2017-10-03 11:46:49', 1, '2017-10-03 11:46:49', 31, 0, 0, NULL, 0),
	(1862, 439, 4, '2017-11-03 11:46:50', 1, '2017-11-03 11:46:50', 20, 0, 0, NULL, 0),
	(1863, 439, 5, '2017-11-23 11:46:51', 5, '2017-11-08 16:31:48', 0, 1, 0, NULL, 0),
	(1864, 440, 1, '2017-09-29 11:46:52', 4, '2017-11-24 16:32:03', 0, 1, 0, NULL, 5),
	(1865, 440, 2, '2017-09-29 11:46:52', 1, '2017-09-29 11:46:52', 9, 0, 1, NULL, 0),
	(1866, 440, 3, '2017-10-08 11:46:53', 1, '2017-10-08 11:46:53', 33, 0, 1, NULL, 0),
	(1867, 440, 4, '2017-11-10 11:46:54', 1, '2017-11-10 11:46:54', 15, 0, 1, NULL, 0),
	(1868, 440, 5, '2017-11-25 11:46:55', 1, '2017-11-25 11:46:55', -1, 0, 1, NULL, 0),
	(1869, 262, 7, '2017-09-10 16:22:10', 2, '2017-09-10 16:22:10', 0, 1, 0, NULL, 6),
	(1870, 366, 4, '2017-09-07 16:22:12', 1, '2017-09-07 16:22:12', 0, 0, 0, NULL, 0),
	(1871, 366, 5, '2017-09-07 16:22:12', 1, '2017-09-07 16:22:12', 0, 0, 0, NULL, 0),
	(1872, 366, 6, '2017-09-07 16:22:12', 1, '2017-09-07 16:22:12', 0, 0, 0, NULL, 0),
	(1873, 366, 7, '2017-09-07 16:22:12', 2, '2017-09-07 16:22:12', 0, 1, 0, NULL, 3),
	(1874, 363, 6, '2017-09-29 16:22:13', 1, '2017-09-29 16:22:13', 0, 0, 0, NULL, 0),
	(1875, 363, 7, '2017-09-29 16:22:13', 2, '2017-09-29 16:22:13', 0, 1, 0, NULL, 5),
	(1876, 368, 6, '2017-09-29 16:22:14', 1, '2017-09-29 16:22:14', 0, 0, 0, NULL, 0),
	(1877, 368, 7, '2017-09-29 16:22:14', 2, '2017-09-29 16:22:14', 0, 1, 0, NULL, 5),
	(1878, 229, 7, '2017-09-25 16:22:15', 2, '2017-09-25 16:22:15', 0, 1, 0, NULL, 6),
	(1879, 313, 7, '2017-09-23 16:22:16', 2, '2017-09-23 16:22:16', 0, 1, 0, NULL, 6),
	(1880, 388, 5, '2017-09-29 16:22:18', 1, '2017-09-29 16:22:18', 0, 0, 0, NULL, 0),
	(1881, 388, 6, '2017-09-29 16:22:18', 1, '2017-09-29 16:22:18', 0, 0, 0, NULL, 0),
	(1882, 388, 7, '2017-09-29 16:22:18', 2, '2017-09-29 16:22:18', 0, 1, 0, NULL, 4),
	(1883, 278, 6, '2017-09-09 16:22:26', 1, '2017-09-09 16:22:26', 0, 0, 0, NULL, 0),
	(1884, 278, 7, '2017-09-09 16:22:26', 2, '2017-09-09 16:22:26', 0, 1, 0, NULL, 5),
	(1885, 284, 5, '2017-09-16 16:22:27', 1, '2017-09-16 16:22:27', 0, 0, 0, NULL, 0),
	(1886, 284, 6, '2017-09-16 16:22:27', 1, '2017-09-16 16:22:27', 0, 0, 0, NULL, 0),
	(1887, 284, 7, '2017-09-16 16:22:27', 2, '2017-09-16 16:22:27', 0, 1, 0, NULL, 4),
	(1888, 312, 7, '2017-09-22 16:22:28', 2, '2017-09-22 16:22:28', 0, 1, 0, NULL, 6),
	(1889, 314, 6, '2017-09-05 16:22:29', 1, '2017-09-05 16:22:29', 0, 0, 0, NULL, 0),
	(1890, 314, 7, '2017-09-05 16:22:29', 2, '2017-09-05 16:22:29', 0, 1, 0, NULL, 5),
	(1891, 315, 7, '2017-09-18 16:22:30', 2, '2017-09-18 16:22:30', 0, 1, 0, NULL, 6),
	(1892, 349, 7, '2017-09-20 16:22:31', 2, '2017-09-20 16:22:31', 0, 1, 0, NULL, 6),
	(1893, 355, 7, '2017-09-29 16:22:33', 2, '2017-09-29 16:22:33', 0, 1, 0, NULL, 6),
	(1894, 301, 7, '2017-09-21 16:22:41', 2, '2017-09-21 16:22:41', 0, 1, 0, NULL, 6),
	(1895, 302, 7, '2017-09-12 16:22:42', 2, '2017-09-12 16:22:42', 0, 1, 0, NULL, 6),
	(1896, 316, 6, '2017-09-18 16:22:43', 1, '2017-09-18 16:22:43', 0, 0, 0, NULL, 0),
	(1897, 316, 7, '2017-09-18 16:22:43', 2, '2017-09-18 16:22:43', 0, 1, 0, NULL, 5),
	(1898, 350, 7, '2017-09-26 16:22:44', 2, '2017-09-26 16:22:44', 0, 1, 0, NULL, 6),
	(1899, 472, 1, '2017-10-02 16:23:25', 1, '2017-10-02 16:23:25', 0, 0, 0, NULL, 0),
	(1900, 472, 2, '2017-10-02 16:23:25', 1, '2017-10-02 16:23:25', 5, 0, 0, NULL, 0),
	(1901, 472, 3, '2017-10-07 16:23:27', 1, '2017-10-07 16:23:27', 35, 0, 0, NULL, 0),
	(1902, 472, 4, '2017-11-11 16:23:28', 1, '2017-11-11 16:23:28', 20, 0, 0, NULL, 0),
	(1903, 472, 5, '2017-12-01 16:23:29', 1, '2017-12-01 16:23:29', 15, 0, 0, NULL, 0),
	(1904, 472, 6, '2017-12-16 16:23:30', 1, '2017-12-16 16:23:30', 1, 0, 0, NULL, 0),
	(1905, 473, 1, '2017-10-04 16:23:31', 4, '2017-11-27 16:31:47', 0, 1, 0, NULL, 4),
	(1906, 473, 2, '2017-10-04 16:23:31', 1, '2017-10-04 16:23:31', 5, 0, 1, NULL, 0),
	(1907, 473, 3, '2017-10-09 16:23:33', 1, '2017-10-09 16:23:33', 33, 0, 1, NULL, 0),
	(1908, 473, 4, '2017-11-11 16:23:34', 1, '2017-11-11 16:23:34', 16, 0, 1, NULL, 0),
	(1909, 474, 1, '2017-10-08 16:23:35', 1, '2017-10-08 16:23:35', 0, 0, 0, NULL, 0),
	(1910, 474, 2, '2017-10-08 16:23:35', 1, '2017-10-08 16:23:35', 9, 0, 0, NULL, 0),
	(1911, 474, 3, '2017-10-17 16:23:36', 1, '2017-10-17 16:23:36', 32, 0, 0, NULL, 0),
	(1912, 474, 4, '2017-11-18 16:23:37', 1, '2017-11-18 16:23:37', 17, 0, 0, NULL, 0),
	(1913, 474, 5, '2017-12-05 16:23:38', 1, '2017-12-05 16:23:38', 20, 0, 0, NULL, 0),
	(1914, 474, 6, '2017-12-25 16:23:40', 1, '2017-12-25 16:23:40', 2, 0, 0, NULL, 0),
	(1915, 475, 1, '2017-10-09 16:23:41', 1, '2017-10-09 16:23:41', 0, 0, 0, NULL, 0),
	(1916, 475, 2, '2017-10-09 16:23:41', 1, '2017-10-09 16:23:41', 7, 0, 0, NULL, 0),
	(1917, 476, 1, '2017-10-09 16:23:41', 1, '2017-10-09 16:23:41', 0, 0, 0, NULL, 0),
	(1918, 476, 2, '2017-10-09 16:23:41', 1, '2017-10-09 16:23:41', 6, 0, 0, NULL, 0),
	(1919, 475, 3, '2017-10-16 16:23:42', 1, '2017-10-16 16:23:42', 34, 0, 0, NULL, 0),
	(1920, 476, 3, '2017-10-15 16:23:43', 1, '2017-10-15 16:23:43', 33, 0, 0, NULL, 0),
	(1921, 475, 4, '2017-11-19 16:23:44', 1, '2017-11-19 16:23:44', 20, 0, 0, NULL, 0),
	(1922, 476, 4, '2017-11-17 16:23:46', 1, '2017-11-17 16:23:46', 18, 0, 0, NULL, 0),
	(1923, 475, 5, '2017-12-09 16:23:47', 1, '2017-12-09 16:23:47', 20, 0, 0, NULL, 0),
	(1924, 476, 5, '2017-12-05 16:23:48', 1, '2017-12-05 16:23:48', 20, 0, 0, NULL, 0),
	(1925, 475, 6, '2017-12-29 16:23:49', 1, '2017-12-29 16:23:49', 0, 0, 0, NULL, 0),
	(1926, 476, 6, '2017-12-25 16:23:50', 1, '2017-12-25 16:23:50', 0, 1, 0, NULL, 0),
	(1927, 477, 1, '2017-10-10 16:23:52', 1, '2017-10-10 16:23:52', 0, 0, 0, NULL, 0),
	(1928, 477, 2, '2017-10-10 16:23:52', 1, '2017-10-10 16:23:52', 6, 0, 0, NULL, 0),
	(1929, 477, 3, '2017-10-16 16:23:54', 1, '2017-10-16 16:23:54', 32, 0, 0, NULL, 0),
	(1930, 477, 4, '2017-11-17 16:23:55', 1, '2017-11-17 16:23:55', 7, 0, 0, NULL, 0),
	(1931, 478, 1, '2017-10-11 16:23:56', 1, '2017-10-11 16:23:56', 0, 0, 0, NULL, 0),
	(1932, 478, 2, '2017-10-11 16:23:56', 1, '2017-10-11 16:23:56', 8, 0, 0, NULL, 0),
	(1933, 478, 3, '2017-10-19 16:23:58', 1, '2017-10-19 16:23:58', 30, 0, 0, NULL, 0),
	(1934, 478, 4, '2017-11-18 16:23:59', 3, '2017-11-12 16:32:11', 0, 1, 0, NULL, 0),
	(1935, 479, 1, '2017-10-12 16:24:01', 1, '2017-10-12 16:24:01', 0, 0, 0, NULL, 0),
	(1936, 479, 2, '2017-10-12 16:24:01', 1, '2017-10-12 16:24:01', 6, 0, 0, NULL, 0),
	(1937, 480, 1, '2017-10-12 16:24:01', 1, '2017-10-12 16:24:01', 0, 0, 0, NULL, 0),
	(1938, 480, 2, '2017-10-12 16:24:01', 1, '2017-10-12 16:24:01', 8, 0, 0, NULL, 0),
	(1939, 479, 3, '2017-10-18 16:24:02', 1, '2017-10-18 16:24:02', 33, 0, 0, NULL, 0),
	(1940, 480, 3, '2017-10-20 16:24:03', 1, '2017-10-20 16:24:03', 31, 0, 0, NULL, 0),
	(1941, 479, 4, '2017-11-20 16:24:04', 1, '2017-11-20 16:24:04', 16, 0, 0, NULL, 0),
	(1942, 480, 4, '2017-11-20 16:24:05', 1, '2017-11-20 16:24:05', 20, 0, 0, NULL, 0),
	(1943, 479, 5, '2017-12-06 16:24:06', 1, '2017-12-06 16:24:06', 17, 0, 0, NULL, 0),
	(1944, 480, 5, '2017-12-10 16:24:08', 1, '2017-12-10 16:24:08', 16, 0, 0, NULL, 0),
	(1945, 479, 6, '2017-12-23 16:24:09', 1, '2017-12-23 16:24:09', 0, 1, 0, NULL, 0),
	(1946, 480, 6, '2017-12-26 16:24:10', 1, '2017-12-26 16:24:10', 0, 1, 0, NULL, 0),
	(1947, 481, 1, '2017-10-13 16:24:12', 4, '2017-11-27 16:32:13', 0, 1, 0, NULL, 4),
	(1948, 481, 2, '2017-10-13 16:24:12', 1, '2017-10-13 16:24:12', 8, 0, 1, NULL, 0),
	(1949, 481, 3, '2017-10-21 16:24:13', 1, '2017-10-21 16:24:13', 33, 0, 1, NULL, 0),
	(1950, 481, 4, '2017-11-23 16:24:14', 1, '2017-11-23 16:24:14', 4, 0, 1, NULL, 0),
	(1951, 482, 1, '2017-10-15 16:24:15', 1, '2017-10-15 16:24:15', 0, 0, 0, NULL, 0),
	(1952, 482, 2, '2017-10-15 16:24:15', 1, '2017-10-15 16:24:15', 7, 0, 0, NULL, 0),
	(1953, 482, 3, '2017-10-22 16:24:16', 1, '2017-10-22 16:24:16', 30, 0, 0, NULL, 0),
	(1954, 482, 4, '2017-11-21 16:24:17', 1, '2017-11-21 16:24:17', 17, 0, 0, NULL, 0),
	(1955, 482, 5, '2017-12-08 16:24:19', 1, '2017-12-08 16:24:19', 17, 0, 0, NULL, 0),
	(1956, 482, 6, '2017-12-25 16:24:20', 1, '2017-12-25 16:24:20', 0, 1, 0, NULL, 0),
	(1957, 483, 1, '2017-10-18 16:24:21', 1, '2017-10-18 16:24:21', 0, 0, 0, NULL, 0),
	(1958, 483, 2, '2017-10-18 16:24:21', 1, '2017-10-18 16:24:21', 8, 0, 0, NULL, 0),
	(1959, 483, 3, '2017-10-26 16:24:22', 1, '2017-10-26 16:24:22', 35, 0, 0, NULL, 0),
	(1960, 483, 4, '2017-11-30 16:24:23', 1, '2017-11-30 16:24:23', 17, 0, 0, NULL, 0),
	(1961, 483, 5, '2017-12-17 16:24:24', 1, '2017-12-17 16:24:24', 3, 0, 0, NULL, 0),
	(1962, 484, 1, '2017-10-19 16:24:25', 1, '2017-10-19 16:24:25', 0, 0, 0, NULL, 0),
	(1963, 484, 2, '2017-10-19 16:24:25', 1, '2017-10-19 16:24:25', 8, 0, 0, NULL, 0),
	(1964, 485, 1, '2017-10-19 16:24:25', 4, '2017-11-18 16:32:14', 0, 1, 0, NULL, 4),
	(1965, 485, 2, '2017-10-19 16:24:25', 1, '2017-10-19 16:24:25', 5, 0, 1, NULL, 0),
	(1966, 484, 3, '2017-10-27 16:24:26', 1, '2017-10-27 16:24:26', 35, 0, 0, NULL, 0),
	(1967, 485, 3, '2017-10-24 16:24:28', 1, '2017-10-24 16:24:28', 30, 0, 1, NULL, 0),
	(1968, 484, 4, '2017-12-01 16:24:29', 1, '2017-12-01 16:24:29', 20, 0, 0, NULL, 0),
	(1969, 485, 4, '2017-11-23 16:24:30', 1, '2017-11-23 16:24:30', -5, 0, 1, NULL, 0),
	(1970, 484, 5, '2017-12-21 16:24:31', 3, '2017-12-15 16:41:26', 0, 1, 0, NULL, 0),
	(1971, 486, 1, '2017-10-20 16:24:33', 4, '2017-12-07 16:41:27', 0, 1, 0, NULL, 6),
	(1972, 486, 2, '2017-10-20 16:24:33', 1, '2017-10-20 16:24:33', 6, 0, 1, NULL, 0),
	(1973, 487, 1, '2017-10-20 16:24:33', 1, '2017-10-20 16:24:33', 0, 0, 0, NULL, 0),
	(1974, 487, 2, '2017-10-20 16:24:33', 1, '2017-10-20 16:24:33', 9, 0, 0, NULL, 0),
	(1975, 486, 3, '2017-10-26 16:24:34', 1, '2017-10-26 16:24:34', 32, 0, 1, NULL, 0),
	(1976, 487, 3, '2017-10-29 16:24:35', 1, '2017-10-29 16:24:35', 32, 0, 0, NULL, 0),
	(1977, 486, 4, '2017-11-27 16:24:37', 1, '2017-11-27 16:24:37', 17, 0, 1, NULL, 0),
	(1978, 487, 4, '2017-11-30 16:24:38', 3, '2017-11-27 16:31:46', 0, 1, 0, NULL, 0),
	(1979, 486, 5, '2017-12-14 16:24:39', 1, '2017-12-14 16:24:39', 15, 0, 1, NULL, 0),
	(1980, 486, 6, '2017-12-29 16:24:40', 1, '2017-12-29 16:24:40', -22, 0, 1, NULL, 0),
	(1981, 488, 1, '2017-10-21 16:24:42', 1, '2017-10-21 16:24:42', 0, 0, 0, NULL, 0),
	(1982, 488, 2, '2017-10-21 16:24:42', 1, '2017-10-21 16:24:42', 5, 0, 0, NULL, 0),
	(1983, 488, 3, '2017-10-26 16:24:43', 1, '2017-10-26 16:24:43', 30, 0, 0, NULL, 0),
	(1984, 488, 4, '2017-11-25 16:24:44', 1, '2017-11-25 16:24:44', 20, 0, 0, NULL, 0),
	(1985, 488, 5, '2017-12-15 16:24:46', 1, '2017-12-15 16:24:46', 3, 0, 0, NULL, 0),
	(1986, 489, 1, '2017-10-23 16:24:47', 1, '2017-10-23 16:24:47', 0, 0, 0, NULL, 0),
	(1987, 489, 2, '2017-10-23 16:24:47', 1, '2017-10-23 16:24:47', 7, 0, 0, NULL, 0),
	(1988, 489, 3, '2017-10-30 16:24:48', 1, '2017-10-30 16:24:48', 28, 0, 0, NULL, 0),
	(1989, 490, 1, '2017-10-24 16:24:49', 1, '2017-10-24 16:24:49', 0, 0, 0, NULL, 0),
	(1990, 490, 2, '2017-10-24 16:24:49', 1, '2017-10-24 16:24:49', 8, 0, 0, NULL, 0),
	(1991, 491, 1, '2017-10-24 16:24:49', 1, '2017-10-24 16:24:49', 0, 0, 0, NULL, 0),
	(1992, 491, 2, '2017-10-24 16:24:49', 1, '2017-10-24 16:24:49', 5, 0, 0, NULL, 0),
	(1993, 490, 3, '2017-11-01 16:24:50', 1, '2017-11-01 16:24:50', 30, 0, 0, NULL, 0),
	(1994, 491, 3, '2017-10-29 16:24:51', 1, '2017-10-29 16:24:51', 31, 0, 0, NULL, 0),
	(1995, 490, 4, '2017-12-01 16:24:52', 1, '2017-12-01 16:24:52', 18, 0, 0, NULL, 0),
	(1996, 491, 4, '2017-11-29 16:24:53', 5, '2017-11-10 16:32:15', 0, 1, 0, NULL, 0),
	(1997, 490, 5, '2017-12-19 16:24:55', 1, '2017-12-19 16:24:55', 16, 0, 0, NULL, 0),
	(1998, 490, 6, '2018-01-04 16:24:56', 1, '2018-01-04 16:24:56', 0, 1, 0, NULL, 0),
	(1999, 492, 1, '2017-10-25 16:24:58', 1, '2017-10-25 16:24:58', 0, 0, 0, NULL, 0),
	(2000, 492, 2, '2017-10-25 16:24:58', 1, '2017-10-25 16:24:58', 5, 0, 0, NULL, 0),
	(2001, 492, 3, '2017-10-30 16:24:59', 5, '2017-11-06 16:32:04', 0, 1, 0, NULL, 0),
	(2002, 493, 1, '2017-10-26 16:25:00', 1, '2017-10-26 16:25:00', 0, 0, 0, NULL, 0),
	(2003, 493, 2, '2017-10-26 16:25:00', 1, '2017-10-26 16:25:00', 5, 0, 0, NULL, 0),
	(2004, 493, 3, '2017-10-31 16:25:01', 3, '2017-12-06 16:40:58', 0, 1, 0, NULL, 0),
	(2005, 494, 1, '2017-10-27 16:25:02', 1, '2017-10-27 16:25:02', 0, 0, 0, NULL, 0),
	(2006, 494, 2, '2017-10-27 16:25:02', 1, '2017-10-27 16:25:02', 8, 0, 0, NULL, 0),
	(2007, 495, 1, '2017-10-27 16:25:02', 1, '2017-10-27 16:25:02', 0, 0, 0, NULL, 0),
	(2008, 495, 2, '2017-10-27 16:25:02', 1, '2017-10-27 16:25:02', 5, 0, 0, NULL, 0),
	(2009, 496, 1, '2017-10-27 16:25:02', 4, '2017-12-27 16:41:29', 0, 1, 0, NULL, 5),
	(2010, 496, 2, '2017-10-27 16:25:02', 1, '2017-10-27 16:25:02', 8, 0, 1, NULL, 0),
	(2011, 494, 3, '2017-11-04 16:25:04', 1, '2017-11-04 16:25:04', 32, 0, 0, NULL, 0),
	(2012, 495, 3, '2017-11-01 16:25:05', 1, '2017-11-01 16:25:05', 32, 0, 0, NULL, 0),
	(2013, 496, 3, '2017-11-04 16:25:06', 1, '2017-11-04 16:25:06', 35, 0, 1, NULL, 0),
	(2014, 494, 4, '2017-12-06 16:25:07', 1, '2017-12-06 16:25:07', 15, 0, 0, NULL, 0),
	(2015, 495, 4, '2017-12-03 16:25:08', 1, '2017-12-03 16:25:08', 18, 0, 0, NULL, 0),
	(2016, 496, 4, '2017-12-09 16:25:09', 1, '2017-12-09 16:25:09', 20, 0, 1, NULL, 0),
	(2017, 494, 5, '2017-12-21 16:25:10', 1, '2017-12-21 16:25:10', 19, 0, 0, NULL, 0),
	(2018, 495, 5, '2017-12-21 16:25:11', 1, '2017-12-21 16:25:11', 15, 0, 0, NULL, 0),
	(2019, 496, 5, '2017-12-29 16:25:13', 1, '2017-12-29 16:25:13', -2, 0, 1, NULL, 0),
	(2020, 494, 6, '2018-01-09 16:25:14', 1, '2018-01-09 16:25:14', 0, 1, 0, NULL, 0),
	(2021, 495, 6, '2018-01-05 16:25:15', 1, '2018-01-05 16:25:15', 0, 1, 0, NULL, 0),
	(2022, 497, 1, '2017-10-30 16:25:18', 1, '2017-10-30 16:25:18', 0, 0, 0, NULL, 0),
	(2023, 497, 2, '2017-10-30 16:25:18', 1, '2017-10-30 16:25:18', 8, 0, 0, NULL, 0),
	(2024, 497, 3, '2017-11-07 16:25:19', 1, '2017-11-07 16:25:19', 35, 0, 0, NULL, 0),
	(2025, 497, 4, '2017-12-12 16:25:20', 1, '2017-12-12 16:25:20', 16, 0, 0, NULL, 0),
	(2026, 497, 5, '2017-12-28 16:25:21', 1, '2017-12-28 16:25:21', 19, 0, 0, NULL, 0),
	(2027, 497, 6, '2018-01-16 16:25:22', 1, '2018-01-16 16:25:22', 0, 1, 0, NULL, 0),
	(2028, 381, 7, '2017-10-26 16:25:30', 2, '2017-10-26 16:25:30', 0, 1, 0, NULL, 6),
	(2029, 415, 5, '2017-10-19 16:25:31', 1, '2017-10-19 16:25:31', 0, 0, 0, NULL, 0),
	(2030, 415, 6, '2017-10-19 16:25:31', 1, '2017-10-19 16:25:31', 0, 0, 0, NULL, 0),
	(2031, 415, 7, '2017-10-19 16:25:31', 2, '2017-10-19 16:25:31', 0, 1, 0, NULL, 4),
	(2032, 435, 4, '2017-10-13 16:25:32', 1, '2017-10-13 16:25:32', 0, 0, 0, NULL, 0),
	(2033, 435, 5, '2017-10-13 16:25:32', 1, '2017-10-13 16:25:32', 0, 0, 0, NULL, 0),
	(2034, 435, 6, '2017-10-13 16:25:32', 1, '2017-10-13 16:25:32', 0, 0, 0, NULL, 0),
	(2035, 435, 7, '2017-10-13 16:25:32', 2, '2017-10-13 16:25:32', 0, 1, 0, NULL, 3),
	(2036, 385, 7, '2017-10-27 16:25:33', 2, '2017-10-27 16:25:33', 0, 1, 0, NULL, 6),
	(2037, 423, 5, '2017-10-28 16:25:34', 1, '2017-10-28 16:25:34', 0, 0, 0, NULL, 0),
	(2038, 423, 6, '2017-10-28 16:25:34', 1, '2017-10-28 16:25:34', 0, 0, 0, NULL, 0),
	(2039, 423, 7, '2017-10-28 16:25:34', 2, '2017-10-28 16:25:34', 0, 1, 0, NULL, 4),
	(2040, 430, 5, '2017-10-29 16:25:35', 1, '2017-10-29 16:25:35', 0, 0, 0, NULL, 0),
	(2041, 430, 6, '2017-10-29 16:25:35', 1, '2017-10-29 16:25:35', 0, 0, 0, NULL, 0),
	(2042, 430, 7, '2017-10-29 16:25:35', 2, '2017-10-29 16:25:35', 0, 1, 0, NULL, 4),
	(2043, 405, 6, '2017-10-23 16:25:36', 1, '2017-10-23 16:25:36', 0, 0, 0, NULL, 0),
	(2044, 405, 7, '2017-10-23 16:25:36', 2, '2017-10-23 16:25:36', 0, 1, 0, NULL, 5),
	(2045, 348, 6, '2017-10-28 16:25:43', 1, '2017-10-28 16:25:43', 0, 0, 0, NULL, 0),
	(2046, 348, 7, '2017-10-28 16:25:43', 2, '2017-10-28 16:25:43', 0, 1, 0, NULL, 5),
	(2047, 365, 7, '2017-10-21 16:25:44', 2, '2017-10-21 16:25:44', 0, 1, 0, NULL, 6),
	(2048, 372, 7, '2017-10-25 16:25:45', 2, '2017-10-25 16:25:45', 0, 1, 0, NULL, 6),
	(2049, 386, 6, '2017-10-24 16:25:46', 1, '2017-10-24 16:25:46', 0, 0, 0, NULL, 0),
	(2050, 386, 7, '2017-10-24 16:25:46', 2, '2017-10-24 16:25:46', 0, 1, 0, NULL, 5),
	(2051, 389, 7, '2017-10-30 16:25:47', 2, '2017-10-30 16:25:47', 0, 1, 0, NULL, 6),
	(2052, 390, 7, '2017-10-29 16:25:48', 2, '2017-10-29 16:25:48', 0, 1, 0, NULL, 6),
	(2053, 292, 7, '2017-10-19 16:25:55', 2, '2017-10-19 16:25:55', 0, 1, 0, NULL, 6),
	(2054, 359, 7, '2017-10-25 16:25:56', 2, '2017-10-25 16:25:56', 0, 1, 0, NULL, 6),
	(2055, 364, 7, '2017-10-18 16:25:57', 2, '2017-10-18 16:25:57', 0, 1, 0, NULL, 6),
	(2056, 378, 7, '2017-10-22 16:25:58', 2, '2017-10-22 16:25:58', 0, 1, 0, NULL, 6),
	(2057, 380, 6, '2017-10-29 16:25:59', 1, '2017-10-29 16:25:59', 0, 0, 0, NULL, 0),
	(2058, 380, 7, '2017-10-29 16:25:59', 2, '2017-10-29 16:25:59', 0, 1, 0, NULL, 5),
	(2059, 503, 1, '2017-11-03 16:26:58', 1, '2017-11-03 16:26:58', 0, 0, 0, NULL, 0),
	(2060, 503, 2, '2017-11-03 16:26:58', 1, '2017-11-03 16:26:58', 10, 0, 0, NULL, 0),
	(2061, 504, 1, '2017-11-03 16:26:58', 1, '2017-11-03 16:26:58', 0, 0, 0, NULL, 0),
	(2062, 504, 2, '2017-11-03 16:26:58', 1, '2017-11-03 16:26:58', 8, 0, 0, NULL, 0),
	(2063, 505, 1, '2017-11-03 16:26:59', 1, '2017-11-03 16:26:59', 0, 0, 0, NULL, 0),
	(2064, 505, 2, '2017-11-03 16:26:59', 1, '2017-11-03 16:26:59', 6, 0, 0, NULL, 0),
	(2065, 503, 3, '2017-11-13 16:27:00', 1, '2017-11-13 16:27:00', 33, 0, 0, NULL, 0),
	(2066, 504, 3, '2017-11-11 16:27:01', 1, '2017-11-11 16:27:01', 35, 0, 0, NULL, 0),
	(2067, 505, 3, '2017-11-09 16:27:03', 1, '2017-11-09 16:27:03', 32, 0, 0, NULL, 0),
	(2068, 503, 4, '2017-12-16 16:27:04', 1, '2017-12-16 16:27:04', 15, 0, 0, NULL, 0),
	(2069, 504, 4, '2017-12-16 16:27:05', 5, '2017-12-16 16:41:30', 0, 1, 0, NULL, 0),
	(2070, 505, 4, '2017-12-11 16:27:06', 1, '2017-12-11 16:27:06', 15, 0, 0, NULL, 0),
	(2071, 503, 5, '2017-12-31 16:27:08', 1, '2017-12-31 16:27:08', 15, 0, 0, NULL, 0),
	(2072, 505, 5, '2017-12-26 16:27:09', 1, '2017-12-26 16:27:09', 1, 0, 0, NULL, 0),
	(2073, 503, 6, '2018-01-15 16:27:11', 1, '2018-01-15 16:27:11', 0, 1, 0, NULL, 0),
	(2074, 506, 1, '2017-11-04 16:27:14', 1, '2017-11-04 16:27:14', 0, 0, 0, NULL, 0),
	(2075, 506, 2, '2017-11-04 16:27:14', 1, '2017-11-04 16:27:14', 6, 0, 0, NULL, 0),
	(2076, 507, 1, '2017-11-04 16:27:15', 1, '2017-11-04 16:27:15', 0, 0, 0, NULL, 0),
	(2077, 507, 2, '2017-11-04 16:27:15', 1, '2017-11-04 16:27:15', 6, 0, 0, NULL, 0),
	(2078, 506, 3, '2017-11-10 16:27:16', 1, '2017-11-10 16:27:16', 34, 0, 0, NULL, 0),
	(2079, 507, 3, '2017-11-10 16:27:18', 1, '2017-11-10 16:27:18', 35, 0, 0, NULL, 0),
	(2080, 506, 4, '2017-12-14 16:27:21', 1, '2017-12-14 16:27:21', 15, 0, 0, NULL, 0),
	(2081, 507, 4, '2017-12-15 16:27:23', 5, '2017-12-17 16:41:31', 0, 1, 0, NULL, 0),
	(2082, 506, 5, '2017-12-29 16:27:27', 1, '2017-12-29 16:27:27', 0, 0, 0, NULL, 0),
	(2083, 508, 1, '2017-11-06 16:27:29', 1, '2017-11-06 16:27:29', 0, 0, 0, NULL, 0),
	(2084, 508, 2, '2017-11-06 16:27:29', 1, '2017-11-06 16:27:29', 7, 0, 0, NULL, 0),
	(2085, 509, 1, '2017-11-06 16:27:31', 1, '2017-11-06 16:27:31', 0, 0, 0, NULL, 0),
	(2086, 509, 2, '2017-11-06 16:27:31', 1, '2017-11-06 16:27:31', 8, 0, 0, NULL, 0),
	(2087, 510, 1, '2017-11-06 16:27:31', 1, '2017-11-06 16:27:31', 0, 0, 0, NULL, 0),
	(2088, 510, 2, '2017-11-06 16:27:31', 1, '2017-11-06 16:27:31', 6, 0, 0, NULL, 0),
	(2089, 508, 3, '2017-11-13 16:27:32', 1, '2017-11-13 16:27:32', 32, 0, 0, NULL, 0),
	(2090, 509, 3, '2017-11-14 16:27:41', 1, '2017-11-14 16:27:41', 35, 0, 0, NULL, 0),
	(2091, 510, 3, '2017-11-12 16:27:43', 1, '2017-11-12 16:27:43', 34, 0, 0, NULL, 0),
	(2092, 508, 4, '2017-12-15 16:27:44', 1, '2017-12-15 16:27:44', 10, 0, 0, NULL, 0),
	(2093, 509, 4, '2017-12-19 16:27:45', 1, '2017-12-19 16:27:45', 15, 0, 0, NULL, 0),
	(2094, 510, 4, '2017-12-16 16:27:46', 1, '2017-12-16 16:27:46', 16, 0, 0, NULL, 0),
	(2095, 509, 5, '2018-01-03 16:27:47', 1, '2018-01-03 16:27:47', 16, 0, 0, NULL, 0),
	(2096, 510, 5, '2018-01-01 16:27:48', 1, '2018-01-01 16:27:48', 18, 0, 0, NULL, 0),
	(2097, 509, 6, '2018-01-19 16:27:50', 1, '2018-01-19 16:27:50', 0, 1, 0, NULL, 0),
	(2098, 510, 6, '2018-01-19 16:27:51', 1, '2018-01-19 16:27:51', 0, 1, 0, NULL, 0),
	(2099, 511, 1, '2017-11-08 16:27:54', 1, '2017-11-08 16:27:54', 0, 0, 0, NULL, 0),
	(2100, 511, 2, '2017-11-08 16:27:54', 1, '2017-11-08 16:27:54', 5, 0, 0, NULL, 0),
	(2101, 511, 3, '2017-11-13 16:27:55', 1, '2017-11-13 16:27:55', 32, 0, 0, NULL, 0),
	(2102, 511, 4, '2017-12-15 16:27:57', 1, '2017-12-15 16:27:57', 17, 0, 0, NULL, 0),
	(2103, 511, 5, '2018-01-01 16:27:58', 1, '2018-01-01 16:27:58', 16, 0, 0, NULL, 0),
	(2104, 511, 6, '2018-01-17 16:28:00', 1, '2018-01-17 16:28:00', 0, 1, 0, NULL, 0),
	(2105, 512, 1, '2017-11-10 16:28:02', 1, '2017-11-10 16:28:02', 0, 0, 0, NULL, 0),
	(2106, 512, 2, '2017-11-10 16:28:02', 1, '2017-11-10 16:28:02', 10, 0, 0, NULL, 0),
	(2107, 513, 1, '2017-11-10 16:28:02', 1, '2017-11-10 16:28:02', 0, 0, 0, NULL, 0),
	(2108, 513, 2, '2017-11-10 16:28:02', 1, '2017-11-10 16:28:02', 5, 0, 0, NULL, 0),
	(2109, 512, 3, '2017-11-20 16:28:04', 1, '2017-11-20 16:28:04', 32, 0, 0, NULL, 0),
	(2110, 513, 3, '2017-11-15 16:28:12', 1, '2017-11-15 16:28:12', 31, 0, 0, NULL, 0),
	(2111, 512, 4, '2017-12-22 16:28:16', 1, '2017-12-22 16:28:16', 1, 0, 0, NULL, 0),
	(2112, 513, 4, '2017-12-16 16:28:20', 1, '2017-12-16 16:28:20', 20, 0, 0, NULL, 0),
	(2113, 513, 5, '2018-01-05 16:28:21', 1, '2018-01-05 16:28:21', 15, 0, 0, NULL, 0),
	(2114, 513, 6, '2018-01-20 16:28:23', 1, '2018-01-20 16:28:23', 0, 1, 0, NULL, 0),
	(2115, 514, 1, '2017-11-11 16:28:25', 1, '2017-11-11 16:28:25', 0, 0, 0, NULL, 0),
	(2116, 514, 2, '2017-11-11 16:28:25', 1, '2017-11-11 16:28:25', 9, 0, 0, NULL, 0),
	(2117, 515, 1, '2017-11-11 16:28:25', 1, '2017-11-11 16:28:25', 0, 0, 0, NULL, 0),
	(2118, 515, 2, '2017-11-11 16:28:25', 1, '2017-11-11 16:28:25', 5, 0, 0, NULL, 0),
	(2119, 514, 3, '2017-11-20 16:28:26', 1, '2017-11-20 16:28:26', 33, 0, 0, NULL, 0),
	(2120, 515, 3, '2017-11-16 16:28:28', 1, '2017-11-16 16:28:28', 34, 0, 0, NULL, 0),
	(2121, 514, 4, '2017-12-23 16:28:29', 1, '2017-12-23 16:28:29', 19, 0, 0, NULL, 0),
	(2122, 515, 4, '2017-12-20 16:28:30', 1, '2017-12-20 16:28:30', 17, 0, 0, NULL, 0),
	(2123, 514, 5, '2018-01-11 16:28:32', 1, '2018-01-11 16:28:32', 18, 0, 0, NULL, 0),
	(2124, 515, 5, '2018-01-06 16:28:33', 1, '2018-01-06 16:28:33', 18, 0, 0, NULL, 0),
	(2125, 514, 6, '2018-01-29 16:28:34', 1, '2018-01-29 16:28:34', 0, 1, 0, NULL, 0),
	(2126, 515, 6, '2018-01-24 16:28:38', 1, '2018-01-24 16:28:38', 0, 1, 0, NULL, 0),
	(2127, 516, 1, '2017-11-12 16:28:40', 1, '2017-11-12 16:28:40', 0, 0, 0, NULL, 0),
	(2128, 516, 2, '2017-11-12 16:28:40', 1, '2017-11-12 16:28:40', 6, 0, 0, NULL, 0),
	(2129, 517, 1, '2017-11-12 16:28:40', 1, '2017-11-12 16:28:40', 0, 0, 0, NULL, 0),
	(2130, 517, 2, '2017-11-12 16:28:40', 1, '2017-11-12 16:28:40', 8, 0, 0, NULL, 0),
	(2131, 516, 3, '2017-11-18 16:28:41', 1, '2017-11-18 16:28:41', 30, 0, 0, NULL, 0),
	(2132, 517, 3, '2017-11-20 16:28:43', 1, '2017-11-20 16:28:43', 34, 0, 0, NULL, 0),
	(2133, 516, 4, '2017-12-18 16:28:44', 1, '2017-12-18 16:28:44', 16, 0, 0, NULL, 0),
	(2134, 517, 4, '2017-12-24 16:28:46', 1, '2017-12-24 16:28:46', 20, 0, 0, NULL, 0),
	(2135, 516, 5, '2018-01-03 16:28:47', 1, '2018-01-03 16:28:47', 17, 0, 0, NULL, 0),
	(2136, 517, 5, '2018-01-13 16:28:48', 1, '2018-01-13 16:28:48', 16, 0, 0, NULL, 0),
	(2137, 516, 6, '2018-01-20 16:28:50', 1, '2018-01-20 16:28:50', 0, 1, 0, NULL, 0),
	(2138, 517, 6, '2018-01-29 16:28:51', 1, '2018-01-29 16:28:51', 0, 1, 0, NULL, 0),
	(2139, 518, 1, '2017-11-14 16:28:54', 1, '2017-11-14 16:28:54', 0, 0, 0, NULL, 0),
	(2140, 518, 2, '2017-11-14 16:28:54', 1, '2017-11-14 16:28:54', 6, 0, 0, NULL, 0),
	(2141, 519, 1, '2017-11-14 16:28:54', 1, '2017-11-14 16:28:54', 0, 0, 0, NULL, 0),
	(2142, 519, 2, '2017-11-14 16:28:54', 1, '2017-11-14 16:28:54', 7, 0, 0, NULL, 0),
	(2143, 520, 1, '2017-11-14 16:28:54', 1, '2017-11-14 16:28:54', 0, 0, 0, NULL, 0),
	(2144, 520, 2, '2017-11-14 16:28:54', 1, '2017-11-14 16:28:54', 7, 0, 0, NULL, 0),
	(2145, 518, 3, '2017-11-20 16:28:55', 1, '2017-11-20 16:28:55', 32, 0, 0, NULL, 0),
	(2146, 519, 3, '2017-11-21 16:28:56', 1, '2017-11-21 16:28:56', 35, 0, 0, NULL, 0),
	(2147, 520, 3, '2017-11-21 16:28:57', 1, '2017-11-21 16:28:57', 35, 0, 0, NULL, 0),
	(2148, 518, 4, '2017-12-22 16:29:00', 5, '2017-12-27 16:41:32', 0, 1, 0, NULL, 0),
	(2149, 519, 4, '2017-12-26 16:29:01', 1, '2017-12-26 16:29:01', 16, 0, 0, NULL, 0),
	(2150, 520, 4, '2017-12-26 16:29:02', 1, '2017-12-26 16:29:02', 20, 0, 0, NULL, 0),
	(2151, 519, 5, '2018-01-11 16:29:03', 1, '2018-01-11 16:29:03', 16, 0, 0, NULL, 0),
	(2152, 520, 5, '2018-01-15 16:29:05', 1, '2018-01-15 16:29:05', 15, 0, 0, NULL, 0),
	(2153, 519, 6, '2018-01-27 16:29:06', 1, '2018-01-27 16:29:06', 0, 1, 0, NULL, 0),
	(2154, 520, 6, '2018-01-30 16:29:08', 1, '2018-01-30 16:29:08', 0, 1, 0, NULL, 0),
	(2155, 521, 1, '2017-11-17 16:29:11', 1, '2017-11-17 16:29:11', 0, 0, 0, NULL, 0),
	(2156, 521, 2, '2017-11-17 16:29:11', 1, '2017-11-17 16:29:11', 6, 0, 0, NULL, 0),
	(2157, 521, 3, '2017-11-23 16:29:12', 1, '2017-11-23 16:29:12', 32, 0, 0, NULL, 0),
	(2158, 521, 4, '2017-12-25 16:29:13', 1, '2017-12-25 16:29:13', 20, 0, 0, NULL, 0),
	(2159, 521, 5, '2018-01-14 16:29:14', 1, '2018-01-14 16:29:14', 0, 1, 0, NULL, 0),
	(2160, 522, 1, '2017-11-18 16:29:16', 1, '2017-11-18 16:29:16', 0, 0, 0, NULL, 0),
	(2161, 522, 2, '2017-11-18 16:29:16', 1, '2017-11-18 16:29:16', 5, 0, 0, NULL, 0),
	(2162, 523, 1, '2017-11-18 16:29:16', 1, '2017-11-18 16:29:16', 0, 0, 0, NULL, 0),
	(2163, 523, 2, '2017-11-18 16:29:16', 1, '2017-11-18 16:29:16', 8, 0, 0, NULL, 0),
	(2164, 524, 1, '2017-11-18 16:29:16', 1, '2017-11-18 16:29:16', 0, 0, 0, NULL, 0),
	(2165, 524, 2, '2017-11-18 16:29:16', 1, '2017-11-18 16:29:16', 6, 0, 0, NULL, 0),
	(2166, 522, 3, '2017-11-23 16:29:17', 1, '2017-11-23 16:29:17', 31, 0, 0, NULL, 0),
	(2167, 523, 3, '2017-11-26 16:29:18', 1, '2017-11-26 16:29:18', 30, 0, 0, NULL, 0),
	(2168, 524, 3, '2017-11-24 16:29:19', 1, '2017-11-24 16:29:19', 33, 0, 0, NULL, 0),
	(2169, 522, 4, '2017-12-24 16:29:20', 1, '2017-12-24 16:29:20', 1, 0, 0, NULL, 0),
	(2170, 523, 4, '2017-12-26 16:29:22', 1, '2017-12-26 16:29:22', 1, 0, 0, NULL, 0),
	(2171, 524, 4, '2017-12-27 16:29:23', 1, '2017-12-27 16:29:23', 0, 1, 0, NULL, 0),
	(2172, 525, 1, '2017-11-19 16:29:27', 1, '2017-11-19 16:29:27', 0, 0, 0, NULL, 0),
	(2173, 525, 2, '2017-11-19 16:29:27', 1, '2017-11-19 16:29:27', 7, 0, 0, NULL, 0),
	(2174, 525, 3, '2017-11-26 16:29:28', 1, '2017-11-26 16:29:28', 32, 0, 0, NULL, 0),
	(2175, 525, 4, '2017-12-28 16:29:29', 1, '2017-12-28 16:29:29', 16, 0, 0, NULL, 0),
	(2176, 525, 5, '2018-01-13 16:29:30', 1, '2018-01-13 16:29:30', 0, 1, 0, NULL, 0),
	(2177, 526, 1, '2017-11-20 16:29:31', 1, '2017-11-20 16:29:31', 0, 0, 0, NULL, 0),
	(2178, 526, 2, '2017-11-20 16:29:31', 1, '2017-11-20 16:29:31', 9, 0, 0, NULL, 0),
	(2179, 527, 1, '2017-11-20 16:29:31', 1, '2017-11-20 16:29:31', 0, 0, 0, NULL, 0),
	(2180, 527, 2, '2017-11-20 16:29:31', 1, '2017-11-20 16:29:31', 8, 0, 0, NULL, 0),
	(2181, 528, 1, '2017-11-20 16:29:31', 1, '2017-11-20 16:29:31', 0, 0, 0, NULL, 0),
	(2182, 528, 2, '2017-11-20 16:29:31', 1, '2017-11-20 16:29:31', 6, 0, 0, NULL, 0),
	(2183, 529, 1, '2017-11-20 16:29:31', 1, '2017-11-20 16:29:31', 0, 0, 0, NULL, 0),
	(2184, 529, 2, '2017-11-20 16:29:31', 1, '2017-11-20 16:29:31', 9, 0, 0, NULL, 0),
	(2185, 526, 3, '2017-11-29 16:29:32', 1, '2017-11-29 16:29:32', 34, 0, 0, NULL, 0),
	(2186, 527, 3, '2017-11-28 16:29:34', 1, '2017-11-28 16:29:34', 34, 0, 0, NULL, 0),
	(2187, 528, 3, '2017-11-26 16:29:35', 1, '2017-11-26 16:29:35', 33, 0, 0, NULL, 0),
	(2188, 529, 3, '2017-11-29 16:29:36', 1, '2017-11-29 16:29:36', 31, 0, 0, NULL, 0),
	(2189, 526, 4, '2018-01-02 16:29:38', 1, '2018-01-02 16:29:38', 20, 0, 0, NULL, 0),
	(2190, 527, 4, '2018-01-01 16:29:39', 1, '2018-01-01 16:29:39', 15, 0, 0, NULL, 0),
	(2191, 528, 4, '2017-12-29 16:29:40', 1, '2017-12-29 16:29:40', 15, 0, 0, NULL, 0),
	(2192, 529, 4, '2017-12-30 16:29:41', 1, '2017-12-30 16:29:41', 19, 0, 0, NULL, 0),
	(2193, 526, 5, '2018-01-22 16:29:42', 1, '2018-01-22 16:29:42', 0, 1, 0, NULL, 0),
	(2194, 527, 5, '2018-01-16 16:29:43', 1, '2018-01-16 16:29:43', 17, 0, 0, NULL, 0),
	(2195, 528, 5, '2018-01-13 16:29:44', 1, '2018-01-13 16:29:44', 19, 0, 0, NULL, 0),
	(2196, 529, 5, '2018-01-18 16:29:45', 1, '2018-01-18 16:29:45', 18, 0, 0, NULL, 0),
	(2197, 527, 6, '2018-02-02 16:29:47', 1, '2018-02-02 16:29:47', 0, 1, 0, NULL, 0),
	(2198, 528, 6, '2018-02-01 16:29:48', 1, '2018-02-01 16:29:48', 0, 1, 0, NULL, 0),
	(2199, 529, 6, '2018-02-05 16:29:49', 1, '2018-02-05 16:29:49', 0, 1, 0, NULL, 0),
	(2200, 530, 1, '2017-11-22 16:29:53', 1, '2017-11-22 16:29:53', 0, 0, 0, NULL, 0),
	(2201, 530, 2, '2017-11-22 16:29:53', 1, '2017-11-22 16:29:53', 8, 0, 0, NULL, 0),
	(2202, 531, 1, '2017-11-22 16:29:53', 1, '2017-11-22 16:29:53', 0, 0, 0, NULL, 0),
	(2203, 531, 2, '2017-11-22 16:29:53', 1, '2017-11-22 16:29:53', 8, 0, 0, NULL, 0),
	(2204, 530, 3, '2017-11-30 16:29:55', 1, '2017-11-30 16:29:55', 30, 0, 0, NULL, 0),
	(2205, 531, 3, '2017-11-30 16:29:56', 1, '2017-11-30 16:29:56', 0, 1, 0, NULL, 0),
	(2206, 530, 4, '2017-12-30 16:29:57', 1, '2017-12-30 16:29:57', 15, 0, 0, NULL, 0),
	(2207, 530, 5, '2018-01-14 16:29:58', 1, '2018-01-14 16:29:58', 20, 0, 0, NULL, 0),
	(2208, 530, 6, '2018-02-03 16:29:59', 1, '2018-02-03 16:29:59', 0, 1, 0, NULL, 0),
	(2209, 532, 1, '2017-11-23 16:30:01', 1, '2017-11-23 16:30:01', 0, 0, 0, NULL, 0),
	(2210, 532, 2, '2017-11-23 16:30:01', 1, '2017-11-23 16:30:01', 7, 0, 0, NULL, 0),
	(2211, 533, 1, '2017-11-23 16:30:01', 1, '2017-11-23 16:30:01', 0, 0, 0, NULL, 0),
	(2212, 533, 2, '2017-11-23 16:30:01', 1, '2017-11-23 16:30:01', 6, 0, 0, NULL, 0),
	(2213, 534, 1, '2017-11-23 16:30:01', 1, '2017-11-23 16:30:01', 0, 0, 0, NULL, 0),
	(2214, 534, 2, '2017-11-23 16:30:01', 1, '2017-11-23 16:30:01', 7, 0, 0, NULL, 0),
	(2215, 535, 1, '2017-11-23 16:30:01', 1, '2017-11-23 16:30:01', 0, 0, 0, NULL, 0),
	(2216, 535, 2, '2017-11-23 16:30:01', 1, '2017-11-23 16:30:01', 8, 0, 0, NULL, 0),
	(2217, 532, 3, '2017-11-30 16:30:02', 1, '2017-11-30 16:30:02', 33, 0, 0, NULL, 0),
	(2218, 533, 3, '2017-11-29 16:30:04', 1, '2017-11-29 16:30:04', 31, 0, 0, NULL, 0),
	(2219, 534, 3, '2017-11-30 16:30:05', 1, '2017-11-30 16:30:05', 32, 0, 0, NULL, 0),
	(2220, 535, 3, '2017-12-01 16:30:06', 1, '2017-12-01 16:30:06', 31, 0, 0, NULL, 0),
	(2221, 532, 4, '2018-01-02 16:30:07', 1, '2018-01-02 16:30:07', 16, 0, 0, NULL, 0),
	(2222, 534, 4, '2018-01-01 16:30:08', 1, '2018-01-01 16:30:08', 18, 0, 0, NULL, 0),
	(2223, 535, 4, '2018-01-01 16:30:09', 1, '2018-01-01 16:30:09', 19, 0, 0, NULL, 0),
	(2224, 532, 5, '2018-01-18 16:30:10', 1, '2018-01-18 16:30:10', 16, 0, 0, NULL, 0),
	(2225, 534, 5, '2018-01-19 16:30:11', 1, '2018-01-19 16:30:11', 0, 1, 0, NULL, 0),
	(2226, 535, 5, '2018-01-20 16:30:12', 1, '2018-01-20 16:30:12', 16, 0, 0, NULL, 0),
	(2227, 533, 4, '2017-12-30 16:30:13', 3, '2017-12-18 16:41:15', 0, 1, 0, NULL, 0),
	(2228, 532, 6, '2018-02-03 16:30:14', 1, '2018-02-03 16:30:14', 0, 1, 0, NULL, 0),
	(2229, 535, 6, '2018-02-05 16:30:15', 1, '2018-02-05 16:30:15', 0, 1, 0, NULL, 0),
	(2230, 536, 1, '2017-11-24 16:30:20', 4, '2017-12-11 16:40:59', 0, 1, 0, NULL, 3),
	(2231, 536, 2, '2017-11-24 16:30:20', 1, '2017-11-24 16:30:20', 5, 0, 1, NULL, 0),
	(2232, 536, 3, '2017-11-29 16:30:21', 1, '2017-11-29 16:30:21', 12, 0, 1, NULL, 0),
	(2233, 537, 1, '2017-11-25 16:30:22', 4, '2017-12-11 16:41:16', 0, 1, 0, NULL, 4),
	(2234, 537, 2, '2017-11-25 16:30:22', 1, '2017-11-25 16:30:22', 5, 0, 1, NULL, 0),
	(2235, 538, 1, '2017-11-25 16:30:22', 1, '2017-11-25 16:30:22', 0, 0, 0, NULL, 0),
	(2236, 538, 2, '2017-11-25 16:30:22', 1, '2017-11-25 16:30:22', 10, 0, 0, NULL, 0),
	(2237, 537, 3, '2017-11-30 16:30:23', 1, '2017-11-30 16:30:23', 30, 0, 1, NULL, 0),
	(2238, 538, 3, '2017-12-05 16:30:24', 1, '2017-12-05 16:30:24', 33, 0, 0, NULL, 0),
	(2239, 537, 4, '2017-12-30 16:30:25', 1, '2017-12-30 16:30:25', -19, 0, 1, NULL, 0),
	(2240, 538, 4, '2018-01-07 16:30:26', 1, '2018-01-07 16:30:26', 15, 0, 0, NULL, 0),
	(2241, 538, 5, '2018-01-22 16:30:27', 1, '2018-01-22 16:30:27', 17, 0, 0, NULL, 0),
	(2242, 538, 6, '2018-02-08 16:30:28', 1, '2018-02-08 16:30:28', 0, 1, 0, NULL, 0),
	(2243, 539, 1, '2017-11-26 16:30:30', 1, '2017-11-26 16:30:30', 0, 0, 0, NULL, 0),
	(2244, 539, 2, '2017-11-26 16:30:30', 1, '2017-11-26 16:30:30', 9, 0, 0, NULL, 0),
	(2245, 540, 1, '2017-11-26 16:30:31', 1, '2017-11-26 16:30:31', 0, 0, 0, NULL, 0),
	(2246, 540, 2, '2017-11-26 16:30:31', 1, '2017-11-26 16:30:31', 8, 0, 0, NULL, 0),
	(2247, 541, 1, '2017-11-26 16:30:31', 1, '2017-11-26 16:30:31', 0, 0, 0, NULL, 0),
	(2248, 541, 2, '2017-11-26 16:30:31', 1, '2017-11-26 16:30:31', 7, 0, 0, NULL, 0),
	(2249, 539, 3, '2017-12-05 16:30:32', 5, '2017-12-28 16:41:17', 0, 1, 0, NULL, 0),
	(2250, 540, 3, '2017-12-04 16:30:33', 1, '2017-12-04 16:30:33', 31, 0, 0, NULL, 0),
	(2251, 541, 3, '2017-12-03 16:30:34', 1, '2017-12-03 16:30:34', 34, 0, 0, NULL, 0),
	(2252, 540, 4, '2018-01-04 16:30:35', 1, '2018-01-04 16:30:35', 16, 0, 0, NULL, 0),
	(2253, 541, 4, '2018-01-06 16:30:36', 1, '2018-01-06 16:30:36', 18, 0, 0, NULL, 0),
	(2254, 540, 5, '2018-01-20 16:30:37', 1, '2018-01-20 16:30:37', 0, 1, 0, NULL, 0),
	(2255, 541, 5, '2018-01-24 16:30:38', 1, '2018-01-24 16:30:38', 19, 0, 0, NULL, 0),
	(2256, 541, 6, '2018-02-12 16:30:39', 1, '2018-02-12 16:30:39', 0, 1, 0, NULL, 0),
	(2257, 542, 1, '2017-11-27 16:30:42', 1, '2017-11-27 16:30:42', 0, 0, 0, NULL, 0),
	(2258, 542, 2, '2017-11-27 16:30:42', 1, '2017-11-27 16:30:42', 8, 0, 0, NULL, 0),
	(2259, 543, 1, '2017-11-27 16:30:43', 1, '2017-11-27 16:30:43', 0, 0, 0, NULL, 0),
	(2260, 543, 2, '2017-11-27 16:30:43', 1, '2017-11-27 16:30:43', 8, 0, 0, NULL, 0),
	(2261, 542, 3, '2017-12-05 16:30:44', 1, '2017-12-05 16:30:44', 30, 0, 0, NULL, 0),
	(2262, 543, 3, '2017-12-05 16:30:45', 1, '2017-12-05 16:30:45', 31, 0, 0, NULL, 0),
	(2263, 542, 4, '2018-01-04 16:30:46', 1, '2018-01-04 16:30:46', 19, 0, 0, NULL, 0),
	(2264, 543, 4, '2018-01-05 16:30:47', 1, '2018-01-05 16:30:47', 17, 0, 0, NULL, 0),
	(2265, 542, 5, '2018-01-23 16:30:48', 1, '2018-01-23 16:30:48', 17, 0, 0, NULL, 0),
	(2266, 543, 5, '2018-01-22 16:30:49', 1, '2018-01-22 16:30:49', 19, 0, 0, NULL, 0),
	(2267, 542, 6, '2018-02-09 16:30:50', 1, '2018-02-09 16:30:50', 0, 1, 0, NULL, 0),
	(2268, 543, 6, '2018-02-10 16:30:51', 1, '2018-02-10 16:30:51', 0, 1, 0, NULL, 0),
	(2269, 544, 1, '2017-11-28 16:30:54', 1, '2017-11-28 16:30:54', 0, 0, 0, NULL, 0),
	(2270, 544, 2, '2017-11-28 16:30:54', 1, '2017-11-28 16:30:54', 7, 0, 0, NULL, 0),
	(2271, 544, 3, '2017-12-05 16:30:55', 1, '2017-12-05 16:30:55', 30, 0, 0, NULL, 0),
	(2272, 544, 4, '2018-01-04 16:30:56', 1, '2018-01-04 16:30:56', 15, 0, 0, NULL, 0),
	(2273, 544, 5, '2018-01-19 16:30:57', 1, '2018-01-19 16:30:57', 0, 1, 0, NULL, 0),
	(2274, 545, 1, '2017-11-29 16:30:58', 1, '2017-11-29 16:30:58', 0, 0, 0, NULL, 0),
	(2275, 545, 2, '2017-11-29 16:30:58', 1, '2017-11-29 16:30:58', 5, 0, 0, NULL, 0),
	(2276, 546, 1, '2017-11-29 16:30:58', 1, '2017-11-29 16:30:58', 0, 0, 0, NULL, 0),
	(2277, 546, 2, '2017-11-29 16:30:58', 1, '2017-11-29 16:30:58', 10, 0, 0, NULL, 0),
	(2278, 547, 1, '2017-11-29 16:30:58', 1, '2017-11-29 16:30:58', 0, 0, 0, NULL, 0),
	(2279, 547, 2, '2017-11-29 16:30:58', 1, '2017-11-29 16:30:58', 6, 0, 0, NULL, 0),
	(2280, 548, 1, '2017-11-29 16:30:58', 1, '2017-11-29 16:30:58', 0, 0, 0, NULL, 0),
	(2281, 548, 2, '2017-11-29 16:30:58', 1, '2017-11-29 16:30:58', 10, 0, 0, NULL, 0),
	(2282, 549, 1, '2017-11-29 16:30:58', 1, '2017-11-29 16:30:58', 0, 0, 0, NULL, 0),
	(2283, 549, 2, '2017-11-29 16:30:58', 1, '2017-11-29 16:30:58', 5, 0, 0, NULL, 0),
	(2284, 545, 3, '2017-12-04 16:30:59', 1, '2017-12-04 16:30:59', 31, 0, 0, NULL, 0),
	(2285, 546, 3, '2017-12-09 16:31:00', 1, '2017-12-09 16:31:00', 33, 0, 0, NULL, 0),
	(2286, 547, 3, '2017-12-05 16:31:01', 1, '2017-12-05 16:31:01', 30, 0, 0, NULL, 0),
	(2287, 548, 3, '2017-12-09 16:31:02', 1, '2017-12-09 16:31:02', 35, 0, 0, NULL, 0),
	(2288, 549, 3, '2017-12-04 16:31:04', 1, '2017-12-04 16:31:04', 34, 0, 0, NULL, 0),
	(2289, 545, 4, '2018-01-04 16:31:05', 1, '2018-01-04 16:31:05', 16, 0, 0, NULL, 0),
	(2290, 546, 4, '2018-01-11 16:31:06', 1, '2018-01-11 16:31:06', 17, 0, 0, NULL, 0),
	(2291, 547, 4, '2018-01-04 16:31:07', 1, '2018-01-04 16:31:07', 15, 0, 0, NULL, 0),
	(2292, 548, 4, '2018-01-13 16:31:08', 1, '2018-01-13 16:31:08', 18, 0, 0, NULL, 0),
	(2293, 549, 4, '2018-01-07 16:31:09', 1, '2018-01-07 16:31:09', 16, 0, 0, NULL, 0),
	(2294, 545, 5, '2018-01-20 16:31:10', 1, '2018-01-20 16:31:10', 18, 0, 0, NULL, 0),
	(2295, 546, 5, '2018-01-28 16:31:11', 1, '2018-01-28 16:31:11', 15, 0, 0, NULL, 0),
	(2296, 547, 5, '2018-01-19 16:31:12', 1, '2018-01-19 16:31:12', 16, 0, 0, NULL, 0),
	(2297, 548, 5, '2018-01-31 16:31:13', 1, '2018-01-31 16:31:13', 16, 0, 0, NULL, 0),
	(2298, 549, 5, '2018-01-23 16:31:14', 1, '2018-01-23 16:31:14', 16, 0, 0, NULL, 0),
	(2299, 545, 6, '2018-02-07 16:31:16', 1, '2018-02-07 16:31:16', 0, 1, 0, NULL, 0),
	(2300, 546, 6, '2018-02-12 16:31:17', 1, '2018-02-12 16:31:17', 0, 1, 0, NULL, 0),
	(2301, 547, 6, '2018-02-04 16:31:18', 1, '2018-02-04 16:31:18', 0, 1, 0, NULL, 0),
	(2302, 548, 6, '2018-02-16 16:31:19', 1, '2018-02-16 16:31:19', 0, 1, 0, NULL, 0),
	(2303, 549, 6, '2018-02-08 16:31:20', 1, '2018-02-08 16:31:20', 0, 1, 0, NULL, 0),
	(2304, 550, 1, '2017-11-30 16:31:25', 1, '2017-11-30 16:31:25', 0, 0, 0, NULL, 0),
	(2305, 550, 2, '2017-11-30 16:31:25', 1, '2017-11-30 16:31:25', 7, 0, 0, NULL, 0),
	(2306, 550, 3, '2017-12-07 16:31:26', 1, '2017-12-07 16:31:26', 34, 0, 0, NULL, 0),
	(2307, 550, 4, '2018-01-10 16:31:27', 1, '2018-01-10 16:31:27', 18, 0, 0, NULL, 0),
	(2308, 550, 5, '2018-01-28 16:31:28', 1, '2018-01-28 16:31:28', 17, 0, 0, NULL, 0),
	(2309, 550, 6, '2018-02-14 16:31:30', 1, '2018-02-14 16:31:30', 0, 1, 0, NULL, 0),
	(2310, 387, 5, '2017-11-06 16:31:37', 1, '2017-11-06 16:31:37', 0, 0, 0, NULL, 0),
	(2311, 387, 6, '2017-11-06 16:31:37', 1, '2017-11-06 16:31:37', 0, 0, 0, NULL, 0),
	(2312, 387, 7, '2017-11-06 16:31:37', 2, '2017-11-06 16:31:37', 0, 1, 0, NULL, 4),
	(2313, 412, 7, '2017-11-22 16:31:38', 2, '2017-11-22 16:31:38', 0, 1, 0, NULL, 6),
	(2314, 477, 5, '2017-11-24 16:31:39', 1, '2017-11-24 16:31:39', 0, 0, 0, NULL, 0),
	(2315, 477, 6, '2017-11-24 16:31:39', 1, '2017-11-24 16:31:39', 0, 0, 0, NULL, 0),
	(2316, 477, 7, '2017-11-24 16:31:39', 2, '2017-11-24 16:31:39', 0, 1, 0, NULL, 4),
	(2317, 402, 7, '2017-11-18 16:31:40', 2, '2017-11-18 16:31:40', 0, 1, 0, NULL, 6),
	(2318, 308, 7, '2017-11-10 16:31:41', 2, '2017-11-10 16:31:41', 0, 1, 0, NULL, 6),
	(2319, 418, 7, '2017-11-26 16:31:42', 2, '2017-11-26 16:31:42', 0, 1, 0, NULL, 6),
	(2320, 370, 6, '2017-11-05 16:31:43', 1, '2017-11-05 16:31:43', 0, 0, 0, NULL, 0),
	(2321, 370, 7, '2017-11-05 16:31:43', 2, '2017-11-05 16:31:43', 0, 1, 0, NULL, 5),
	(2322, 489, 4, '2017-11-27 16:31:44', 1, '2017-11-27 16:31:44', 0, 0, 0, NULL, 0),
	(2323, 489, 5, '2017-11-27 16:31:44', 1, '2017-11-27 16:31:44', 0, 0, 0, NULL, 0),
	(2324, 489, 6, '2017-11-27 16:31:44', 1, '2017-11-27 16:31:44', 0, 0, 0, NULL, 0),
	(2325, 489, 7, '2017-11-27 16:31:44', 2, '2017-11-27 16:31:44', 0, 1, 0, NULL, 3),
	(2326, 361, 7, '2017-11-15 16:31:52', 2, '2017-11-15 16:31:52', 0, 1, 0, NULL, 6),
	(2327, 362, 6, '2017-11-18 16:31:53', 1, '2017-11-18 16:31:53', 0, 0, 0, NULL, 0),
	(2328, 362, 7, '2017-11-18 16:31:53', 2, '2017-11-18 16:31:53', 0, 1, 0, NULL, 5),
	(2329, 406, 7, '2017-11-22 16:31:54', 2, '2017-11-22 16:31:54', 0, 1, 0, NULL, 6),
	(2330, 407, 7, '2017-11-21 16:31:55', 2, '2017-11-21 16:31:55', 0, 1, 0, NULL, 6),
	(2331, 408, 7, '2017-11-23 16:31:56', 2, '2017-11-23 16:31:56', 0, 1, 0, NULL, 6),
	(2332, 410, 7, '2017-11-24 16:31:57', 2, '2017-11-24 16:31:57', 0, 1, 0, NULL, 6),
	(2333, 419, 7, '2017-11-29 16:31:58', 2, '2017-11-29 16:31:58', 0, 1, 0, NULL, 6),
	(2334, 409, 7, '2017-11-23 16:32:05', 2, '2017-11-23 16:32:05', 0, 1, 0, NULL, 6),
	(2335, 413, 7, '2017-11-27 16:32:06', 2, '2017-11-27 16:32:06', 0, 1, 0, NULL, 6),
	(2336, 416, 7, '2017-11-28 16:32:07', 2, '2017-11-28 16:32:07', 0, 1, 0, NULL, 6),
	(2337, 417, 7, '2017-11-28 16:32:08', 2, '2017-11-28 16:32:08', 0, 1, 0, NULL, 6),
	(2338, 566, 1, '2017-12-02 16:33:14', 1, '2017-12-02 16:33:14', 0, 0, 0, NULL, 0),
	(2339, 566, 2, '2017-12-02 16:33:14', 1, '2017-12-02 16:33:14', 8, 0, 0, NULL, 0),
	(2340, 567, 1, '2017-12-02 16:33:14', 1, '2017-12-02 16:33:14', 0, 0, 0, NULL, 0),
	(2341, 567, 2, '2017-12-02 16:33:14', 1, '2017-12-02 16:33:14', 6, 0, 0, NULL, 0),
	(2342, 568, 1, '2017-12-02 16:33:14', 1, '2017-12-02 16:33:14', 0, 0, 0, NULL, 0),
	(2343, 568, 2, '2017-12-02 16:33:14', 1, '2017-12-02 16:33:14', 5, 0, 0, NULL, 0),
	(2344, 569, 1, '2017-12-02 16:33:14', 1, '2017-12-02 16:33:14', 0, 0, 0, NULL, 0),
	(2345, 569, 2, '2017-12-02 16:33:14', 1, '2017-12-02 16:33:14', 7, 0, 0, NULL, 0),
	(2346, 566, 3, '2017-12-10 16:33:15', 1, '2017-12-10 16:33:15', 33, 0, 0, NULL, 0),
	(2347, 567, 3, '2017-12-08 16:33:17', 1, '2017-12-08 16:33:17', 34, 0, 0, NULL, 0),
	(2348, 568, 3, '2017-12-07 16:33:18', 1, '2017-12-07 16:33:18', 33, 0, 0, NULL, 0),
	(2349, 569, 3, '2017-12-09 16:33:19', 1, '2017-12-09 16:33:19', 30, 0, 0, NULL, 0),
	(2350, 566, 4, '2018-01-12 16:33:20', 1, '2018-01-12 16:33:20', 18, 0, 0, NULL, 0),
	(2351, 567, 4, '2018-01-11 16:33:21', 1, '2018-01-11 16:33:21', 18, 0, 0, NULL, 0),
	(2352, 568, 4, '2018-01-09 16:33:22', 1, '2018-01-09 16:33:22', 17, 0, 0, NULL, 0),
	(2353, 569, 4, '2018-01-08 16:33:23', 1, '2018-01-08 16:33:23', 15, 0, 0, NULL, 0),
	(2354, 566, 5, '2018-01-30 16:33:25', 1, '2018-01-30 16:33:25', 17, 0, 0, NULL, 0),
	(2355, 567, 5, '2018-01-29 16:33:26', 1, '2018-01-29 16:33:26', 0, 1, 0, NULL, 0),
	(2356, 568, 5, '2018-01-26 16:33:27', 1, '2018-01-26 16:33:27', 0, 1, 0, NULL, 0),
	(2357, 569, 5, '2018-01-23 16:33:29', 1, '2018-01-23 16:33:29', 15, 0, 0, NULL, 0),
	(2358, 566, 6, '2018-02-16 16:33:30', 1, '2018-02-16 16:33:30', 0, 1, 0, NULL, 0),
	(2359, 569, 6, '2018-02-07 16:33:31', 1, '2018-02-07 16:33:31', 0, 1, 0, NULL, 0),
	(2360, 570, 1, '2017-12-03 16:33:35', 1, '2017-12-03 16:33:35', 0, 0, 0, NULL, 0),
	(2361, 570, 2, '2017-12-03 16:33:35', 1, '2017-12-03 16:33:35', 8, 0, 0, NULL, 0),
	(2362, 571, 1, '2017-12-03 16:33:36', 1, '2017-12-03 16:33:36', 0, 0, 0, NULL, 0),
	(2363, 571, 2, '2017-12-03 16:33:36', 1, '2017-12-03 16:33:36', 8, 0, 0, NULL, 0),
	(2364, 572, 1, '2017-12-03 16:33:36', 1, '2017-12-03 16:33:36', 0, 0, 0, NULL, 0),
	(2365, 572, 2, '2017-12-03 16:33:36', 1, '2017-12-03 16:33:36', 7, 0, 0, NULL, 0),
	(2366, 573, 1, '2017-12-03 16:33:36', 1, '2017-12-03 16:33:36', 0, 0, 0, NULL, 0),
	(2367, 573, 2, '2017-12-03 16:33:36', 1, '2017-12-03 16:33:36', 8, 0, 0, NULL, 0),
	(2368, 574, 1, '2017-12-03 16:33:36', 1, '2017-12-03 16:33:36', 0, 0, 0, NULL, 0),
	(2369, 574, 2, '2017-12-03 16:33:36', 1, '2017-12-03 16:33:36', 6, 0, 0, NULL, 0),
	(2370, 570, 3, '2017-12-11 16:33:37', 1, '2017-12-11 16:33:37', 35, 0, 0, NULL, 0),
	(2371, 571, 3, '2017-12-11 16:33:38', 1, '2017-12-11 16:33:38', 33, 0, 0, NULL, 0),
	(2372, 572, 3, '2017-12-10 16:33:39', 1, '2017-12-10 16:33:39', 30, 0, 0, NULL, 0),
	(2373, 573, 3, '2017-12-11 16:33:40', 1, '2017-12-11 16:33:40', 31, 0, 0, NULL, 0),
	(2374, 574, 3, '2017-12-09 16:33:41', 1, '2017-12-09 16:33:41', 33, 0, 0, NULL, 0),
	(2375, 570, 4, '2018-01-15 16:33:43', 1, '2018-01-15 16:33:43', 15, 0, 0, NULL, 0),
	(2376, 571, 4, '2018-01-13 16:33:45', 1, '2018-01-13 16:33:45', 19, 0, 0, NULL, 0),
	(2377, 572, 4, '2018-01-09 16:33:46', 1, '2018-01-09 16:33:46', 16, 0, 0, NULL, 0),
	(2378, 573, 4, '2018-01-11 16:33:47', 1, '2018-01-11 16:33:47', 18, 0, 0, NULL, 0),
	(2379, 574, 4, '2018-01-11 16:33:48', 1, '2018-01-11 16:33:48', 17, 0, 0, NULL, 0),
	(2380, 571, 5, '2018-02-01 16:33:50', 1, '2018-02-01 16:33:50', 15, 0, 0, NULL, 0),
	(2381, 572, 5, '2018-01-25 16:33:51', 1, '2018-01-25 16:33:51', 19, 0, 0, NULL, 0),
	(2382, 573, 5, '2018-01-29 16:33:52', 1, '2018-01-29 16:33:52', 17, 0, 0, NULL, 0),
	(2383, 574, 5, '2018-01-28 16:33:53', 1, '2018-01-28 16:33:53', 0, 1, 0, NULL, 0),
	(2384, 571, 6, '2018-02-16 16:33:54', 1, '2018-02-16 16:33:54', 0, 1, 0, NULL, 0),
	(2385, 572, 6, '2018-02-13 16:33:56', 1, '2018-02-13 16:33:56', 0, 1, 0, NULL, 0),
	(2386, 573, 6, '2018-02-15 16:33:57', 1, '2018-02-15 16:33:57', 0, 1, 0, NULL, 0),
	(2387, 570, 5, '2018-01-30 16:34:02', 1, '2018-01-30 16:34:02', 0, 1, 0, NULL, 0),
	(2388, 575, 1, '2017-12-04 16:34:03', 1, '2017-12-04 16:34:03', 0, 0, 0, NULL, 0),
	(2389, 575, 2, '2017-12-04 16:34:03', 1, '2017-12-04 16:34:03', 7, 0, 0, NULL, 0),
	(2390, 576, 1, '2017-12-04 16:34:03', 1, '2017-12-04 16:34:03', 0, 0, 0, NULL, 0),
	(2391, 576, 2, '2017-12-04 16:34:03', 1, '2017-12-04 16:34:03', 8, 0, 0, NULL, 0),
	(2392, 575, 3, '2017-12-11 16:34:04', 1, '2017-12-11 16:34:04', 33, 0, 0, NULL, 0),
	(2393, 576, 3, '2017-12-12 16:34:06', 1, '2017-12-12 16:34:06', 33, 0, 0, NULL, 0),
	(2394, 575, 4, '2018-01-13 16:34:07', 1, '2018-01-13 16:34:07', 18, 0, 0, NULL, 0),
	(2395, 576, 4, '2018-01-14 16:34:08', 1, '2018-01-14 16:34:08', 16, 0, 0, NULL, 0),
	(2396, 575, 5, '2018-01-31 16:34:09', 1, '2018-01-31 16:34:09', 16, 0, 0, NULL, 0),
	(2397, 576, 5, '2018-01-30 16:34:10', 1, '2018-01-30 16:34:10', 16, 0, 0, NULL, 0),
	(2398, 575, 6, '2018-02-16 16:34:11', 1, '2018-02-16 16:34:11', 0, 1, 0, NULL, 0),
	(2399, 576, 6, '2018-02-15 16:34:12', 1, '2018-02-15 16:34:12', 0, 1, 0, NULL, 0),
	(2400, 577, 1, '2017-12-05 16:34:15', 1, '2017-12-05 16:34:15', 0, 0, 0, NULL, 0),
	(2401, 577, 2, '2017-12-05 16:34:15', 1, '2017-12-05 16:34:15', 7, 0, 0, NULL, 0),
	(2402, 578, 1, '2017-12-05 16:34:15', 1, '2017-12-05 16:34:15', 0, 0, 0, NULL, 0),
	(2403, 578, 2, '2017-12-05 16:34:15', 1, '2017-12-05 16:34:15', 10, 0, 0, NULL, 0),
	(2404, 577, 3, '2017-12-12 16:34:16', 1, '2017-12-12 16:34:16', 31, 0, 0, NULL, 0),
	(2405, 578, 3, '2017-12-15 16:34:17', 1, '2017-12-15 16:34:17', 31, 0, 0, NULL, 0),
	(2406, 577, 4, '2018-01-12 16:34:18', 1, '2018-01-12 16:34:18', 17, 0, 0, NULL, 0),
	(2407, 578, 4, '2018-01-15 16:34:19', 1, '2018-01-15 16:34:19', 15, 0, 0, NULL, 0),
	(2408, 577, 5, '2018-01-29 16:34:20', 1, '2018-01-29 16:34:20', 0, 1, 0, NULL, 0),
	(2409, 578, 5, '2018-01-30 16:34:22', 1, '2018-01-30 16:34:22', 0, 1, 0, NULL, 0),
	(2410, 579, 1, '2017-12-06 16:34:23', 1, '2017-12-06 16:34:23', 0, 0, 0, NULL, 0),
	(2411, 579, 2, '2017-12-06 16:34:23', 1, '2017-12-06 16:34:23', 5, 0, 0, NULL, 0),
	(2412, 579, 3, '2017-12-11 16:34:24', 1, '2017-12-11 16:34:24', 33, 0, 0, NULL, 0),
	(2413, 579, 4, '2018-01-13 16:34:25', 1, '2018-01-13 16:34:25', 16, 0, 0, NULL, 0),
	(2414, 579, 5, '2018-01-29 16:34:27', 1, '2018-01-29 16:34:27', 15, 0, 0, NULL, 0),
	(2415, 579, 6, '2018-02-13 16:34:28', 1, '2018-02-13 16:34:28', 0, 1, 0, NULL, 0),
	(2416, 580, 1, '2017-12-07 16:34:29', 1, '2017-12-07 16:34:29', 0, 0, 0, NULL, 0),
	(2417, 580, 2, '2017-12-07 16:34:29', 1, '2017-12-07 16:34:29', 6, 0, 0, NULL, 0),
	(2418, 581, 1, '2017-12-07 16:34:29', 1, '2017-12-07 16:34:29', 0, 0, 0, NULL, 0),
	(2419, 581, 2, '2017-12-07 16:34:29', 1, '2017-12-07 16:34:29', 8, 0, 0, NULL, 0),
	(2420, 582, 1, '2017-12-07 16:34:29', 1, '2017-12-07 16:34:29', 0, 0, 0, NULL, 0),
	(2421, 582, 2, '2017-12-07 16:34:29', 1, '2017-12-07 16:34:29', 5, 0, 0, NULL, 0),
	(2422, 583, 1, '2017-12-07 16:34:29', 1, '2017-12-07 16:34:29', 0, 0, 0, NULL, 0),
	(2423, 583, 2, '2017-12-07 16:34:29', 1, '2017-12-07 16:34:29', 6, 0, 0, NULL, 0),
	(2424, 584, 1, '2017-12-07 16:34:29', 1, '2017-12-07 16:34:29', 0, 0, 0, NULL, 0),
	(2425, 584, 2, '2017-12-07 16:34:29', 1, '2017-12-07 16:34:29', 8, 0, 0, NULL, 0),
	(2426, 585, 1, '2017-12-07 16:34:29', 1, '2017-12-07 16:34:29', 0, 0, 0, NULL, 0),
	(2427, 585, 2, '2017-12-07 16:34:29', 1, '2017-12-07 16:34:29', 5, 0, 0, NULL, 0),
	(2428, 580, 3, '2017-12-13 16:34:30', 1, '2017-12-13 16:34:30', 31, 0, 0, NULL, 0),
	(2429, 581, 3, '2017-12-15 16:34:31', 1, '2017-12-15 16:34:31', 34, 0, 0, NULL, 0),
	(2430, 582, 3, '2017-12-12 16:34:32', 1, '2017-12-12 16:34:32', 30, 0, 0, NULL, 0),
	(2431, 583, 3, '2017-12-13 16:34:33', 1, '2017-12-13 16:34:33', 33, 0, 0, NULL, 0),
	(2432, 584, 3, '2017-12-15 16:34:34', 1, '2017-12-15 16:34:34', 30, 0, 0, NULL, 0),
	(2433, 585, 3, '2017-12-12 16:34:35', 1, '2017-12-12 16:34:35', 31, 0, 0, NULL, 0),
	(2434, 580, 4, '2018-01-13 16:34:37', 1, '2018-01-13 16:34:37', 16, 0, 0, NULL, 0),
	(2435, 581, 4, '2018-01-18 16:34:38', 1, '2018-01-18 16:34:38', 18, 0, 0, NULL, 0),
	(2436, 582, 4, '2018-01-11 16:34:39', 1, '2018-01-11 16:34:39', 20, 0, 0, NULL, 0),
	(2437, 583, 4, '2018-01-15 16:34:40', 1, '2018-01-15 16:34:40', 15, 0, 0, NULL, 0),
	(2438, 584, 4, '2018-01-14 16:34:41', 1, '2018-01-14 16:34:41', 18, 0, 0, NULL, 0),
	(2439, 585, 4, '2018-01-12 16:34:42', 1, '2018-01-12 16:34:42', 20, 0, 0, NULL, 0),
	(2440, 580, 5, '2018-01-29 16:34:43', 1, '2018-01-29 16:34:43', 0, 1, 0, NULL, 0),
	(2441, 581, 5, '2018-02-05 16:34:44', 1, '2018-02-05 16:34:44', 20, 0, 0, NULL, 0),
	(2442, 582, 5, '2018-01-31 16:34:45', 1, '2018-01-31 16:34:45', 16, 0, 0, NULL, 0),
	(2443, 583, 5, '2018-01-30 16:34:46', 1, '2018-01-30 16:34:46', 0, 1, 0, NULL, 0),
	(2444, 584, 5, '2018-02-01 16:34:48', 1, '2018-02-01 16:34:48', 17, 0, 0, NULL, 0),
	(2445, 585, 5, '2018-02-01 16:34:49', 1, '2018-02-01 16:34:49', 20, 0, 0, NULL, 0),
	(2446, 581, 6, '2018-02-25 16:34:50', 1, '2018-02-25 16:34:50', 0, 1, 0, NULL, 0),
	(2447, 582, 6, '2018-02-16 16:34:51', 1, '2018-02-16 16:34:51', 0, 1, 0, NULL, 0),
	(2448, 584, 6, '2018-02-18 16:34:52', 1, '2018-02-18 16:34:52', 0, 1, 0, NULL, 0),
	(2449, 585, 6, '2018-02-21 16:34:53', 1, '2018-02-21 16:34:53', 0, 1, 0, NULL, 0),
	(2450, 586, 1, '2017-12-08 16:35:00', 1, '2017-12-08 16:35:00', 0, 0, 0, NULL, 0),
	(2451, 586, 2, '2017-12-08 16:35:00', 1, '2017-12-08 16:35:00', 10, 0, 0, NULL, 0),
	(2452, 587, 1, '2017-12-08 16:35:00', 1, '2017-12-08 16:35:00', 0, 0, 0, NULL, 0),
	(2453, 587, 2, '2017-12-08 16:35:00', 1, '2017-12-08 16:35:00', 6, 0, 0, NULL, 0),
	(2454, 588, 1, '2017-12-08 16:35:00', 1, '2017-12-08 16:35:00', 0, 0, 0, NULL, 0),
	(2455, 588, 2, '2017-12-08 16:35:00', 1, '2017-12-08 16:35:00', 7, 0, 0, NULL, 0),
	(2456, 586, 3, '2017-12-18 16:35:01', 1, '2017-12-18 16:35:01', 33, 0, 0, NULL, 0),
	(2457, 587, 3, '2017-12-14 16:35:02', 1, '2017-12-14 16:35:02', 32, 0, 0, NULL, 0),
	(2458, 588, 3, '2017-12-15 16:35:03', 1, '2017-12-15 16:35:03', 35, 0, 0, NULL, 0),
	(2459, 586, 4, '2018-01-20 16:35:04', 1, '2018-01-20 16:35:04', 19, 0, 0, NULL, 0),
	(2460, 587, 4, '2018-01-15 16:35:06', 1, '2018-01-15 16:35:06', 19, 0, 0, NULL, 0),
	(2461, 588, 4, '2018-01-19 16:35:07', 1, '2018-01-19 16:35:07', 0, 1, 0, NULL, 0),
	(2462, 586, 5, '2018-02-08 16:35:08', 1, '2018-02-08 16:35:08', 15, 0, 0, NULL, 0),
	(2463, 587, 5, '2018-02-03 16:35:09', 1, '2018-02-03 16:35:09', 19, 0, 0, NULL, 0),
	(2464, 586, 6, '2018-02-23 16:35:10', 1, '2018-02-23 16:35:10', 0, 1, 0, NULL, 0),
	(2465, 587, 6, '2018-02-22 16:35:11', 1, '2018-02-22 16:35:11', 0, 1, 0, NULL, 0),
	(2466, 589, 1, '2017-12-09 16:35:15', 1, '2017-12-09 16:35:15', 0, 0, 0, NULL, 0),
	(2467, 589, 2, '2017-12-09 16:35:15', 1, '2017-12-09 16:35:15', 10, 0, 0, NULL, 0),
	(2468, 590, 1, '2017-12-09 16:35:16', 1, '2017-12-09 16:35:16', 0, 0, 0, NULL, 0),
	(2469, 590, 2, '2017-12-09 16:35:16', 1, '2017-12-09 16:35:16', 5, 0, 0, NULL, 0),
	(2470, 591, 1, '2017-12-09 16:35:16', 1, '2017-12-09 16:35:16', 0, 0, 0, NULL, 0),
	(2471, 591, 2, '2017-12-09 16:35:16', 1, '2017-12-09 16:35:16', 8, 0, 0, NULL, 0),
	(2472, 592, 1, '2017-12-09 16:35:16', 1, '2017-12-09 16:35:16', 0, 0, 0, NULL, 0),
	(2473, 592, 2, '2017-12-09 16:35:16', 1, '2017-12-09 16:35:16', 9, 0, 0, NULL, 0),
	(2474, 589, 3, '2017-12-19 16:35:17', 1, '2017-12-19 16:35:17', 33, 0, 0, NULL, 0),
	(2475, 590, 3, '2017-12-14 16:35:18', 1, '2017-12-14 16:35:18', 31, 0, 0, NULL, 0),
	(2476, 591, 3, '2017-12-17 16:35:19', 1, '2017-12-17 16:35:19', 33, 0, 0, NULL, 0),
	(2477, 592, 3, '2017-12-18 16:35:21', 1, '2017-12-18 16:35:21', 32, 0, 0, NULL, 0),
	(2478, 589, 4, '2018-01-21 16:35:22', 1, '2018-01-21 16:35:22', 17, 0, 0, NULL, 0),
	(2479, 590, 4, '2018-01-14 16:35:23', 1, '2018-01-14 16:35:23', 17, 0, 0, NULL, 0),
	(2480, 591, 4, '2018-01-19 16:35:24', 1, '2018-01-19 16:35:24', 17, 0, 0, NULL, 0),
	(2481, 592, 4, '2018-01-19 16:35:25', 1, '2018-01-19 16:35:25', 19, 0, 0, NULL, 0),
	(2482, 589, 5, '2018-02-07 16:35:26', 1, '2018-02-07 16:35:26', 15, 0, 0, NULL, 0),
	(2483, 590, 5, '2018-01-31 16:35:27', 1, '2018-01-31 16:35:27', 16, 0, 0, NULL, 0),
	(2484, 591, 5, '2018-02-05 16:35:28', 1, '2018-02-05 16:35:28', 20, 0, 0, NULL, 0),
	(2485, 592, 5, '2018-02-07 16:35:29', 1, '2018-02-07 16:35:29', 17, 0, 0, NULL, 0),
	(2486, 589, 6, '2018-02-22 16:35:30', 1, '2018-02-22 16:35:30', 0, 1, 0, NULL, 0),
	(2487, 590, 6, '2018-02-16 16:35:31', 1, '2018-02-16 16:35:31', 0, 1, 0, NULL, 0),
	(2488, 591, 6, '2018-02-25 16:35:33', 1, '2018-02-25 16:35:33', 0, 1, 0, NULL, 0),
	(2489, 592, 6, '2018-02-24 16:35:34', 1, '2018-02-24 16:35:34', 0, 1, 0, NULL, 0),
	(2490, 593, 1, '2017-12-10 16:35:38', 1, '2017-12-10 16:35:38', 0, 0, 0, NULL, 0),
	(2491, 593, 2, '2017-12-10 16:35:38', 1, '2017-12-10 16:35:38', 8, 0, 0, NULL, 0),
	(2492, 594, 1, '2017-12-10 16:35:38', 1, '2017-12-10 16:35:38', 0, 0, 0, NULL, 0),
	(2493, 594, 2, '2017-12-10 16:35:38', 1, '2017-12-10 16:35:38', 8, 0, 0, NULL, 0),
	(2494, 593, 3, '2017-12-18 16:35:39', 1, '2017-12-18 16:35:39', 34, 0, 0, NULL, 0),
	(2495, 594, 3, '2017-12-18 16:35:40', 1, '2017-12-18 16:35:40', 31, 0, 0, NULL, 0),
	(2496, 593, 4, '2018-01-21 16:35:41', 1, '2018-01-21 16:35:41', 0, 1, 0, NULL, 0),
	(2497, 594, 4, '2018-01-18 16:35:42', 1, '2018-01-18 16:35:42', 18, 0, 0, NULL, 0),
	(2498, 594, 5, '2018-02-05 16:35:43', 1, '2018-02-05 16:35:43', 17, 0, 0, NULL, 0),
	(2499, 594, 6, '2018-02-22 16:35:45', 1, '2018-02-22 16:35:45', 0, 1, 0, NULL, 0),
	(2500, 595, 1, '2017-12-11 16:35:47', 1, '2017-12-11 16:35:47', 0, 0, 0, NULL, 0),
	(2501, 595, 2, '2017-12-11 16:35:47', 1, '2017-12-11 16:35:47', 5, 0, 0, NULL, 0),
	(2502, 596, 1, '2017-12-11 16:35:47', 1, '2017-12-11 16:35:47', 0, 0, 0, NULL, 0),
	(2503, 596, 2, '2017-12-11 16:35:47', 1, '2017-12-11 16:35:47', 9, 0, 0, NULL, 0),
	(2504, 597, 1, '2017-12-11 16:35:47', 1, '2017-12-11 16:35:47', 0, 0, 0, NULL, 0),
	(2505, 597, 2, '2017-12-11 16:35:47', 1, '2017-12-11 16:35:47', 9, 0, 0, NULL, 0),
	(2506, 598, 1, '2017-12-11 16:35:47', 1, '2017-12-11 16:35:47', 0, 0, 0, NULL, 0),
	(2507, 598, 2, '2017-12-11 16:35:47', 1, '2017-12-11 16:35:47', 8, 0, 0, NULL, 0),
	(2508, 595, 3, '2017-12-16 16:35:48', 1, '2017-12-16 16:35:48', 30, 0, 0, NULL, 0),
	(2509, 596, 3, '2017-12-20 16:35:49', 1, '2017-12-20 16:35:49', 35, 0, 0, NULL, 0),
	(2510, 597, 3, '2017-12-20 16:35:51', 1, '2017-12-20 16:35:51', 35, 0, 0, NULL, 0),
	(2511, 598, 3, '2017-12-19 16:35:52', 1, '2017-12-19 16:35:52', 35, 0, 0, NULL, 0),
	(2512, 595, 4, '2018-01-15 16:35:53', 1, '2018-01-15 16:35:53', 17, 0, 0, NULL, 0),
	(2513, 596, 4, '2018-01-24 16:35:55', 1, '2018-01-24 16:35:55', 20, 0, 0, NULL, 0),
	(2514, 597, 4, '2018-01-24 16:35:56', 1, '2018-01-24 16:35:56', 15, 0, 0, NULL, 0),
	(2515, 598, 4, '2018-01-23 16:35:57', 1, '2018-01-23 16:35:57', 0, 1, 0, NULL, 0),
	(2516, 595, 5, '2018-02-01 16:35:58', 1, '2018-02-01 16:35:58', 17, 0, 0, NULL, 0),
	(2517, 596, 5, '2018-02-13 16:35:59', 1, '2018-02-13 16:35:59', 15, 0, 0, NULL, 0),
	(2518, 597, 5, '2018-02-08 16:36:00', 1, '2018-02-08 16:36:00', 15, 0, 0, NULL, 0),
	(2519, 595, 6, '2018-02-18 16:36:02', 1, '2018-02-18 16:36:02', 0, 1, 0, NULL, 0),
	(2520, 597, 6, '2018-02-23 16:36:03', 1, '2018-02-23 16:36:03', 0, 1, 0, NULL, 0),
	(2521, 596, 6, '2018-02-28 16:36:06', 1, '2018-02-28 16:36:06', 0, 1, 0, NULL, 0),
	(2522, 599, 1, '2017-12-13 16:36:08', 1, '2017-12-13 16:36:08', 0, 0, 0, NULL, 0),
	(2523, 599, 2, '2017-12-13 16:36:08', 1, '2017-12-13 16:36:08', 10, 0, 0, NULL, 0),
	(2524, 600, 1, '2017-12-13 16:36:08', 1, '2017-12-13 16:36:08', 0, 0, 0, NULL, 0),
	(2525, 600, 2, '2017-12-13 16:36:08', 1, '2017-12-13 16:36:08', 10, 0, 0, NULL, 0),
	(2526, 601, 1, '2017-12-13 16:36:08', 1, '2017-12-13 16:36:08', 0, 0, 0, NULL, 0),
	(2527, 601, 2, '2017-12-13 16:36:08', 1, '2017-12-13 16:36:08', 7, 0, 0, NULL, 0),
	(2528, 602, 1, '2017-12-13 16:36:08', 1, '2017-12-13 16:36:08', 0, 0, 0, NULL, 0),
	(2529, 602, 2, '2017-12-13 16:36:08', 1, '2017-12-13 16:36:08', 8, 0, 0, NULL, 0),
	(2530, 603, 1, '2017-12-13 16:36:08', 1, '2017-12-13 16:36:08', 0, 0, 0, NULL, 0),
	(2531, 603, 2, '2017-12-13 16:36:08', 1, '2017-12-13 16:36:08', 7, 0, 0, NULL, 0),
	(2532, 599, 3, '2017-12-23 16:36:09', 1, '2017-12-23 16:36:09', 32, 0, 0, NULL, 0),
	(2533, 600, 3, '2017-12-23 16:36:11', 1, '2017-12-23 16:36:11', 33, 0, 0, NULL, 0),
	(2534, 601, 3, '2017-12-20 16:36:12', 1, '2017-12-20 16:36:12', 30, 0, 0, NULL, 0),
	(2535, 602, 3, '2017-12-21 16:36:13', 1, '2017-12-21 16:36:13', 31, 0, 0, NULL, 0),
	(2536, 603, 3, '2017-12-20 16:36:14', 1, '2017-12-20 16:36:14', 32, 0, 0, NULL, 0),
	(2537, 599, 4, '2018-01-24 16:36:15', 1, '2018-01-24 16:36:15', 16, 0, 0, NULL, 0),
	(2538, 600, 4, '2018-01-25 16:36:16', 1, '2018-01-25 16:36:16', 15, 0, 0, NULL, 0),
	(2539, 601, 4, '2018-01-19 16:36:17', 1, '2018-01-19 16:36:17', 0, 1, 0, NULL, 0),
	(2540, 602, 4, '2018-01-21 16:36:18', 1, '2018-01-21 16:36:18', 20, 0, 0, NULL, 0),
	(2541, 603, 4, '2018-01-21 16:36:19', 1, '2018-01-21 16:36:19', 0, 1, 0, NULL, 0),
	(2542, 599, 5, '2018-02-09 16:36:20', 1, '2018-02-09 16:36:20', 18, 0, 0, NULL, 0),
	(2543, 600, 5, '2018-02-09 16:36:22', 1, '2018-02-09 16:36:22', 15, 0, 0, NULL, 0),
	(2544, 602, 5, '2018-02-10 16:36:23', 1, '2018-02-10 16:36:23', 15, 0, 0, NULL, 0),
	(2545, 599, 6, '2018-02-27 16:36:24', 1, '2018-02-27 16:36:24', 0, 1, 0, NULL, 0),
	(2546, 602, 6, '2018-02-25 16:36:25', 1, '2018-02-25 16:36:25', 0, 1, 0, NULL, 0),
	(2547, 600, 6, '2018-02-24 16:36:26', 1, '2018-02-24 16:36:26', 0, 1, 0, NULL, 0),
	(2548, 604, 1, '2017-12-14 16:36:31', 1, '2017-12-14 16:36:31', 0, 0, 0, NULL, 0),
	(2549, 604, 2, '2017-12-14 16:36:31', 1, '2017-12-14 16:36:31', 9, 0, 0, NULL, 0),
	(2550, 604, 3, '2017-12-23 16:36:33', 1, '2017-12-23 16:36:33', 32, 0, 0, NULL, 0),
	(2551, 604, 4, '2018-01-24 16:36:34', 1, '2018-01-24 16:36:34', 15, 0, 0, NULL, 0),
	(2552, 604, 5, '2018-02-08 16:36:35', 1, '2018-02-08 16:36:35', 16, 0, 0, NULL, 0),
	(2553, 604, 6, '2018-02-24 16:36:36', 1, '2018-02-24 16:36:36', 0, 1, 0, NULL, 0),
	(2554, 605, 1, '2017-12-15 16:36:38', 1, '2017-12-15 16:36:38', 0, 0, 0, NULL, 0),
	(2555, 605, 2, '2017-12-15 16:36:38', 1, '2017-12-15 16:36:38', 6, 0, 0, NULL, 0),
	(2556, 606, 1, '2017-12-15 16:36:38', 1, '2017-12-15 16:36:38', 0, 0, 0, NULL, 0),
	(2557, 606, 2, '2017-12-15 16:36:38', 1, '2017-12-15 16:36:38', 5, 0, 0, NULL, 0),
	(2558, 607, 1, '2017-12-15 16:36:38', 1, '2017-12-15 16:36:38', 0, 0, 0, NULL, 0),
	(2559, 607, 2, '2017-12-15 16:36:38', 1, '2017-12-15 16:36:38', 10, 0, 0, NULL, 0),
	(2560, 608, 1, '2017-12-15 16:36:38', 1, '2017-12-15 16:36:38', 0, 0, 0, NULL, 0),
	(2561, 608, 2, '2017-12-15 16:36:38', 1, '2017-12-15 16:36:38', 6, 0, 0, NULL, 0),
	(2562, 605, 3, '2017-12-21 16:36:39', 1, '2017-12-21 16:36:39', 31, 0, 0, NULL, 0),
	(2563, 606, 3, '2017-12-20 16:36:40', 1, '2017-12-20 16:36:40', 32, 0, 0, NULL, 0),
	(2564, 607, 3, '2017-12-25 16:36:41', 1, '2017-12-25 16:36:41', 32, 0, 0, NULL, 0),
	(2565, 608, 3, '2017-12-21 16:36:43', 1, '2017-12-21 16:36:43', 30, 0, 0, NULL, 0),
	(2566, 605, 4, '2018-01-21 16:36:44', 1, '2018-01-21 16:36:44', 18, 0, 0, NULL, 0),
	(2567, 606, 4, '2018-01-21 16:36:45', 1, '2018-01-21 16:36:45', 17, 0, 0, NULL, 0),
	(2568, 607, 4, '2018-01-26 16:36:46', 1, '2018-01-26 16:36:46', 16, 0, 0, NULL, 0),
	(2569, 608, 4, '2018-01-20 16:36:47', 1, '2018-01-20 16:36:47', 0, 1, 0, NULL, 0),
	(2570, 605, 5, '2018-02-08 16:36:48', 1, '2018-02-08 16:36:48', 16, 0, 0, NULL, 0),
	(2571, 606, 5, '2018-02-07 16:36:49', 1, '2018-02-07 16:36:49', 16, 0, 0, NULL, 0),
	(2572, 607, 5, '2018-02-11 16:36:50', 1, '2018-02-11 16:36:50', 15, 0, 0, NULL, 0),
	(2573, 605, 6, '2018-02-24 16:36:51', 1, '2018-02-24 16:36:51', 0, 1, 0, NULL, 0),
	(2574, 606, 6, '2018-02-23 16:36:53', 1, '2018-02-23 16:36:53', 0, 1, 0, NULL, 0),
	(2575, 607, 6, '2018-02-26 16:36:54', 1, '2018-02-26 16:36:54', 0, 1, 0, NULL, 0),
	(2576, 609, 1, '2017-12-16 16:36:58', 1, '2017-12-16 16:36:58', 0, 0, 0, NULL, 0),
	(2577, 609, 2, '2017-12-16 16:36:58', 1, '2017-12-16 16:36:58', 6, 0, 0, NULL, 0),
	(2578, 610, 1, '2017-12-16 16:36:58', 1, '2017-12-16 16:36:58', 0, 0, 0, NULL, 0),
	(2579, 610, 2, '2017-12-16 16:36:58', 1, '2017-12-16 16:36:58', 6, 0, 0, NULL, 0),
	(2580, 611, 1, '2017-12-16 16:36:58', 1, '2017-12-16 16:36:58', 0, 0, 0, NULL, 0),
	(2581, 611, 2, '2017-12-16 16:36:58', 1, '2017-12-16 16:36:58', 7, 0, 0, NULL, 0),
	(2582, 609, 3, '2017-12-22 16:36:59', 1, '2017-12-22 16:36:59', 35, 0, 0, NULL, 0),
	(2583, 610, 3, '2017-12-22 16:37:01', 1, '2017-12-22 16:37:01', 34, 0, 0, NULL, 0),
	(2584, 611, 3, '2017-12-23 16:37:02', 1, '2017-12-23 16:37:02', 32, 0, 0, NULL, 0),
	(2585, 609, 4, '2018-01-26 16:37:03', 1, '2018-01-26 16:37:03', 18, 0, 0, NULL, 0),
	(2586, 610, 4, '2018-01-25 16:37:04', 1, '2018-01-25 16:37:04', 0, 1, 0, NULL, 0),
	(2587, 611, 4, '2018-01-24 16:37:05', 1, '2018-01-24 16:37:05', 16, 0, 0, NULL, 0),
	(2588, 609, 5, '2018-02-13 16:37:06', 1, '2018-02-13 16:37:06', 15, 0, 0, NULL, 0),
	(2589, 611, 5, '2018-02-09 16:37:07', 1, '2018-02-09 16:37:07', 18, 0, 0, NULL, 0),
	(2590, 611, 6, '2018-02-27 16:37:08', 1, '2018-02-27 16:37:08', 0, 1, 0, NULL, 0),
	(2591, 609, 6, '2018-02-28 16:37:11', 1, '2018-02-28 16:37:11', 0, 1, 0, NULL, 0),
	(2592, 612, 1, '2017-12-17 16:37:13', 1, '2017-12-17 16:37:13', 0, 0, 0, NULL, 0),
	(2593, 612, 2, '2017-12-17 16:37:13', 1, '2017-12-17 16:37:13', 7, 0, 0, NULL, 0),
	(2594, 613, 1, '2017-12-17 16:37:13', 1, '2017-12-17 16:37:13', 0, 0, 0, NULL, 0),
	(2595, 613, 2, '2017-12-17 16:37:13', 1, '2017-12-17 16:37:13', 8, 0, 0, NULL, 0),
	(2596, 612, 3, '2017-12-24 16:37:14', 1, '2017-12-24 16:37:14', 34, 0, 0, NULL, 0),
	(2597, 613, 3, '2017-12-25 16:37:15', 1, '2017-12-25 16:37:15', 33, 0, 0, NULL, 0),
	(2598, 612, 4, '2018-01-27 16:37:16', 1, '2018-01-27 16:37:16', 16, 0, 0, NULL, 0),
	(2599, 613, 4, '2018-01-27 16:37:17', 1, '2018-01-27 16:37:17', 15, 0, 0, NULL, 0),
	(2600, 612, 5, '2018-02-12 16:37:18', 1, '2018-02-12 16:37:18', 15, 0, 0, NULL, 0),
	(2601, 613, 5, '2018-02-11 16:37:19', 1, '2018-02-11 16:37:19', 16, 0, 0, NULL, 0),
	(2602, 612, 6, '2018-02-27 16:37:20', 1, '2018-02-27 16:37:20', 0, 1, 0, NULL, 0),
	(2603, 613, 6, '2018-02-27 16:37:21', 1, '2018-02-27 16:37:21', 0, 1, 0, NULL, 0),
	(2604, 614, 1, '2017-12-18 16:37:24', 1, '2017-12-18 16:37:24', 0, 0, 0, NULL, 0),
	(2605, 614, 2, '2017-12-18 16:37:24', 1, '2017-12-18 16:37:24', 5, 0, 0, NULL, 0),
	(2606, 615, 1, '2017-12-18 16:37:24', 1, '2017-12-18 16:37:24', 0, 0, 0, NULL, 0),
	(2607, 615, 2, '2017-12-18 16:37:24', 1, '2017-12-18 16:37:24', 5, 0, 0, NULL, 0),
	(2608, 616, 1, '2017-12-18 16:37:24', 1, '2017-12-18 16:37:24', 0, 0, 0, NULL, 0),
	(2609, 616, 2, '2017-12-18 16:37:24', 1, '2017-12-18 16:37:24', 7, 0, 0, NULL, 0),
	(2610, 617, 1, '2017-12-18 16:37:24', 1, '2017-12-18 16:37:24', 0, 0, 0, NULL, 0),
	(2611, 617, 2, '2017-12-18 16:37:24', 1, '2017-12-18 16:37:24', 5, 0, 0, NULL, 0),
	(2612, 618, 1, '2017-12-18 16:37:24', 1, '2017-12-18 16:37:24', 0, 0, 0, NULL, 0),
	(2613, 618, 2, '2017-12-18 16:37:24', 1, '2017-12-18 16:37:24', 7, 0, 0, NULL, 0),
	(2614, 614, 3, '2017-12-23 16:37:25', 1, '2017-12-23 16:37:25', 30, 0, 0, NULL, 0),
	(2615, 615, 3, '2017-12-23 16:37:26', 1, '2017-12-23 16:37:26', 31, 0, 0, NULL, 0),
	(2616, 616, 3, '2017-12-25 16:37:27', 1, '2017-12-25 16:37:27', 32, 0, 0, NULL, 0),
	(2617, 617, 3, '2017-12-23 16:37:28', 1, '2017-12-23 16:37:28', 32, 0, 0, NULL, 0),
	(2618, 618, 3, '2017-12-25 16:37:29', 1, '2017-12-25 16:37:29', 32, 0, 0, NULL, 0),
	(2619, 614, 4, '2018-01-22 16:37:30', 1, '2018-01-22 16:37:30', 20, 0, 0, NULL, 0),
	(2620, 615, 4, '2018-01-23 16:37:32', 1, '2018-01-23 16:37:32', 0, 1, 0, NULL, 0),
	(2621, 616, 4, '2018-01-26 16:37:33', 1, '2018-01-26 16:37:33', 19, 0, 0, NULL, 0),
	(2622, 617, 4, '2018-01-24 16:37:34', 1, '2018-01-24 16:37:34', 16, 0, 0, NULL, 0),
	(2623, 618, 4, '2018-01-26 16:37:35', 1, '2018-01-26 16:37:35', 18, 0, 0, NULL, 0),
	(2624, 614, 5, '2018-02-11 16:37:36', 1, '2018-02-11 16:37:36', 16, 0, 0, NULL, 0),
	(2625, 616, 5, '2018-02-14 16:37:37', 1, '2018-02-14 16:37:37', 16, 0, 0, NULL, 0),
	(2626, 617, 5, '2018-02-09 16:37:38', 1, '2018-02-09 16:37:38', 18, 0, 0, NULL, 0),
	(2627, 618, 5, '2018-02-13 16:37:39', 1, '2018-02-13 16:37:39', 18, 0, 0, NULL, 0),
	(2628, 614, 6, '2018-02-27 16:37:40', 1, '2018-02-27 16:37:40', 0, 1, 0, NULL, 0),
	(2629, 616, 6, '2018-03-02 16:37:41', 1, '2018-03-02 16:37:41', 0, 1, 0, NULL, 0),
	(2630, 617, 6, '2018-02-27 16:37:42', 1, '2018-02-27 16:37:42', 0, 1, 0, NULL, 0),
	(2631, 618, 6, '2018-03-03 16:37:44', 1, '2018-03-03 16:37:44', 0, 1, 0, NULL, 0),
	(2632, 619, 1, '2017-12-19 16:37:49', 1, '2017-12-19 16:37:49', 0, 0, 0, NULL, 0),
	(2633, 619, 2, '2017-12-19 16:37:49', 1, '2017-12-19 16:37:49', 5, 0, 0, NULL, 0),
	(2634, 620, 1, '2017-12-19 16:37:49', 1, '2017-12-19 16:37:49', 0, 0, 0, NULL, 0),
	(2635, 620, 2, '2017-12-19 16:37:49', 1, '2017-12-19 16:37:49', 8, 0, 0, NULL, 0),
	(2636, 619, 3, '2017-12-24 16:37:50', 1, '2017-12-24 16:37:50', 31, 0, 0, NULL, 0),
	(2637, 620, 3, '2017-12-27 16:37:51', 1, '2017-12-27 16:37:51', 30, 0, 0, NULL, 0),
	(2638, 619, 4, '2018-01-24 16:37:53', 1, '2018-01-24 16:37:53', 17, 0, 0, NULL, 0),
	(2639, 620, 4, '2018-01-26 16:37:54', 1, '2018-01-26 16:37:54', 16, 0, 0, NULL, 0),
	(2640, 619, 5, '2018-02-10 16:37:55', 1, '2018-02-10 16:37:55', 17, 0, 0, NULL, 0),
	(2641, 620, 5, '2018-02-11 16:37:56', 1, '2018-02-11 16:37:56', 19, 0, 0, NULL, 0),
	(2642, 619, 6, '2018-02-27 16:37:57', 1, '2018-02-27 16:37:57', 0, 1, 0, NULL, 0),
	(2643, 620, 6, '2018-03-02 16:37:58', 1, '2018-03-02 16:37:58', 0, 1, 0, NULL, 0),
	(2644, 621, 1, '2017-12-20 16:38:00', 1, '2017-12-20 16:38:00', 0, 0, 0, NULL, 0),
	(2645, 621, 2, '2017-12-20 16:38:00', 1, '2017-12-20 16:38:00', 8, 0, 0, NULL, 0),
	(2646, 622, 1, '2017-12-20 16:38:00', 1, '2017-12-20 16:38:00', 0, 0, 0, NULL, 0),
	(2647, 622, 2, '2017-12-20 16:38:00', 1, '2017-12-20 16:38:00', 7, 0, 0, NULL, 0),
	(2648, 621, 3, '2017-12-28 16:38:01', 1, '2017-12-28 16:38:01', 35, 0, 0, NULL, 0),
	(2649, 622, 3, '2017-12-27 16:38:02', 1, '2017-12-27 16:38:02', 30, 0, 0, NULL, 0),
	(2650, 621, 4, '2018-02-01 16:38:03', 1, '2018-02-01 16:38:03', 18, 0, 0, NULL, 0),
	(2651, 622, 4, '2018-01-26 16:38:05', 1, '2018-01-26 16:38:05', 20, 0, 0, NULL, 0),
	(2652, 621, 5, '2018-02-19 16:38:06', 1, '2018-02-19 16:38:06', 19, 0, 0, NULL, 0),
	(2653, 622, 5, '2018-02-15 16:38:07', 1, '2018-02-15 16:38:07', 15, 0, 0, NULL, 0),
	(2654, 621, 6, '2018-03-10 16:38:08', 1, '2018-03-10 16:38:08', 0, 1, 0, NULL, 0),
	(2655, 622, 6, '2018-03-02 16:38:09', 1, '2018-03-02 16:38:09', 0, 1, 0, NULL, 0),
	(2656, 623, 1, '2017-12-21 16:38:11', 1, '2017-12-21 16:38:11', 0, 0, 0, NULL, 0),
	(2657, 623, 2, '2017-12-21 16:38:11', 1, '2017-12-21 16:38:11', 10, 0, 0, NULL, 0),
	(2658, 624, 1, '2017-12-21 16:38:11', 1, '2017-12-21 16:38:11', 0, 0, 0, NULL, 0),
	(2659, 624, 2, '2017-12-21 16:38:11', 1, '2017-12-21 16:38:11', 7, 0, 0, NULL, 0),
	(2660, 625, 1, '2017-12-21 16:38:11', 1, '2017-12-21 16:38:11', 0, 0, 0, NULL, 0),
	(2661, 625, 2, '2017-12-21 16:38:11', 1, '2017-12-21 16:38:11', 6, 0, 0, NULL, 0),
	(2662, 623, 3, '2017-12-31 16:38:12', 1, '2017-12-31 16:38:12', 31, 0, 0, NULL, 0),
	(2663, 624, 3, '2017-12-28 16:38:13', 1, '2017-12-28 16:38:13', 32, 0, 0, NULL, 0),
	(2664, 625, 3, '2017-12-27 16:38:14', 1, '2017-12-27 16:38:14', 30, 0, 0, NULL, 0),
	(2665, 623, 4, '2018-01-31 16:38:16', 1, '2018-01-31 16:38:16', 18, 0, 0, NULL, 0),
	(2666, 624, 4, '2018-01-29 16:38:17', 1, '2018-01-29 16:38:17', 0, 1, 0, NULL, 0),
	(2667, 625, 4, '2018-01-26 16:38:18', 1, '2018-01-26 16:38:18', 16, 0, 0, NULL, 0),
	(2668, 623, 5, '2018-02-18 16:38:19', 1, '2018-02-18 16:38:19', 20, 0, 0, NULL, 0),
	(2669, 625, 5, '2018-02-11 16:38:20', 1, '2018-02-11 16:38:20', 16, 0, 0, NULL, 0),
	(2670, 623, 6, '2018-03-10 16:38:21', 1, '2018-03-10 16:38:21', 0, 1, 0, NULL, 0),
	(2671, 625, 6, '2018-02-27 16:38:23', 1, '2018-02-27 16:38:23', 0, 1, 0, NULL, 0),
	(2672, 626, 1, '2017-12-22 16:38:26', 1, '2017-12-22 16:38:26', 0, 0, 0, NULL, 0),
	(2673, 626, 2, '2017-12-22 16:38:26', 1, '2017-12-22 16:38:26', 5, 0, 0, NULL, 0),
	(2674, 627, 1, '2017-12-22 16:38:26', 1, '2017-12-22 16:38:26', 0, 0, 0, NULL, 0),
	(2675, 627, 2, '2017-12-22 16:38:26', 1, '2017-12-22 16:38:26', 6, 0, 0, NULL, 0),
	(2676, 628, 1, '2017-12-22 16:38:26', 1, '2017-12-22 16:38:26', 0, 0, 0, NULL, 0),
	(2677, 628, 2, '2017-12-22 16:38:26', 1, '2017-12-22 16:38:26', 8, 0, 0, NULL, 0),
	(2678, 629, 1, '2017-12-22 16:38:26', 1, '2017-12-22 16:38:26', 0, 0, 0, NULL, 0),
	(2679, 629, 2, '2017-12-22 16:38:26', 1, '2017-12-22 16:38:26', 5, 0, 0, NULL, 0),
	(2680, 626, 3, '2017-12-27 16:38:28', 1, '2017-12-27 16:38:28', 32, 0, 0, NULL, 0),
	(2681, 627, 3, '2017-12-28 16:38:29', 1, '2017-12-28 16:38:29', 30, 0, 0, NULL, 0),
	(2682, 628, 3, '2017-12-30 16:38:30', 1, '2017-12-30 16:38:30', 31, 0, 0, NULL, 0),
	(2683, 629, 3, '2017-12-27 16:38:33', 1, '2017-12-27 16:38:33', 32, 0, 0, NULL, 0),
	(2684, 626, 4, '2018-01-28 16:38:34', 1, '2018-01-28 16:38:34', 15, 0, 0, NULL, 0),
	(2685, 627, 4, '2018-01-27 16:38:36', 1, '2018-01-27 16:38:36', 0, 1, 0, NULL, 0),
	(2686, 628, 4, '2018-01-30 16:38:37', 1, '2018-01-30 16:38:37', 13, 0, 0, NULL, 0),
	(2687, 629, 4, '2018-01-28 16:38:38', 1, '2018-01-28 16:38:38', 21, 0, 0, NULL, 0),
	(2688, 626, 5, '2018-02-12 16:38:39', 1, '2018-02-12 16:38:39', 15, 0, 0, NULL, 0),
	(2689, 628, 5, '2018-02-12 16:38:44', 1, '2018-02-12 16:38:44', 16, 0, 0, NULL, 0),
	(2690, 629, 5, '2018-02-18 16:38:45', 1, '2018-02-18 16:38:45', 0, 1, 0, NULL, 0),
	(2691, 628, 6, '2018-02-28 16:38:47', 1, '2018-02-28 16:38:47', 0, 1, 0, NULL, 0),
	(2692, 626, 6, '2018-02-27 16:38:49', 1, '2018-02-27 16:38:49', 0, 1, 0, NULL, 0),
	(2693, 630, 1, '2017-12-23 16:38:53', 1, '2017-12-23 16:38:53', 0, 0, 0, NULL, 0),
	(2694, 630, 2, '2017-12-23 16:38:53', 1, '2017-12-23 16:38:53', 6, 0, 0, NULL, 0),
	(2695, 630, 3, '2017-12-29 16:38:54', 1, '2017-12-29 16:38:54', 34, 0, 0, NULL, 0),
	(2696, 630, 4, '2018-02-01 16:38:56', 1, '2018-02-01 16:38:56', 15, 0, 0, NULL, 0),
	(2697, 630, 5, '2018-02-16 16:38:57', 1, '2018-02-16 16:38:57', 18, 0, 0, NULL, 0),
	(2698, 630, 6, '2018-03-06 16:38:58', 1, '2018-03-06 16:38:58', 0, 1, 0, NULL, 0),
	(2699, 631, 1, '2017-12-24 16:38:59', 1, '2017-12-24 16:38:59', 0, 0, 0, NULL, 0),
	(2700, 631, 2, '2017-12-24 16:38:59', 1, '2017-12-24 16:38:59', 7, 0, 0, NULL, 0),
	(2701, 631, 3, '2017-12-31 16:39:00', 1, '2017-12-31 16:39:00', 34, 0, 0, NULL, 0),
	(2702, 631, 4, '2018-02-03 16:39:01', 1, '2018-02-03 16:39:01', 20, 0, 0, NULL, 0),
	(2703, 631, 5, '2018-02-23 16:39:02', 1, '2018-02-23 16:39:02', 0, 1, 0, NULL, 0),
	(2704, 632, 1, '2017-12-25 16:39:04', 1, '2017-12-25 16:39:04', 0, 0, 0, NULL, 0),
	(2705, 632, 2, '2017-12-25 16:39:04', 1, '2017-12-25 16:39:04', 5, 0, 0, NULL, 0),
	(2706, 632, 3, '2017-12-30 16:39:05', 1, '2017-12-30 16:39:05', 34, 0, 0, NULL, 0),
	(2707, 632, 4, '2018-02-02 16:39:06', 1, '2018-02-02 16:39:06', 18, 0, 0, NULL, 0),
	(2708, 632, 5, '2018-02-20 16:39:07', 1, '2018-02-20 16:39:07', 17, 0, 0, NULL, 0),
	(2709, 632, 6, '2018-03-09 16:39:08', 1, '2018-03-09 16:39:08', 0, 1, 0, NULL, 0),
	(2710, 633, 1, '2017-12-26 16:39:09', 1, '2017-12-26 16:39:09', 0, 0, 0, NULL, 0),
	(2711, 633, 2, '2017-12-26 16:39:09', 1, '2017-12-26 16:39:09', 8, 0, 0, NULL, 0),
	(2712, 634, 1, '2017-12-26 16:39:09', 1, '2017-12-26 16:39:09', 0, 0, 0, NULL, 0),
	(2713, 634, 2, '2017-12-26 16:39:09', 1, '2017-12-26 16:39:09', 7, 0, 0, NULL, 0),
	(2714, 633, 3, '2018-01-03 16:39:10', 1, '2018-01-03 16:39:10', 0, 1, 0, NULL, 0),
	(2715, 634, 3, '2018-01-02 16:39:12', 1, '2018-01-02 16:39:12', 33, 0, 0, NULL, 0),
	(2716, 634, 4, '2018-02-04 16:39:13', 1, '2018-02-04 16:39:13', 19, 0, 0, NULL, 0),
	(2717, 634, 5, '2018-02-23 16:39:14', 1, '2018-02-23 16:39:14', 15, 0, 0, NULL, 0),
	(2718, 634, 6, '2018-03-10 16:39:15', 1, '2018-03-10 16:39:15', 0, 1, 0, NULL, 0),
	(2719, 635, 1, '2017-12-27 16:39:18', 1, '2017-12-27 16:39:18', 0, 0, 0, NULL, 0),
	(2720, 635, 2, '2017-12-27 16:39:18', 1, '2017-12-27 16:39:18', 7, 0, 0, NULL, 0),
	(2721, 636, 1, '2017-12-27 16:39:19', 1, '2017-12-27 16:39:19', 0, 0, 0, NULL, 0),
	(2722, 636, 2, '2017-12-27 16:39:19', 1, '2017-12-27 16:39:19', 7, 0, 0, NULL, 0),
	(2723, 637, 1, '2017-12-27 16:39:19', 1, '2017-12-27 16:39:19', 0, 0, 0, NULL, 0),
	(2724, 637, 2, '2017-12-27 16:39:19', 1, '2017-12-27 16:39:19', 5, 0, 0, NULL, 0),
	(2725, 638, 1, '2017-12-27 16:39:19', 1, '2017-12-27 16:39:19', 0, 0, 0, NULL, 0),
	(2726, 638, 2, '2017-12-27 16:39:19', 1, '2017-12-27 16:39:19', 6, 0, 0, NULL, 0),
	(2727, 635, 3, '2018-01-03 16:39:20', 1, '2018-01-03 16:39:20', 30, 0, 0, NULL, 0),
	(2728, 636, 3, '2018-01-03 16:39:22', 1, '2018-01-03 16:39:22', 30, 0, 0, NULL, 0),
	(2729, 637, 3, '2018-01-01 16:39:23', 1, '2018-01-01 16:39:23', 30, 0, 0, NULL, 0),
	(2730, 638, 3, '2018-01-02 16:39:25', 1, '2018-01-02 16:39:25', 31, 0, 0, NULL, 0),
	(2731, 635, 4, '2018-02-02 16:39:26', 1, '2018-02-02 16:39:26', 15, 0, 0, NULL, 0),
	(2732, 636, 4, '2018-02-02 16:39:31', 1, '2018-02-02 16:39:31', 16, 0, 0, NULL, 0),
	(2733, 637, 4, '2018-01-31 16:39:42', 1, '2018-01-31 16:39:42', 15, 0, 0, NULL, 0),
	(2734, 638, 4, '2018-02-02 16:39:43', 1, '2018-02-02 16:39:43', 16, 0, 0, NULL, 0),
	(2735, 635, 5, '2018-02-17 16:39:44', 1, '2018-02-17 16:39:44', 0, 1, 0, NULL, 0),
	(2736, 636, 5, '2018-02-18 16:39:45', 1, '2018-02-18 16:39:45', 0, 1, 0, NULL, 0),
	(2737, 637, 5, '2018-02-15 16:39:46', 1, '2018-02-15 16:39:46', 0, 1, 0, NULL, 0),
	(2738, 638, 5, '2018-02-18 16:39:48', 1, '2018-02-18 16:39:48', 17, 0, 0, NULL, 0),
	(2739, 638, 6, '2018-03-07 16:39:49', 1, '2018-03-07 16:39:49', 0, 1, 0, NULL, 0),
	(2740, 639, 1, '2017-12-28 16:39:54', 1, '2017-12-28 16:39:54', 0, 0, 0, NULL, 0),
	(2741, 639, 2, '2017-12-28 16:39:54', 1, '2017-12-28 16:39:54', 8, 0, 0, NULL, 0),
	(2742, 639, 3, '2018-01-05 16:39:55', 1, '2018-01-05 16:39:55', 34, 0, 0, NULL, 0),
	(2743, 639, 4, '2018-02-08 16:39:56', 1, '2018-02-08 16:39:56', 19, 0, 0, NULL, 0),
	(2744, 639, 5, '2018-02-27 16:39:57', 1, '2018-02-27 16:39:57', 0, 1, 0, NULL, 0),
	(2745, 640, 1, '2017-12-29 16:39:59', 1, '2017-12-29 16:39:59', 0, 0, 0, NULL, 0),
	(2746, 640, 2, '2017-12-29 16:39:59', 1, '2017-12-29 16:39:59', 7, 0, 0, NULL, 0),
	(2747, 641, 1, '2017-12-29 16:39:59', 1, '2017-12-29 16:39:59', 0, 0, 0, NULL, 0),
	(2748, 641, 2, '2017-12-29 16:39:59', 1, '2017-12-29 16:39:59', 6, 0, 0, NULL, 0),
	(2749, 642, 1, '2017-12-29 16:39:59', 1, '2017-12-29 16:39:59', 0, 0, 0, NULL, 0),
	(2750, 642, 2, '2017-12-29 16:39:59', 1, '2017-12-29 16:39:59', 5, 0, 0, NULL, 0),
	(2751, 640, 3, '2018-01-05 16:40:00', 1, '2018-01-05 16:40:00', 35, 0, 0, NULL, 0),
	(2752, 641, 3, '2018-01-04 16:40:01', 1, '2018-01-04 16:40:01', 34, 0, 0, NULL, 0),
	(2753, 642, 3, '2018-01-03 16:40:02', 1, '2018-01-03 16:40:02', 31, 0, 0, NULL, 0),
	(2754, 640, 4, '2018-02-09 16:40:04', 1, '2018-02-09 16:40:04', 20, 0, 0, NULL, 0),
	(2755, 641, 4, '2018-02-07 16:40:05', 1, '2018-02-07 16:40:05', 15, 0, 0, NULL, 0),
	(2756, 642, 4, '2018-02-03 16:40:06', 1, '2018-02-03 16:40:06', 16, 0, 0, NULL, 0),
	(2757, 640, 5, '2018-03-01 16:40:07', 1, '2018-03-01 16:40:07', 18, 0, 0, NULL, 0),
	(2758, 641, 5, '2018-02-22 16:40:08', 1, '2018-02-22 16:40:08', 15, 0, 0, NULL, 0),
	(2759, 642, 5, '2018-02-19 16:40:09', 1, '2018-02-19 16:40:09', 0, 1, 0, NULL, 0),
	(2760, 640, 6, '2018-03-19 16:40:10', 1, '2018-03-19 16:40:10', 0, 1, 0, NULL, 0),
	(2761, 641, 6, '2018-03-09 16:40:11', 1, '2018-03-09 16:40:11', 0, 1, 0, NULL, 0),
	(2762, 643, 1, '2017-12-30 16:40:14', 1, '2017-12-30 16:40:14', 0, 0, 0, NULL, 0),
	(2763, 643, 2, '2017-12-30 16:40:14', 1, '2017-12-30 16:40:14', 6, 0, 0, NULL, 0),
	(2764, 644, 1, '2017-12-30 16:40:14', 1, '2017-12-30 16:40:14', 0, 0, 0, NULL, 0),
	(2765, 644, 2, '2017-12-30 16:40:14', 1, '2017-12-30 16:40:14', 8, 0, 0, NULL, 0),
	(2766, 645, 1, '2017-12-30 16:40:14', 1, '2017-12-30 16:40:14', 0, 0, 0, NULL, 0),
	(2767, 645, 2, '2017-12-30 16:40:14', 1, '2017-12-30 16:40:14', 5, 0, 0, NULL, 0),
	(2768, 646, 1, '2017-12-30 16:40:14', 1, '2017-12-30 16:40:14', 0, 0, 0, NULL, 0),
	(2769, 646, 2, '2017-12-30 16:40:14', 1, '2017-12-30 16:40:14', 8, 0, 0, NULL, 0),
	(2770, 643, 3, '2018-01-05 16:40:16', 1, '2018-01-05 16:40:16', 30, 0, 0, NULL, 0),
	(2771, 644, 3, '2018-01-07 16:40:17', 1, '2018-01-07 16:40:17', 32, 0, 0, NULL, 0),
	(2772, 645, 3, '2018-01-04 16:40:18', 1, '2018-01-04 16:40:18', 30, 0, 0, NULL, 0),
	(2773, 646, 3, '2018-01-07 16:40:19', 1, '2018-01-07 16:40:19', 32, 0, 0, NULL, 0),
	(2774, 643, 4, '2018-02-04 16:40:20', 1, '2018-02-04 16:40:20', 16, 0, 0, NULL, 0),
	(2775, 644, 4, '2018-02-08 16:40:21', 1, '2018-02-08 16:40:21', 15, 0, 0, NULL, 0),
	(2776, 645, 4, '2018-02-03 16:40:22', 1, '2018-02-03 16:40:22', 16, 0, 0, NULL, 0),
	(2777, 646, 4, '2018-02-08 16:40:24', 1, '2018-02-08 16:40:24', 17, 0, 0, NULL, 0),
	(2778, 643, 5, '2018-02-20 16:40:25', 1, '2018-02-20 16:40:25', 19, 0, 0, NULL, 0),
	(2779, 644, 5, '2018-02-23 16:40:26', 1, '2018-02-23 16:40:26', 20, 0, 0, NULL, 0),
	(2780, 645, 5, '2018-02-19 16:40:27', 1, '2018-02-19 16:40:27', 0, 1, 0, NULL, 0),
	(2781, 646, 5, '2018-02-25 16:40:28', 1, '2018-02-25 16:40:28', 0, 1, 0, NULL, 0),
	(2782, 643, 6, '2018-03-11 16:40:29', 1, '2018-03-11 16:40:29', 0, 1, 0, NULL, 0),
	(2783, 644, 6, '2018-03-15 16:40:30', 1, '2018-03-15 16:40:30', 0, 1, 0, NULL, 0),
	(2784, 647, 1, '2017-12-31 16:40:35', 1, '2017-12-31 16:40:35', 0, 0, 0, NULL, 0),
	(2785, 647, 2, '2017-12-31 16:40:35', 1, '2017-12-31 16:40:35', 5, 0, 0, NULL, 0),
	(2786, 648, 1, '2017-12-31 16:40:35', 1, '2017-12-31 16:40:35', 0, 0, 0, NULL, 0),
	(2787, 648, 2, '2017-12-31 16:40:35', 1, '2017-12-31 16:40:35', 9, 0, 0, NULL, 0),
	(2788, 647, 3, '2018-01-05 16:40:36', 1, '2018-01-05 16:40:36', 31, 0, 0, NULL, 0),
	(2789, 648, 3, '2018-01-09 16:40:37', 1, '2018-01-09 16:40:37', 30, 0, 0, NULL, 0),
	(2790, 647, 4, '2018-02-05 16:40:38', 1, '2018-02-05 16:40:38', 18, 0, 0, NULL, 0),
	(2791, 648, 4, '2018-02-08 16:40:39', 1, '2018-02-08 16:40:39', 19, 0, 0, NULL, 0),
	(2792, 647, 5, '2018-02-23 16:40:40', 1, '2018-02-23 16:40:40', 0, 1, 0, NULL, 0),
	(2793, 648, 5, '2018-02-27 16:40:41', 1, '2018-02-27 16:40:41', 15, 0, 0, NULL, 0),
	(2794, 648, 6, '2018-03-14 16:40:42', 1, '2018-03-14 16:40:42', 0, 1, 0, NULL, 0),
	(2795, 488, 6, '2017-12-18 16:40:51', 1, '2017-12-18 16:40:51', 0, 0, 0, NULL, 0),
	(2796, 488, 7, '2017-12-18 16:40:51', 2, '2017-12-18 16:40:51', 0, 1, 0, NULL, 5),
	(2797, 472, 7, '2017-12-17 16:40:52', 2, '2017-12-17 16:40:52', 0, 1, 0, NULL, 6),
	(2798, 508, 5, '2017-12-25 16:40:53', 1, '2017-12-25 16:40:53', 0, 0, 0, NULL, 0),
	(2799, 508, 6, '2017-12-25 16:40:53', 1, '2017-12-25 16:40:53', 0, 0, 0, NULL, 0),
	(2800, 508, 7, '2017-12-25 16:40:53', 2, '2017-12-25 16:40:53', 0, 1, 0, NULL, 4),
	(2801, 431, 5, '2017-12-13 16:40:54', 1, '2017-12-13 16:40:54', 0, 0, 0, NULL, 0),
	(2802, 431, 6, '2017-12-13 16:40:54', 1, '2017-12-13 16:40:54', 0, 0, 0, NULL, 0),
	(2803, 431, 7, '2017-12-13 16:40:54', 2, '2017-12-13 16:40:54', 0, 1, 0, NULL, 4),
	(2804, 505, 6, '2017-12-27 16:40:55', 1, '2017-12-27 16:40:55', 0, 0, 0, NULL, 0),
	(2805, 505, 7, '2017-12-27 16:40:55', 2, '2017-12-27 16:40:55', 0, 1, 0, NULL, 5),
	(2806, 483, 6, '2017-12-20 16:40:56', 1, '2017-12-20 16:40:56', 0, 0, 0, NULL, 0),
	(2807, 483, 7, '2017-12-20 16:40:56', 2, '2017-12-20 16:40:56', 0, 1, 0, NULL, 5),
	(2808, 523, 5, '2017-12-27 16:40:57', 1, '2017-12-27 16:40:57', 0, 0, 0, NULL, 0),
	(2809, 523, 6, '2017-12-27 16:40:57', 1, '2017-12-27 16:40:57', 0, 0, 0, NULL, 0),
	(2810, 523, 7, '2017-12-27 16:40:57', 2, '2017-12-27 16:40:57', 0, 1, 0, NULL, 4),
	(2811, 392, 7, '2017-12-22 16:41:04', 2, '2017-12-22 16:41:04', 0, 1, 0, NULL, 6),
	(2812, 397, 7, '2017-12-12 16:41:05', 2, '2017-12-12 16:41:05', 0, 1, 0, NULL, 6),
	(2813, 437, 7, '2017-12-22 16:41:06', 2, '2017-12-22 16:41:06', 0, 1, 0, NULL, 6),
	(2814, 438, 7, '2017-12-23 16:41:08', 2, '2017-12-23 16:41:08', 0, 1, 0, NULL, 6),
	(2815, 506, 6, '2017-12-29 16:41:09', 1, '2017-12-29 16:41:09', 0, 0, 0, NULL, 0),
	(2816, 506, 7, '2017-12-29 16:41:09', 2, '2017-12-29 16:41:09', 0, 1, 0, NULL, 5),
	(2817, 512, 5, '2017-12-23 16:41:10', 1, '2017-12-23 16:41:10', 0, 0, 0, NULL, 0),
	(2818, 512, 6, '2017-12-23 16:41:10', 1, '2017-12-23 16:41:10', 0, 0, 0, NULL, 0),
	(2819, 512, 7, '2017-12-23 16:41:10', 2, '2017-12-23 16:41:10', 0, 1, 0, NULL, 4),
	(2820, 522, 5, '2017-12-25 16:41:11', 1, '2017-12-25 16:41:11', 0, 0, 0, NULL, 0),
	(2821, 522, 6, '2017-12-25 16:41:11', 1, '2017-12-25 16:41:11', 0, 0, 0, NULL, 0),
	(2822, 522, 7, '2017-12-25 16:41:11', 2, '2017-12-25 16:41:11', 0, 1, 0, NULL, 4),
	(2823, 399, 6, '2017-12-10 16:41:18', 1, '2017-12-10 16:41:18', 0, 0, 0, NULL, 0),
	(2824, 399, 7, '2017-12-10 16:41:18', 2, '2017-12-10 16:41:18', 0, 1, 0, NULL, 5),
	(2825, 400, 6, '2017-12-28 16:41:19', 1, '2017-12-28 16:41:19', 0, 0, 0, NULL, 0),
	(2826, 400, 7, '2017-12-28 16:41:19', 2, '2017-12-28 16:41:19', 0, 1, 0, NULL, 5),
	(2827, 420, 7, '2017-12-26 16:41:20', 2, '2017-12-26 16:41:20', 0, 1, 0, NULL, 6),
	(2828, 474, 7, '2017-12-27 16:41:21', 2, '2017-12-27 16:41:21', 0, 1, 0, NULL, 6),
	(2829, 475, 7, '2017-12-29 16:41:22', 2, '2017-12-29 16:41:22', 0, 1, 0, NULL, 6);
/*!40000 ALTER TABLE `optstageupdate` ENABLE KEYS */;

-- 导出  表 vsms.opttype 结构
DROP TABLE IF EXISTS `opttype`;
CREATE TABLE IF NOT EXISTS `opttype` (
  `id` int(11) NOT NULL AUTO_INCREMENT COMMENT 'id',
  `opttype` varchar(500) DEFAULT NULL COMMENT '机会类型',
  `opttypeen` varchar(500) DEFAULT NULL COMMENT '机会类型名 --英文对照',
  `isdelete` tinyint(1) DEFAULT NULL COMMENT '是否删除：0-否，1-是',
  `importreferid` varchar(200) DEFAULT NULL COMMENT '导入引用id',
  `sort` int(10) DEFAULT NULL COMMENT '排序',
  PRIMARY KEY (`id`),
  UNIQUE KEY `importreferid` (`importreferid`)
) ENGINE=InnoDB DEFAULT CHARSET=utf8 COMMENT='机会类型';

-- 正在导出表  vsms.opttype 的数据：~2 rows (大约)
/*!40000 ALTER TABLE `opttype` DISABLE KEYS */;
INSERT INTO `opttype` (`id`, `opttype`, `opttypeen`, `isdelete`, `importreferid`, `sort`) VALUES
	(1, '国内贸易', 'Domestic', 0, '1', NULL),
	(2, '国际贸易', 'International', 0, '2', NULL);
/*!40000 ALTER TABLE `opttype` ENABLE KEYS */;

-- 导出  表 vsms.optviewlog 结构
DROP TABLE IF EXISTS `optviewlog`;
CREATE TABLE IF NOT EXISTS `optviewlog` (
  `id` int(10) NOT NULL AUTO_INCREMENT COMMENT 'ID',
  `optid` int(10) DEFAULT NULL COMMENT '机会id',
  `readerid` int(10) DEFAULT NULL COMMENT '查看人id',
  `readdatetime` datetime DEFAULT NULL COMMENT '查看时间',
  PRIMARY KEY (`id`)
) ENGINE=InnoDB DEFAULT CHARSET=utf8 COMMENT='机会查看记录表';

-- 正在导出表  vsms.optviewlog 的数据：~0 rows (大约)
/*!40000 ALTER TABLE `optviewlog` DISABLE KEYS */;
/*!40000 ALTER TABLE `optviewlog` ENABLE KEYS */;

-- 导出  表 vsms.piecearea 结构
DROP TABLE IF EXISTS `piecearea`;
CREATE TABLE IF NOT EXISTS `piecearea` (
  `id` int(10) NOT NULL AUTO_INCREMENT COMMENT 'ID',
  `townid` int(10) DEFAULT NULL COMMENT '辖区id',
  `piecearea` varchar(500) DEFAULT NULL COMMENT '名称',
  `pieceareaen` varchar(500) DEFAULT NULL COMMENT '片区名 --英文对照',
  `isdelete` tinyint(1) DEFAULT NULL COMMENT '是否删除：0-否，1-是',
  `importreferid` varchar(200) DEFAULT NULL COMMENT '导入引用id',
  `sort` int(10) DEFAULT NULL COMMENT '排序',
  PRIMARY KEY (`id`),
  UNIQUE KEY `importreferid` (`importreferid`)
) ENGINE=InnoDB DEFAULT CHARSET=utf8 COMMENT='片区表';

-- 正在导出表  vsms.piecearea 的数据：~0 rows (大约)
/*!40000 ALTER TABLE `piecearea` DISABLE KEYS */;
/*!40000 ALTER TABLE `piecearea` ENABLE KEYS */;

-- 导出  表 vsms.procurementmethod 结构
DROP TABLE IF EXISTS `procurementmethod`;
CREATE TABLE IF NOT EXISTS `procurementmethod` (
  `id` int(11) NOT NULL AUTO_INCREMENT,
  `procurementmethodname` varchar(500) DEFAULT NULL COMMENT '采购方式',
  `procurementmethodnameen` varchar(500) DEFAULT NULL COMMENT '采购方式名 --英文对照',
  `isdelete` tinyint(1) DEFAULT NULL COMMENT '是否删除：0-否，1-是',
  `importreferid` varchar(200) DEFAULT NULL COMMENT '导入引用id',
  `sort` int(10) DEFAULT NULL COMMENT '排序',
  PRIMARY KEY (`id`),
  UNIQUE KEY `importreferid` (`importreferid`)
) ENGINE=InnoDB DEFAULT CHARSET=utf8 COMMENT='采购方式';

-- 正在导出表  vsms.procurementmethod 的数据：~3 rows (大约)
/*!40000 ALTER TABLE `procurementmethod` DISABLE KEYS */;
INSERT INTO `procurementmethod` (`id`, `procurementmethodname`, `procurementmethodnameen`, `isdelete`, `importreferid`, `sort`) VALUES
	(1, '直接采购', 'Negotiation procurement', 0, '1', NULL),
	(2, '招标采购', 'Bidding procurement', 0, '2', NULL),
	(3, '其它', 'Others', 0, '3', NULL);
/*!40000 ALTER TABLE `procurementmethod` ENABLE KEYS */;

-- 导出  表 vsms.product 结构
DROP TABLE IF EXISTS `product`;
CREATE TABLE IF NOT EXISTS `product` (
  `id` int(10) NOT NULL AUTO_INCREMENT COMMENT 'ID',
  `productno` varchar(500) DEFAULT NULL COMMENT '产品编号',
  `brandid` int(10) DEFAULT NULL COMMENT '品牌id',
  `classid` int(10) DEFAULT NULL COMMENT '类别id',
  `pmid` int(10) DEFAULT NULL COMMENT '产品经理id',
  `productname` varchar(500) DEFAULT NULL COMMENT '产品名称',
  `productmodel` varchar(500) DEFAULT NULL COMMENT '产品型号',
  `specification` varchar(500) DEFAULT NULL COMMENT '产品规格',
  `rmbcost` decimal(14,2) DEFAULT NULL COMMENT '成本人民币单价',
  `rmbprice` decimal(14,2) DEFAULT NULL COMMENT '销售人民币单价',
  `dollarcost` decimal(14,2) DEFAULT NULL,
  `dollarprice` decimal(14,2) DEFAULT NULL,
  `productdiscribe` text COMMENT '产品描述',
  `isdelete` tinyint(1) DEFAULT NULL COMMENT '是否删除：0-否，1-是',
  `importreferid` varchar(200) DEFAULT NULL COMMENT '导入引用id',
  PRIMARY KEY (`id`),
  UNIQUE KEY `importreferid` (`importreferid`)
) ENGINE=InnoDB DEFAULT CHARSET=utf8 COMMENT='产品表';

-- 正在导出表  vsms.product 的数据：~46 rows (大约)
/*!40000 ALTER TABLE `product` DISABLE KEYS */;
INSERT INTO `product` (`id`, `productno`, `brandid`, `classid`, `pmid`, `productname`, `productmodel`, `specification`, `rmbcost`, `rmbprice`, `dollarcost`, `dollarprice`, `productdiscribe`, `isdelete`, `importreferid`) VALUES
	(1, 'PR0001', 1, 1, 7, 'eXam', 'eXam', NULL, 625000.00, 1250000.00, 96200.00, 192300.00, '影像设备', 0, '1'),
	(2, 'PR0002', 1, 1, 7, 'eXam i', 'eXam i', NULL, 345000.00, 690000.00, 53100.00, 106200.00, '影像设备', 0, '2'),
	(3, 'PR0003', 1, 1, 7, 'i-CAT', 'i-CAT', NULL, 575000.00, 1150000.00, 88500.00, 176900.00, '影像设备', 0, '3'),
	(4, 'PR0004', 1, 1, 7, '牙片机 Soredex Minray', '牙片机 Soredex Minray', NULL, 17650.00, 35300.00, 2700.00, 5400.00, '影像设备', 0, '4'),
	(5, 'PR0005', 1, 1, 7, 'Scan eXam', 'Scan eXam', NULL, 22500.00, 45000.00, 3500.00, 6900.00, '影像设备', 0, '5'),
	(6, 'PR0007', 1, 1, 7, '北斗（CT）', '北斗（CT）', NULL, 285000.00, 570000.00, 43800.00, 87700.00, '影像设备', 0, '6'),
	(7, 'PR0008', 1, 1, 7, '北斗（全景）', '北斗（全景）', NULL, 150000.00, 300000.00, 23100.00, 46200.00, '影像设备', 0, '7'),
	(8, 'PR0009', 1, 1, 7, 'Cranex D', 'Cranex D', NULL, 115000.00, 230000.00, 17700.00, 35400.00, '影像设备', 0, '8'),
	(9, 'PR0011', 1, 1, 7, '牙科数字化扫描系统', '牙科数字化扫描系统', NULL, 38250.00, 76500.00, 5900.00, 11800.00, '影像设备', 0, '9'),
	(10, 'PR0012', 1, 1, 7, 'Cranex 3D', 'Cranex 3D', NULL, 240000.00, 480000.00, 36900.00, 73800.00, '影像设备', 0, '10'),
	(11, 'PR0013', 1, 1, 7, '牙片宝 Soredex Digora Optime（UV）', '牙片宝 Soredex Digora Optime（UV）', NULL, 24000.00, 48000.00, 3700.00, 7400.00, '影像设备', 0, '11'),
	(12, 'PR0014', 1, 1, 7, '炫彩牙片宝Kavo Scan eXam plu', '炫彩牙片宝Kavo Scan eXam plu', NULL, 17900.00, 35800.00, 2800.00, 5500.00, '影像设备', 0, '12'),
	(13, 'PR0015', 1, 1, 7, '牙片机', '牙片机', NULL, 15000.00, 30000.00, 2300.00, 4600.00, '影像设备', 0, '13'),
	(14, 'PR0016', 1, 4, 7, '1058', '1058', NULL, 48000.00, 120000.00, 7400.00, 18500.00, '牙椅设备', 0, '14'),
	(15, 'PR0017', 1, 4, 7, '巴顿', '巴顿', NULL, 26000.00, 65000.00, 4000.00, 10000.00, '牙椅设备', 0, '15'),
	(16, 'PR0018', 1, 4, 7, 'E50', 'E50', NULL, 96000.00, 240000.00, 14800.00, 36900.00, '牙椅设备', 0, '16'),
	(17, 'PR0019', 1, 4, 7, 'E80', 'E80', NULL, 400000.00, 1000000.00, 61500.00, 153800.00, '牙椅设备', 0, '17'),
	(18, 'PR0020', 1, 4, 7, 'E70', 'E70', NULL, 200000.00, 500000.00, 30800.00, 76900.00, '牙椅设备', 0, '18'),
	(19, 'PR0021', 1, 4, 7, 'E30', 'E30', NULL, 50800.00, 127000.00, 7800.00, 19500.00, '牙椅设备', 0, '19'),
	(20, 'PR0022', 1, 2, 7, 'Everest', 'Everest', NULL, 231000.00, 770000.00, 35500.00, 118500.00, '技工工具', 0, '20'),
	(21, 'PR0023', 1, 2, 7, 'Arctica', 'Arctica', NULL, 165000.00, 550000.00, 25400.00, 84600.00, '技工工具', 0, '21'),
	(22, 'PR0024', 1, 2, 7, '打磨机', '打磨机', NULL, 3000.00, 10000.00, 500.00, 1500.00, '技工工具', 0, '22'),
	(23, 'PR0025', 1, 2, 7, 'TA即刻修复系统', 'TA即刻修复系统', NULL, 280500.00, 935000.00, 43200.00, 143800.00, '手机工具', 0, '23'),
	(24, 'PR0026', 1, 3, 7, 'E680C', 'E680C', NULL, 990.00, 3300.00, 200.00, 500.00, '手机工具', 0, '24'),
	(25, 'PR0027', 1, 3, 7, 'S619L', 'S619L', NULL, 990.00, 3300.00, 200.00, 500.00, '手机工具', 0, '25'),
	(26, 'PR0028', 1, 3, 7, 'S619C', 'S619C', NULL, 870.00, 2900.00, 100.00, 400.00, '手机工具', 0, '26'),
	(27, 'PR0029', 1, 3, 7, 'E680L', 'E680L', NULL, 1110.00, 3700.00, 200.00, 600.00, '手机工具', 0, '27'),
	(28, 'PR0030', 1, 3, 7, '8000C', '8000C', NULL, 1440.00, 4800.00, 200.00, 700.00, '手机工具', 0, '28'),
	(29, 'PR0031', 1, 3, 7, 'INTRAmatic 20 ES', 'INTRAmatic 20 ES', NULL, 570.00, 1900.00, 100.00, 300.00, '手机工具', 0, '29'),
	(30, 'PR0032', 1, 3, 7, 'INTRAmatic 10 ES', 'INTRAmatic 10 ES', NULL, 570.00, 1900.00, 100.00, 300.00, '手机工具', 0, '30'),
	(31, 'PR0033', 1, 3, 7, '8000B', '8000B', NULL, 2070.00, 6900.00, 300.00, 1100.00, '手机工具', 0, '31'),
	(32, 'PR0034', 1, 3, 7, '605C', '605C', NULL, 3000.00, 10000.00, 500.00, 1500.00, '手机工具', 0, '32'),
	(33, 'PR0035', 1, 3, 7, '636C', '636C', NULL, 3000.00, 10000.00, 500.00, 1500.00, '手机工具', 0, '33'),
	(34, 'PR0036', 1, 3, 7, '609', '609', NULL, 3000.00, 10000.00, 500.00, 1500.00, '手机工具', 0, '34'),
	(35, 'PR0037', 1, 3, 7, '气动洁牙机', '气动洁牙机', NULL, 5000.00, 20000.00, 800.00, 2500.00, '手机工具', 0, '35'),
	(36, 'PR0038', 1, 3, 7, '快接头', '快接头', NULL, 1000.00, 5000.00, 200.00, 600.00, '手机工具', 0, '36'),
	(37, 'PR0039', 1, 3, 7, '其他手机', '其他手机', NULL, 3000.00, 10000.00, 500.00, 1500.00, '手机工具', 0, '37'),
	(38, 'PR0040', 1, 5, 7, '单头模', '单头模', NULL, 3000.00, 10000.00, 500.00, 1500.00, '教学设备', 0, '38'),
	(39, 'PR0041', 1, 5, 7, '头模', '头模', NULL, 24000.00, 80000.00, 3700.00, 12300.00, '教学设备', 0, '39'),
	(40, 'PR0042', 1, 5, 7, '教学评估系统', '教学评估系统', NULL, 105000.00, 350000.00, 16200.00, 53800.00, '教学设备', 0, '40'),
	(41, 'PR0043', 1, 6, 7, '种植机', '种植机', NULL, 18000.00, 60000.00, 2800.00, 9200.00, '其它设备', 0, '41'),
	(42, 'PR0044', 1, 6, 7, '激光', '激光', NULL, 135000.00, 450000.00, 20800.00, 69200.00, '其它设备', 0, '42'),
	(43, 'PR0045', 1, 6, 7, '注油机', '注油机', NULL, 3000.00, 10000.00, 500.00, 1500.00, '其它设备', 0, '43'),
	(44, 'PR0047', 1, 6, 7, 'EOU', 'EOU', '', 3000.00, 10000.00, 500.00, 1500.00, '其它设备', 0, '44'),
	(45, 'PR0048', 1, 6, 7, 'EDU', 'EDU', NULL, 1500.00, 5000.00, 200.00, 800.00, '其它设备', 0, '45'),
	(46, 'PR0049', 1, 6, 7, 'Demi', 'Demi', NULL, 3000.00, 10000.00, 500.00, 1500.00, '其它设备', 0, '46');
/*!40000 ALTER TABLE `product` ENABLE KEYS */;

-- 导出  表 vsms.productbrand 结构
DROP TABLE IF EXISTS `productbrand`;
CREATE TABLE IF NOT EXISTS `productbrand` (
  `id` int(10) NOT NULL AUTO_INCREMENT COMMENT 'ID',
  `brandname` varchar(500) DEFAULT NULL COMMENT '名称',
  `brandnameen` varchar(500) DEFAULT NULL COMMENT '品牌名 --英文对照',
  `isdelete` tinyint(1) DEFAULT NULL COMMENT '是否删除：0-否，1-是',
  `importreferid` varchar(200) DEFAULT NULL COMMENT '导入引用id',
  `sort` int(10) DEFAULT NULL COMMENT '排序',
  PRIMARY KEY (`id`),
  UNIQUE KEY `importreferid` (`importreferid`)
) ENGINE=InnoDB DEFAULT CHARSET=utf8 COMMENT='品牌表';

-- 正在导出表  vsms.productbrand 的数据：~0 rows (大约)
/*!40000 ALTER TABLE `productbrand` DISABLE KEYS */;
INSERT INTO `productbrand` (`id`, `brandname`, `brandnameen`, `isdelete`, `importreferid`, `sort`) VALUES
	(1, '卡纳', 'KANA', 0, '1', NULL);
/*!40000 ALTER TABLE `productbrand` ENABLE KEYS */;

-- 导出  表 vsms.productclass 结构
DROP TABLE IF EXISTS `productclass`;
CREATE TABLE IF NOT EXISTS `productclass` (
  `id` int(10) NOT NULL AUTO_INCREMENT COMMENT 'ID',
  `brandid` int(10) DEFAULT NULL COMMENT '品牌id',
  `classname` varchar(500) DEFAULT NULL COMMENT '名称',
  `classnameen` varchar(500) DEFAULT NULL COMMENT '英文-名称',
  `importreferid` varchar(200) DEFAULT NULL COMMENT '导入引用id',
  `isdelete` tinyint(1) DEFAULT '0' COMMENT '是否删除：0-否，1-是',
  `sort` int(10) DEFAULT NULL COMMENT '排序',
  PRIMARY KEY (`id`),
  UNIQUE KEY `importreferid` (`importreferid`)
) ENGINE=InnoDB DEFAULT CHARSET=utf8 COMMENT='类别表';

-- 正在导出表  vsms.productclass 的数据：~6 rows (大约)
/*!40000 ALTER TABLE `productclass` DISABLE KEYS */;
INSERT INTO `productclass` (`id`, `brandid`, `classname`, `classnameen`, `importreferid`, `isdelete`, `sort`) VALUES
	(1, 1, '影像', 'Image', '1', 0, NULL),
	(2, 1, '技工', 'Tech', '2', 0, NULL),
	(3, 1, '手机', 'Tools', '3', 0, NULL),
	(4, 1, '牙椅', 'Chair', '4', 0, NULL),
	(5, 1, '教学', 'Study', '5', 0, NULL),
	(6, 1, '其它', 'Others', '6', 0, NULL);
/*!40000 ALTER TABLE `productclass` ENABLE KEYS */;

-- 导出  表 vsms.productclassprofit 结构
DROP TABLE IF EXISTS `productclassprofit`;
CREATE TABLE IF NOT EXISTS `productclassprofit` (
  `id` int(10) NOT NULL AUTO_INCREMENT COMMENT 'ID',
  `productclassid` int(10) DEFAULT NULL COMMENT '产品类别id',
  `profitpercent` decimal(3,2) DEFAULT NULL COMMENT '利润达标百分比',
  PRIMARY KEY (`id`)
) ENGINE=InnoDB DEFAULT CHARSET=utf8 COMMENT='产品类别-利润百分比对照表';

-- 正在导出表  vsms.productclassprofit 的数据：~0 rows (大约)
/*!40000 ALTER TABLE `productclassprofit` DISABLE KEYS */;
/*!40000 ALTER TABLE `productclassprofit` ENABLE KEYS */;

-- 导出  表 vsms.province 结构
DROP TABLE IF EXISTS `province`;
CREATE TABLE IF NOT EXISTS `province` (
  `id` int(10) NOT NULL AUTO_INCREMENT COMMENT 'ID',
  `regionid` int(10) DEFAULT NULL COMMENT '地域id',
  `province` varchar(500) DEFAULT NULL COMMENT '名称',
  `provinceen` varchar(500) DEFAULT NULL COMMENT '省份名 --英文对照',
  `isdelete` tinyint(1) DEFAULT NULL COMMENT '是否删除：0-否，1-是',
  `importreferid` varchar(200) DEFAULT NULL COMMENT '导入引用id',
  `sort` int(10) DEFAULT NULL COMMENT '排序',
  PRIMARY KEY (`id`),
  UNIQUE KEY `importreferid` (`importreferid`)
) ENGINE=InnoDB DEFAULT CHARSET=utf8 COMMENT='省份表';

-- 正在导出表  vsms.province 的数据：~33 rows (大约)
/*!40000 ALTER TABLE `province` DISABLE KEYS */;
INSERT INTO `province` (`id`, `regionid`, `province`, `provinceen`, `isdelete`, `importreferid`, `sort`) VALUES
	(1, 1, '广东', 'GuangDong', 0, '1', NULL),
	(2, 1, '湖南', 'HuNan', 0, '2', NULL),
	(3, 1, '湖北', 'HuBei', 0, '3', NULL),
	(4, 1, '贵州', 'GuiZhou', 0, '4', NULL),
	(5, 1, '江西', 'JiangXi', 0, '5', NULL),
	(6, 1, '香港', 'HongKong', 0, '6', NULL),
	(7, 1, '澳门', 'Macou', 0, '7', NULL),
	(8, 1, '广西', 'GuangXi', 0, '8', NULL),
	(9, 1, '海南', 'HaiNan', 0, '9', NULL),
	(10, 2, '北京', 'BeiJing', 0, '10', NULL),
	(11, 2, '山东', 'ShanDong', 0, '11', NULL),
	(12, 2, '山西', 'ShanXi', 0, '12', NULL),
	(13, 2, '河北', 'HeBei', 0, '13', NULL),
	(14, 2, '内蒙古', 'NeiMengGu', 0, '14', NULL),
	(15, 2, '天津', 'TianJing', 0, '15', NULL),
	(16, 2, '吉林', 'JiLin', 0, '16', NULL),
	(17, 2, '黑龙江', 'HeiLongJiang', 0, '17', NULL),
	(18, 2, '辽宁', 'LiaoNing', 0, '18', NULL),
	(19, 2, '陕西', 'ShanXi', 0, '19', NULL),
	(20, 2, '宁夏', 'NingXia', 0, '20', NULL),
	(21, 2, '河南', 'HeNan', 0, '21', NULL),
	(22, 2, '新疆', 'XingJiang', 0, '22', NULL),
	(23, 2, '青海', 'QingHai', 0, '23', NULL),
	(24, 2, '甘肃', 'GanSu', 0, '24', NULL),
	(25, 1, '四川', 'SiChuan', 0, '25', NULL),
	(26, 1, '重庆', 'ChongQing', 0, '26', NULL),
	(27, 1, '云南', 'YunNan', 0, '27', NULL),
	(28, 2, '西藏', 'XiZhang', 0, '28', NULL),
	(29, 1, '浙江', 'ZheJiang', 0, '29', NULL),
	(30, 1, '安徽', 'AnHui', 0, '30', NULL),
	(31, 1, '江苏', 'JiangSu', 0, '31', NULL),
	(32, 1, '福建', 'FuJian', 0, '32', NULL),
	(33, 1, '上海', 'ShangHai', 0, '33', NULL);
/*!40000 ALTER TABLE `province` ENABLE KEYS */;

-- 导出  表 vsms.quotation 结构
DROP TABLE IF EXISTS `quotation`;
CREATE TABLE IF NOT EXISTS `quotation` (
  `id` int(10) NOT NULL AUTO_INCREMENT COMMENT 'ID',
  `optid` int(10) DEFAULT NULL COMMENT '机会id',
  `quotaname` varchar(500) DEFAULT NULL COMMENT '报价单名称',
  `quotano` varchar(500) DEFAULT NULL COMMENT '报价单编号',
  `customerid` int(10) DEFAULT NULL COMMENT '客户id',
  `toname` varchar(500) DEFAULT NULL COMMENT '客户名称',
  `contact` varchar(500) DEFAULT NULL COMMENT '联系人',
  `totel` varchar(500) DEFAULT NULL COMMENT '客户电话',
  `tofax` varchar(500) DEFAULT NULL COMMENT '客户传真',
  `fromcompany` varchar(500) DEFAULT NULL COMMENT '报价公司',
  `fromtel` varchar(500) DEFAULT NULL COMMENT '报价人电话',
  `fromfax` varchar(500) DEFAULT NULL COMMENT '报价人传真',
  `fromemail` varchar(500) DEFAULT NULL COMMENT '报价人邮箱',
  `fromaddr` varchar(500) DEFAULT NULL COMMENT '报价人公司地址',
  `profitpercent` decimal(3,2) DEFAULT NULL COMMENT '部门利润达标百分比',
  `totalprice` decimal(14,2) DEFAULT NULL COMMENT '总金额',
  `totalcost` decimal(14,2) DEFAULT NULL COMMENT '总成本',
  `totalexpense` decimal(14,2) DEFAULT NULL COMMENT '总费用',
  `othertotalexpense` decimal(14,2) DEFAULT NULL COMMENT '其他总费用',
  `quotadatetime` datetime DEFAULT NULL COMMENT '报价时间',
  `qdtdisplaytype` tinyint(1) DEFAULT NULL COMMENT '报价时间的显示类型',
  `createdatetime` datetime DEFAULT NULL COMMENT '创建时间',
  `createrid` int(10) DEFAULT NULL COMMENT '创建人id',
  `quotastatus` smallint(5) DEFAULT NULL COMMENT '报价单状态：1-未提交，2-审核中，3-审批中，4-审批通过，5-退回，6-锁定，7-审核完成，8-已打印',
  `isdelete` tinyint(1) DEFAULT NULL COMMENT '是否删除：0-否，1-是',
  `quotaclause` text COMMENT '报价条款',
  `validity` varchar(500) DEFAULT NULL COMMENT '有效期',
  `deliverycycle` float DEFAULT NULL COMMENT '货期',
  `warranty` float DEFAULT NULL COMMENT '保修期',
  `paymenttype` varchar(500) DEFAULT NULL COMMENT '付款方式',
  `remark` text COMMENT '其他事项',
  `assistantid` int(10) DEFAULT NULL COMMENT '商务成本维护人id',
  `curapproverid` int(10) DEFAULT NULL COMMENT '当前审批人id',
  `curoperatorid` int(10) DEFAULT NULL COMMENT '当前操作人id',
  `frommobile` varchar(500) DEFAULT NULL,
  `currencyid` int(10) DEFAULT NULL COMMENT '币种',
  `ccname` varchar(500) DEFAULT NULL COMMENT '抄送人姓名',
  PRIMARY KEY (`id`)
) ENGINE=InnoDB DEFAULT CHARSET=utf8 COMMENT='报价单表';

-- 正在导出表  vsms.quotation 的数据：~2 rows (大约)
/*!40000 ALTER TABLE `quotation` DISABLE KEYS */;
INSERT INTO `quotation` (`id`, `optid`, `quotaname`, `quotano`, `customerid`, `toname`, `contact`, `totel`, `tofax`, `fromcompany`, `fromtel`, `fromfax`, `fromemail`, `fromaddr`, `profitpercent`, `totalprice`, `totalcost`, `totalexpense`, `othertotalexpense`, `quotadatetime`, `qdtdisplaytype`, `createdatetime`, `createrid`, `quotastatus`, `isdelete`, `quotaclause`, `validity`, `deliverycycle`, `warranty`, `paymenttype`, `remark`, `assistantid`, `curapproverid`, `curoperatorid`, `frommobile`, `currencyid`, `ccname`) VALUES
	(1, 440, '无锡电力疗养院-江苏无锡电力疗养院影像设备', 'QUO681585', 79, '无锡电力疗养院', '123', '123', '123', 'VSMS - Demo', '88888888,13888888888', '66666666', 'wenbo.yu@ql-crm.com', '北京市淇霖营销管理有限责任公司', NULL, 0.00, NULL, NULL, NULL, '2017-09-25 08:00:00', 1, '2017-09-25 23:52:43', 1, NULL, 0, '含17％增值税报价', '1', 1, 1, '12', '123', NULL, NULL, NULL, NULL, 1, ''),
	(2, 440, '无锡电力疗养院-江苏无锡电力疗养院影像设备', 'QUO068313', 79, '无锡电力疗养院', '123', '123', '123', 'VSMS - Demo', '88888888,13888888888', '66666666', 'wenbo.yu@ql-crm.com', '北京市淇霖营销管理有限责任公司', NULL, 5000.00, NULL, NULL, NULL, '2017-09-25 08:00:00', 1, '2017-09-25 23:54:46', 1, NULL, 0, '含17％增值税报价', '1', 1, 1, '1', '1', NULL, NULL, NULL, NULL, 1, '');
/*!40000 ALTER TABLE `quotation` ENABLE KEYS */;

-- 导出  表 vsms.quotationproduct 结构
DROP TABLE IF EXISTS `quotationproduct`;
CREATE TABLE IF NOT EXISTS `quotationproduct` (
  `id` int(10) NOT NULL AUTO_INCREMENT COMMENT 'ID',
  `quotaid` int(10) DEFAULT NULL COMMENT '报价单id',
  `optproductid` int(10) DEFAULT NULL COMMENT '机会产品id',
  `brandname` varchar(500) DEFAULT NULL COMMENT '品牌名称',
  `classname` varchar(500) DEFAULT NULL COMMENT '类别名称',
  `productname` varchar(500) DEFAULT NULL COMMENT '产品名称',
  `specification` varchar(500) DEFAULT NULL COMMENT '产品规格',
  `productmodel` varchar(500) DEFAULT NULL COMMENT '产品型号',
  `productdiscribe` text COMMENT '产品描述',
  `rmbcost` decimal(14,2) DEFAULT NULL COMMENT '人民币成本价',
  `rmbprice` decimal(14,2) DEFAULT NULL COMMENT '人民币销售价',
  `dollarcost` decimal(14,2) DEFAULT NULL COMMENT '美金成本价',
  `dollarprice` decimal(14,2) DEFAULT NULL COMMENT '美金销售价',
  `profitpercent` decimal(3,2) DEFAULT NULL COMMENT '利润达标百分比',
  `unit` varchar(500) DEFAULT NULL COMMENT '单位',
  `num` float DEFAULT NULL COMMENT '数量',
  `discount` decimal(20,19) DEFAULT NULL COMMENT '折扣',
  `remark` text COMMENT '说明',
  `pmid` int(10) DEFAULT NULL COMMENT '产品经理id',
  `productsort` int(10) DEFAULT NULL COMMENT '产品排序',
  `currencyexchangerate` decimal(14,2) DEFAULT NULL COMMENT '汇率',
  PRIMARY KEY (`id`)
) ENGINE=InnoDB DEFAULT CHARSET=utf8 COMMENT='报价单产品表';

-- 正在导出表  vsms.quotationproduct 的数据：~0 rows (大约)
/*!40000 ALTER TABLE `quotationproduct` DISABLE KEYS */;
INSERT INTO `quotationproduct` (`id`, `quotaid`, `optproductid`, `brandname`, `classname`, `productname`, `specification`, `productmodel`, `productdiscribe`, `rmbcost`, `rmbprice`, `dollarcost`, `dollarprice`, `profitpercent`, `unit`, `num`, `discount`, `remark`, `pmid`, `productsort`, `currencyexchangerate`) VALUES
	(1, 2, 45, '卡纳', 'Others', 'EDU', NULL, 'EDU', '其它设备', 1500.00, 5000.00, 200.00, 800.00, NULL, 'pcs', 1, 1.0000000000000000000, NULL, 7, NULL, 0.15);
/*!40000 ALTER TABLE `quotationproduct` ENABLE KEYS */;

-- 导出  表 vsms.quotationworkflow 结构
DROP TABLE IF EXISTS `quotationworkflow`;
CREATE TABLE IF NOT EXISTS `quotationworkflow` (
  `id` int(10) NOT NULL AUTO_INCREMENT COMMENT 'ID',
  `quotaid` int(10) DEFAULT NULL COMMENT '报价单id',
  `approverid` int(10) DEFAULT NULL COMMENT '审批人id',
  `approveresult` text COMMENT '审批结果：1-查看,2-提交审核,3-提交审批,4-同意,5-撤回,6-退回',
  `approvedatetime` datetime DEFAULT NULL COMMENT '审批时间',
  `approveremark` text COMMENT '审批意见',
  PRIMARY KEY (`id`)
) ENGINE=InnoDB DEFAULT CHARSET=utf8 COMMENT='报价单流程表';

-- 正在导出表  vsms.quotationworkflow 的数据：~0 rows (大约)
/*!40000 ALTER TABLE `quotationworkflow` DISABLE KEYS */;
/*!40000 ALTER TABLE `quotationworkflow` ENABLE KEYS */;

-- 导出  表 vsms.region 结构
DROP TABLE IF EXISTS `region`;
CREATE TABLE IF NOT EXISTS `region` (
  `id` int(10) NOT NULL AUTO_INCREMENT COMMENT 'ID',
  `countryid` int(10) DEFAULT NULL COMMENT '国家id',
  `region` varchar(500) DEFAULT NULL COMMENT '名称',
  `regionen` varchar(500) DEFAULT NULL COMMENT '地域名 --英文对照',
  `isdelete` tinyint(1) DEFAULT NULL COMMENT '是否删除：0-否，1-是',
  `importreferid` varchar(200) DEFAULT NULL COMMENT '导入引用id',
  `sort` int(10) DEFAULT NULL COMMENT '排序',
  PRIMARY KEY (`id`),
  UNIQUE KEY `importreferid` (`importreferid`)
) ENGINE=InnoDB DEFAULT CHARSET=utf8 COMMENT='地域表';

-- 正在导出表  vsms.region 的数据：~2 rows (大约)
/*!40000 ALTER TABLE `region` DISABLE KEYS */;
INSERT INTO `region` (`id`, `countryid`, `region`, `regionen`, `isdelete`, `importreferid`, `sort`) VALUES
	(1, 1, '南区区域', 'South China', 0, '1', NULL),
	(2, 1, '北区区域', 'North China', 0, '2', NULL);
/*!40000 ALTER TABLE `region` ENABLE KEYS */;

-- 导出  表 vsms.source 结构
DROP TABLE IF EXISTS `source`;
CREATE TABLE IF NOT EXISTS `source` (
  `id` int(10) NOT NULL AUTO_INCREMENT COMMENT 'ID',
  `source` varchar(500) DEFAULT NULL COMMENT '来源名称',
  `sourceen` varchar(500) DEFAULT NULL COMMENT '来源名 --英文对照',
  `isdelete` tinyint(1) DEFAULT NULL COMMENT '是否删除：0-否，1-是',
  `sort` int(10) DEFAULT NULL COMMENT '排序',
  `importreferid` varchar(200) DEFAULT NULL COMMENT '导入引用id',
  PRIMARY KEY (`id`),
  UNIQUE KEY `importreferid` (`importreferid`)
) ENGINE=InnoDB DEFAULT CHARSET=utf8 COMMENT='来源表';

-- 正在导出表  vsms.source 的数据：~7 rows (大约)
/*!40000 ALTER TABLE `source` DISABLE KEYS */;
INSERT INTO `source` (`id`, `source`, `sourceen`, `isdelete`, `sort`, `importreferid`) VALUES
	(1, '销售开发', 'Sales', 0, NULL, '1'),
	(2, '网络营销', 'Network', 0, NULL, '2'),
	(3, '展会研讨会', 'Seminar', 0, NULL, '3'),
	(4, '电话营销', 'Telephone', 0, NULL, '4'),
	(5, '客户介绍', 'Customer', 0, NULL, '5'),
	(6, '合作伙伴', 'Partner', 0, NULL, '6'),
	(7, '其它', 'Others', 0, NULL, '7');
/*!40000 ALTER TABLE `source` ENABLE KEYS */;

-- 导出  表 vsms.sqllog 结构
DROP TABLE IF EXISTS `sqllog`;
CREATE TABLE IF NOT EXISTS `sqllog` (
  `id` int(10) NOT NULL AUTO_INCREMENT,
  `logcontent` varchar(50) DEFAULT NULL COMMENT '日志内容',
  `logstatus` smallint(5) DEFAULT NULL COMMENT '日志状态：1 - 成功，0 - 失败',
  `logdatetime` datetime DEFAULT NULL COMMENT '日志记录时间',
  PRIMARY KEY (`id`)
) ENGINE=InnoDB DEFAULT CHARSET=utf8 COMMENT='sql日志表，用于记录存储过程执行是否成功等日志信息';

-- 正在导出表  vsms.sqllog 的数据：~0 rows (大约)
/*!40000 ALTER TABLE `sqllog` DISABLE KEYS */;
/*!40000 ALTER TABLE `sqllog` ENABLE KEYS */;

-- 导出  表 vsms.systemconfig 结构
DROP TABLE IF EXISTS `systemconfig`;
CREATE TABLE IF NOT EXISTS `systemconfig` (
  `id` int(10) NOT NULL AUTO_INCREMENT COMMENT 'ID',
  `emailusername` varchar(500) DEFAULT NULL COMMENT 'Email用户名',
  `emailpassword` varchar(500) DEFAULT NULL COMMENT 'Email密码',
  `emailsendaddr` varchar(500) DEFAULT NULL COMMENT 'Email发送地址',
  `emailsmtpaddr` varchar(500) DEFAULT NULL COMMENT 'Email发送服务器地址',
  `emailsmtpport` varchar(500) DEFAULT NULL COMMENT 'Email发送服务器端口',
  `emailisverification` tinyint(1) DEFAULT NULL COMMENT 'Email发送服务器是否需要密码验证：0-否，1-是',
  `isdisplayotherexpense` tinyint(1) DEFAULT NULL COMMENT '是否显示其他费用：0-否，1-是',
  `customerauditorid` int(10) DEFAULT NULL COMMENT '客户审核人id',
  `assistantid` int(10) DEFAULT NULL COMMENT '商务成本维护人id',
  `versionnum` varchar(500) DEFAULT NULL COMMENT '版本号',
  `snapshootperiod` smallint(5) DEFAULT NULL COMMENT '机会快照周期',
  `systemaddr` varchar(500) DEFAULT NULL COMMENT '系统地址',
  `companyname` varchar(500) DEFAULT NULL COMMENT '公司名称',
  `profitrelationship` varchar(500) DEFAULT NULL COMMENT '部门产品门限关系：and，or',
  `leadreleaseperiod` smallint(5) DEFAULT NULL COMMENT '公海线索释放周期(分钟)',
  `importreferid` varchar(200) DEFAULT NULL COMMENT '导入引用id',
  `startingmonth` int(10) DEFAULT NULL COMMENT '起始月',
  `startingday` int(10) DEFAULT NULL COMMENT '起始日',
  `issynchronized` int(10) DEFAULT NULL COMMENT '是否同步到每年',
  PRIMARY KEY (`id`),
  UNIQUE KEY `importreferid` (`importreferid`)
) ENGINE=InnoDB DEFAULT CHARSET=utf8 COMMENT='系统配置表';

-- 正在导出表  vsms.systemconfig 的数据：~1 rows (大约)
/*!40000 ALTER TABLE `systemconfig` DISABLE KEYS */;
INSERT INTO `systemconfig` (`id`, `emailusername`, `emailpassword`, `emailsendaddr`, `emailsmtpaddr`, `emailsmtpport`, `emailisverification`, `isdisplayotherexpense`, `customerauditorid`, `assistantid`, `versionnum`, `snapshootperiod`, `systemaddr`, `companyname`, `profitrelationship`, `leadreleaseperiod`, `importreferid`, `startingmonth`, `startingday`, `issynchronized`) VALUES
	(1, 'wenbo.yu@ql-crm.com', '8168907', 'wenbo.yu@ql-crm.com', 'smtp.ym.163.com', '994', 1, 1, 1, 1, '1.4.3', 29, 'http://www.ql-crm.com:8080/vsms/', 'VSMS - Demo', 'and', 60, NULL, NULL, NULL, NULL);
/*!40000 ALTER TABLE `systemconfig` ENABLE KEYS */;

-- 导出  表 vsms.tmpascontacts 结构
DROP TABLE IF EXISTS `tmpascontacts`;
CREATE TABLE IF NOT EXISTS `tmpascontacts` (
  `id` int(10) NOT NULL AUTO_INCREMENT COMMENT 'ID',
  `customertempid` int(10) DEFAULT NULL COMMENT '临时客户id',
  `contactid` int(11) DEFAULT NULL COMMENT '正式客户联系人id',
  `customerid` int(11) DEFAULT NULL COMMENT '正式客户id',
  PRIMARY KEY (`id`)
) ENGINE=InnoDB DEFAULT CHARSET=utf8 COMMENT='临时客户关联客户联系人对应表';

-- 正在导出表  vsms.tmpascontacts 的数据：~0 rows (大约)
/*!40000 ALTER TABLE `tmpascontacts` DISABLE KEYS */;
INSERT INTO `tmpascontacts` (`id`, `customertempid`, `contactid`, `customerid`) VALUES
	(1, 3, 130, 123);
/*!40000 ALTER TABLE `tmpascontacts` ENABLE KEYS */;

-- 导出  表 vsms.tmpaslead 结构
DROP TABLE IF EXISTS `tmpaslead`;
CREATE TABLE IF NOT EXISTS `tmpaslead` (
  `id` int(10) NOT NULL AUTO_INCREMENT COMMENT 'ID',
  `customertempid` int(10) DEFAULT NULL COMMENT '临时客户id',
  `leadid` int(10) DEFAULT NULL COMMENT '线索id',
  `customerid` int(11) DEFAULT NULL COMMENT '正式客户id',
  PRIMARY KEY (`id`)
) ENGINE=InnoDB DEFAULT CHARSET=utf8 COMMENT='临时客户关联线索对应表';

-- 正在导出表  vsms.tmpaslead 的数据：~2 rows (大约)
/*!40000 ALTER TABLE `tmpaslead` DISABLE KEYS */;
INSERT INTO `tmpaslead` (`id`, `customertempid`, `leadid`, `customerid`) VALUES
	(1, 2, 241, 122),
	(2, 3, 242, 123);
/*!40000 ALTER TABLE `tmpaslead` ENABLE KEYS */;

-- 导出  表 vsms.tmpasworkplan 结构
DROP TABLE IF EXISTS `tmpasworkplan`;
CREATE TABLE IF NOT EXISTS `tmpasworkplan` (
  `id` int(10) NOT NULL AUTO_INCREMENT COMMENT 'ID',
  `customertempid` int(10) DEFAULT NULL COMMENT '临时客户id',
  `workplanid` int(10) DEFAULT NULL COMMENT '线索id',
  `customerid` int(11) DEFAULT NULL COMMENT '正式客户id',
  PRIMARY KEY (`id`)
) ENGINE=InnoDB DEFAULT CHARSET=utf8 COMMENT='临时客户关联工作计划对应表';

-- 正在导出表  vsms.tmpasworkplan 的数据：~0 rows (大约)
/*!40000 ALTER TABLE `tmpasworkplan` DISABLE KEYS */;
/*!40000 ALTER TABLE `tmpasworkplan` ENABLE KEYS */;

-- 导出  表 vsms.town 结构
DROP TABLE IF EXISTS `town`;
CREATE TABLE IF NOT EXISTS `town` (
  `id` int(10) NOT NULL AUTO_INCREMENT COMMENT 'ID',
  `cityid` int(10) DEFAULT NULL COMMENT '城市id',
  `town` varchar(500) DEFAULT NULL COMMENT '名称',
  `importreferid` varchar(200) DEFAULT NULL COMMENT '导入引用id',
  `townen` varchar(500) DEFAULT NULL COMMENT '辖区名 --英文对照',
  `isdelete` tinyint(1) DEFAULT NULL COMMENT '是否删除：0-否，1-是',
  `sort` int(10) DEFAULT NULL COMMENT '排序',
  PRIMARY KEY (`id`),
  UNIQUE KEY `importreferid` (`importreferid`)
) ENGINE=InnoDB DEFAULT CHARSET=utf8 COMMENT='辖区表';

-- 正在导出表  vsms.town 的数据：~0 rows (大约)
/*!40000 ALTER TABLE `town` DISABLE KEYS */;
/*!40000 ALTER TABLE `town` ENABLE KEYS */;

-- 导出  表 vsms.traffictype 结构
DROP TABLE IF EXISTS `traffictype`;
CREATE TABLE IF NOT EXISTS `traffictype` (
  `id` int(10) NOT NULL AUTO_INCREMENT COMMENT 'ID',
  `traffictype` varchar(500) DEFAULT NULL COMMENT '交通方式',
  `traffictypeen` varchar(500) DEFAULT NULL COMMENT '交通方式名 --英文对照',
  `isdelete` tinyint(1) DEFAULT NULL,
  `sort` int(10) DEFAULT NULL COMMENT '排序',
  `importreferid` varchar(200) DEFAULT NULL COMMENT '导入引用id',
  PRIMARY KEY (`id`),
  UNIQUE KEY `importreferid` (`importreferid`)
) ENGINE=InnoDB DEFAULT CHARSET=utf8 COMMENT='交通方式';

-- 正在导出表  vsms.traffictype 的数据：~4 rows (大约)
/*!40000 ALTER TABLE `traffictype` DISABLE KEYS */;
INSERT INTO `traffictype` (`id`, `traffictype`, `traffictypeen`, `isdelete`, `sort`, `importreferid`) VALUES
	(1, '公共交通', 'Public transport', 0, 1, NULL),
	(2, '自驾车', 'Since the driving', 0, 4, NULL),
	(3, '公车', 'The bus', 0, 2, NULL),
	(4, '租车', 'Group of car', 0, 3, NULL);
/*!40000 ALTER TABLE `traffictype` ENABLE KEYS */;

-- 导出  表 vsms.transferlog 结构
DROP TABLE IF EXISTS `transferlog`;
CREATE TABLE IF NOT EXISTS `transferlog` (
  `id` int(10) NOT NULL AUTO_INCREMENT,
  `operatorid` int(10) DEFAULT NULL COMMENT '操作者id',
  `modulename` varchar(500) DEFAULT NULL COMMENT '模块名称',
  `sourceid` longtext COMMENT '源模块id',
  `targetid` int(10) DEFAULT NULL COMMENT '目标员工id',
  `createdatetime` datetime DEFAULT NULL COMMENT '创建时间',
  PRIMARY KEY (`id`)
) ENGINE=InnoDB DEFAULT CHARSET=utf8 COMMENT='员工数据转移日志表';

-- 正在导出表  vsms.transferlog 的数据：~0 rows (大约)
/*!40000 ALTER TABLE `transferlog` DISABLE KEYS */;
/*!40000 ALTER TABLE `transferlog` ENABLE KEYS */;

-- 导出  表 vsms.workplan 结构
DROP TABLE IF EXISTS `workplan`;
CREATE TABLE IF NOT EXISTS `workplan` (
  `id` int(10) NOT NULL AUTO_INCREMENT COMMENT 'ID',
  `customertype` tinyint(1) DEFAULT NULL COMMENT '客户类型：0-临时，1-正式',
  `customerid` int(10) DEFAULT NULL COMMENT '客户id',
  `optid` int(10) DEFAULT NULL COMMENT '机会id',
  `stageid` int(10) DEFAULT NULL COMMENT '进展阶段id',
  `planstartdate` date DEFAULT NULL COMMENT '计划开始日期',
  `planstarttime` time DEFAULT NULL COMMENT '计划开始时间',
  `planenddate` date DEFAULT NULL COMMENT '计划结束日期',
  `planendtime` time DEFAULT NULL COMMENT '计划结束时间',
  `planhour` int(10) DEFAULT NULL COMMENT '预计用时小时',
  `planminute` smallint(5) DEFAULT NULL COMMENT '预计用时分钟',
  `worktype` smallint(5) DEFAULT NULL COMMENT '工作类别',
  `workcontent` text COMMENT '工作内容',
  `iscomplete` tinyint(1) DEFAULT NULL COMMENT '是否完成：0-否，1-是',
  `totalexpense` decimal(14,2) DEFAULT NULL COMMENT '总计费用',
  `isdelete` tinyint(1) DEFAULT NULL COMMENT '是否删除：0-否，1-是',
  `remark` text COMMENT '备注',
  `createrid` int(10) DEFAULT NULL COMMENT '创建人id',
  `createdatetime` datetime DEFAULT NULL COMMENT '创建时间',
  `completedatetime` datetime DEFAULT NULL COMMENT '完成时间',
  PRIMARY KEY (`id`)
) ENGINE=InnoDB DEFAULT CHARSET=utf8 COMMENT='工作计划表';

-- 正在导出表  vsms.workplan 的数据：~187 rows (大约)
/*!40000 ALTER TABLE `workplan` DISABLE KEYS */;
INSERT INTO `workplan` (`id`, `customertype`, `customerid`, `optid`, `stageid`, `planstartdate`, `planstarttime`, `planenddate`, `planendtime`, `planhour`, `planminute`, `worktype`, `workcontent`, `iscomplete`, `totalexpense`, `isdelete`, `remark`, `createrid`, `createdatetime`, `completedatetime`) VALUES
	(1, 1, 38, 3, 2, '2017-01-03', '09:30:00', '2017-01-03', '11:45:00', 2, 10, 1, '预约客户拜访时间', 1, 0.00, 0, '了解客户的实际需求，初步判断是否有销售的可能性', 3, '2017-01-02 22:39:29', '2017-01-03 22:40:31'),
	(2, 1, 38, 3, 3, '2017-01-08', '14:00:00', '2017-01-08', '16:00:00', 2, 0, 2, '了解客户详细需求', 0, 0.00, 0, '', 3, '2017-01-08 11:49:39', NULL),
	(3, 1, 38, 3, 4, '2017-01-11', '18:00:00', '2017-01-11', '20:00:00', 2, 0, 2, '吃客户晚餐，确认需求', 1, 0.00, 0, '', 3, '2017-01-11 13:10:33', '2017-01-11 21:41:04'),
	(4, 1, 38, 3, 5, '2017-01-13', '09:00:00', '2017-01-13', '12:00:00', 3, 0, 2, '现场技术交流', 1, 0.00, 0, '给客户最终报价。', 3, '2017-01-12 17:00:14', '2017-01-13 17:00:14'),
	(5, 1, 38, 3, 6, '2017-01-14', '12:00:00', '2017-01-14', '13:30:00', 1, 30, 2, '客户报价确认', 1, 0.00, 0, '客户已确认报价并立项', 3, '2017-01-13 12:29:24', '2017-01-14 16:31:54'),
	(6, 1, 38, 3, 7, '2017-01-15', '09:00:00', '2017-01-15', '11:00:00', 2, 0, 2, '商务谈判', 1, 0.00, 0, '所以合同条款已经谈妥，准备签合同', 3, '2017-01-14 19:24:15', '2017-01-15 19:25:02'),
	(7, 1, 20, 1, 3, '2017-01-01', '09:00:00', '2017-01-01', '11:30:00', 1, 0, 1, '了解客户需求，预约现场拜访时间', 1, 0.00, 0, '已经跟客户预约了现场拜访时间', 5, '2017-01-01 06:57:25', '2017-01-01 20:57:25'),
	(8, 1, 20, 1, 4, '2017-01-02', '09:00:00', '2017-01-02', '11:00:00', 2, 0, 2, '了解客户的详细需求', 1, 0.00, 0, '已经了解客户需求', 5, '2017-01-02 08:18:41', '2017-01-02 11:19:36'),
	(9, 1, 20, 1, 5, '2017-01-05', '16:30:00', '2017-01-05', '17:30:00', 1, 0, 2, '拜访客户，了解项目方案客户是否还有需要补充和完善的地方。', 1, 0.00, 0, '客户已经接受方案。下周二电话跟踪客户方案审批情况。', 5, '2017-01-05 09:15:44', '2017-01-30 19:16:32'),
	(10, 1, 20, 1, 6, '2017-01-07', '17:30:00', '2017-01-07', '19:00:00', 1, 30, 2, '约客户晚餐，让客户上报方案进行审批', 1, 0.00, 0, '客户已经同意上报方案进行审批。周三进行跟踪', 5, '2017-01-07 09:19:28', '2017-01-07 20:03:19'),
	(11, 1, 20, 1, 7, '2017-01-09', '09:00:00', '2017-01-09', '11:30:00', 2, 0, 2, '给客户提交产品配置方案并得到最终确认', 1, 0.00, 0, '客户已经确认产品配置方案，已经上报待批准', 5, '2017-01-09 07:12:58', '2017-01-09 19:14:08'),
	(12, 1, 2, 5, 2, '2017-01-03', '08:00:00', '2017-01-03', '11:30:00', 3, 30, 2, '介绍我们的手机产品，全面了解客户需求。', 1, 0.00, 0, '客户请我们提供方案和报价', 6, '2017-01-03 06:58:10', '2017-01-03 12:09:58'),
	(13, 1, 2, 5, 3, '2017-01-04', '09:15:00', '2017-01-04', '10:15:00', 1, 0, 2, '需求沟通', 1, 0.00, 0, '已经完成客户需求了解！', 6, '2017-01-04 08:26:15', '2017-01-04 19:43:33'),
	(14, 1, 2, 5, 4, '2017-01-06', '09:30:00', '2017-01-06', '11:00:00', 2, 0, 2, '客户方案介绍', 0, 0.00, 0, '', 6, '2017-01-06 08:37:17', NULL),
	(15, 1, 2, 5, 5, '2017-01-07', '08:00:00', '2017-01-07', '09:30:00', 3, 0, 1, '跟进客户，了解客户是否已经确认我们提供的方案，预约客户现场拜访时间', 0, 0.00, 0, '', 6, '2017-01-07 06:51:27', NULL),
	(16, 1, 2, 5, 6, '2017-01-09', '09:30:00', '2017-01-09', '12:00:00', 3, 0, 2, '方案研讨和确认', 0, 0.00, 0, '', 6, '2017-01-09 07:10:59', NULL),
	(17, 1, 2, 5, 7, '2017-01-11', '07:00:00', '2017-01-11', '09:30:00', 2, 0, 1, '了解方案是否已经批准', 1, 0.00, 0, '明天签合同', 6, '2017-01-11 06:21:54', '2017-01-11 19:22:55'),
	(35, 1, 38, 3, 2, '2017-03-03', '09:30:00', '2017-03-03', '11:45:00', 2, 10, 1, '预约客户拜访时间', 1, 0.00, 0, '了解客户的实际需求，初步判断是否有销售的可能性', 3, '2017-03-02 22:39:29', '2017-03-03 22:40:31'),
	(36, 1, 38, 3, 3, '2017-03-08', '14:00:00', '2017-03-08', '16:00:00', 2, 0, 2, '了解客户详细需求', 0, 0.00, 0, '', 3, '2017-03-08 11:49:39', NULL),
	(37, 1, 38, 3, 4, '2017-03-11', '18:00:00', '2017-03-11', '20:00:00', 2, 0, 2, '吃客户晚餐，确认需求', 1, 0.00, 0, '', 3, '2017-03-11 13:10:33', '2017-03-11 21:41:04'),
	(38, 1, 38, 3, 5, '2017-03-13', '09:00:00', '2017-03-13', '12:00:00', 3, 0, 2, '现场技术交流', 1, 0.00, 0, '给客户最终报价。', 3, '2017-03-12 17:00:14', '2017-03-13 17:00:14'),
	(39, 1, 38, 3, 6, '2017-03-14', '12:00:00', '2017-03-14', '13:30:00', 1, 30, 2, '客户报价确认', 1, 0.00, 0, '客户已确认报价并立项', 3, '2017-03-13 12:29:24', '2017-03-14 16:31:54'),
	(40, 1, 38, 3, 7, '2017-03-15', '09:00:00', '2017-03-15', '11:00:00', 2, 0, 2, '商务谈判', 1, 0.00, 0, '所以合同条款已经谈妥，准备签合同', 3, '2017-03-14 19:24:15', '2017-03-15 19:25:02'),
	(41, 1, 20, 1, 3, '2017-03-01', '09:00:00', '2017-03-01', '11:30:00', 1, 0, 1, '了解客户需求，预约现场拜访时间', 1, 0.00, 0, '已经跟客户预约了现场拜访时间', 5, '2017-03-01 06:57:25', '2017-03-01 20:57:25'),
	(42, 1, 20, 1, 4, '2017-03-02', '09:00:00', '2017-03-02', '11:00:00', 2, 0, 2, '了解客户的详细需求', 1, 0.00, 0, '已经了解客户需求', 5, '2017-03-02 08:18:41', '2017-03-02 11:19:36'),
	(43, 1, 20, 1, 5, '2017-03-05', '16:30:00', '2017-03-05', '17:30:00', 1, 0, 2, '拜访客户，了解项目方案客户是否还有需要补充和完善的地方。', 1, 0.00, 0, '客户已经接受方案。下周二电话跟踪客户方案审批情况。', 5, '2017-03-05 09:15:44', '2017-03-30 19:16:32'),
	(44, 1, 20, 1, 6, '2017-03-07', '17:30:00', '2017-03-07', '19:00:00', 1, 30, 2, '约客户晚餐，让客户上报方案进行审批', 1, 0.00, 0, '客户已经同意上报方案进行审批。周三进行跟踪', 5, '2017-03-07 09:19:28', '2017-03-07 20:03:19'),
	(45, 1, 20, 1, 7, '2017-03-09', '09:00:00', '2017-03-09', '11:30:00', 2, 0, 2, '给客户提交产品配置方案并得到最终确认', 1, 0.00, 0, '客户已经确认产品配置方案，已经上报待批准', 5, '2017-03-09 07:12:58', '2017-03-09 19:14:08'),
	(46, 1, 2, 5, 2, '2017-03-03', '08:00:00', '2017-03-03', '11:30:00', 3, 30, 2, '介绍我们的手机产品，全面了解客户需求。', 1, 0.00, 0, '客户请我们提供方案和报价', 6, '2017-03-03 06:58:10', '2017-03-03 12:09:58'),
	(47, 1, 2, 5, 3, '2017-03-04', '09:15:00', '2017-03-04', '10:15:00', 1, 0, 2, '需求沟通', 1, 0.00, 0, '已经完成客户需求了解！', 6, '2017-03-04 08:26:15', '2017-03-04 19:43:33'),
	(48, 1, 2, 5, 4, '2017-03-06', '09:30:00', '2017-03-06', '11:00:00', 2, 0, 2, '客户方案介绍', 0, 0.00, 0, '', 6, '2017-03-06 08:37:17', NULL),
	(49, 1, 2, 5, 5, '2017-03-07', '08:00:00', '2017-03-07', '09:30:00', 3, 0, 1, '跟进客户，了解客户是否已经确认我们提供的方案，预约客户现场拜访时间', 0, 0.00, 0, '', 6, '2017-03-07 06:51:27', NULL),
	(50, 1, 2, 5, 6, '2017-03-09', '09:30:00', '2017-03-09', '12:00:00', 3, 0, 2, '方案研讨和确认', 0, 0.00, 0, '', 6, '2017-03-09 07:10:59', NULL),
	(51, 1, 2, 5, 7, '2017-03-11', '07:00:00', '2017-03-11', '09:30:00', 2, 0, 1, '了解方案是否已经批准', 1, 0.00, 0, '明天签合同', 6, '2017-03-11 06:21:54', '2017-03-11 19:22:55'),
	(52, 1, 38, 3, 2, '2017-04-03', '09:30:00', '2017-04-03', '11:45:00', 2, 10, 1, '预约客户拜访时间', 1, 0.00, 0, '了解客户的实际需求，初步判断是否有销售的可能性', 3, '2017-04-02 22:39:29', '2017-04-03 22:40:31'),
	(53, 1, 38, 3, 3, '2017-04-08', '14:00:00', '2017-04-08', '16:00:00', 2, 0, 2, '了解客户详细需求', 0, 0.00, 0, '', 3, '2017-04-08 11:49:39', NULL),
	(54, 1, 38, 3, 4, '2017-04-11', '18:00:00', '2017-04-11', '20:00:00', 2, 0, 2, '吃客户晚餐，确认需求', 1, 0.00, 0, '', 3, '2017-04-11 13:10:33', '2017-04-11 21:41:04'),
	(55, 1, 38, 3, 5, '2017-04-13', '09:00:00', '2017-04-13', '12:00:00', 3, 0, 2, '现场技术交流', 1, 0.00, 0, '给客户最终报价。', 3, '2017-04-12 17:00:14', '2017-04-13 17:00:14'),
	(56, 1, 38, 3, 6, '2017-04-14', '12:00:00', '2017-04-14', '13:30:00', 1, 30, 2, '客户报价确认', 1, 0.00, 0, '客户已确认报价并立项', 3, '2017-04-13 12:29:24', '2017-04-14 16:31:54'),
	(57, 1, 38, 3, 7, '2017-04-15', '09:00:00', '2017-04-15', '11:00:00', 2, 0, 2, '商务谈判', 1, 0.00, 0, '所以合同条款已经谈妥，准备签合同', 3, '2017-04-14 19:24:15', '2017-04-15 19:25:02'),
	(58, 1, 20, 1, 3, '2017-04-01', '09:00:00', '2017-04-01', '11:30:00', 1, 0, 1, '了解客户需求，预约现场拜访时间', 1, 0.00, 0, '已经跟客户预约了现场拜访时间', 5, '2017-04-01 06:57:25', '2017-04-01 20:57:25'),
	(59, 1, 20, 1, 4, '2017-04-02', '09:00:00', '2017-04-02', '11:00:00', 2, 0, 2, '了解客户的详细需求', 1, 0.00, 0, '已经了解客户需求', 5, '2017-04-02 08:18:41', '2017-04-02 11:19:36'),
	(60, 1, 20, 1, 5, '2017-04-05', '16:30:00', '2017-04-05', '17:30:00', 1, 0, 2, '拜访客户，了解项目方案客户是否还有需要补充和完善的地方。', 1, 0.00, 0, '客户已经接受方案。下周二电话跟踪客户方案审批情况。', 5, '2017-04-05 09:15:44', '2017-04-30 19:16:32'),
	(61, 1, 20, 1, 6, '2017-04-07', '17:30:00', '2017-04-07', '19:00:00', 1, 30, 2, '约客户晚餐，让客户上报方案进行审批', 1, 0.00, 0, '客户已经同意上报方案进行审批。周三进行跟踪', 5, '2017-04-07 09:19:28', '2017-04-07 20:03:19'),
	(62, 1, 20, 1, 7, '2017-04-09', '09:00:00', '2017-04-09', '11:30:00', 2, 0, 2, '给客户提交产品配置方案并得到最终确认', 1, 0.00, 0, '客户已经确认产品配置方案，已经上报待批准', 5, '2017-04-09 07:12:58', '2017-04-09 19:14:08'),
	(63, 1, 2, 5, 2, '2017-04-03', '08:00:00', '2017-04-03', '11:30:00', 3, 30, 2, '介绍我们的手机产品，全面了解客户需求。', 1, 0.00, 0, '客户请我们提供方案和报价', 6, '2017-04-03 06:58:10', '2017-04-03 12:09:58'),
	(64, 1, 2, 5, 3, '2017-04-04', '09:15:00', '2017-04-04', '10:15:00', 1, 0, 2, '需求沟通', 1, 0.00, 0, '已经完成客户需求了解！', 6, '2017-04-04 08:26:15', '2017-04-04 19:43:33'),
	(65, 1, 2, 5, 4, '2017-04-06', '09:30:00', '2017-04-06', '11:00:00', 2, 0, 2, '客户方案介绍', 0, 0.00, 0, '', 6, '2017-04-06 08:37:17', NULL),
	(66, 1, 2, 5, 5, '2017-04-07', '08:00:00', '2017-04-07', '09:30:00', 3, 0, 1, '跟进客户，了解客户是否已经确认我们提供的方案，预约客户现场拜访时间', 0, 0.00, 0, '', 6, '2017-04-07 06:51:27', NULL),
	(67, 1, 2, 5, 6, '2017-04-09', '09:30:00', '2017-04-09', '12:00:00', 3, 0, 2, '方案研讨和确认', 0, 0.00, 0, '', 6, '2017-04-09 07:10:59', NULL),
	(68, 1, 2, 5, 7, '2017-04-11', '07:00:00', '2017-04-11', '09:30:00', 2, 0, 1, '了解方案是否已经批准', 1, 0.00, 0, '明天签合同', 6, '2017-04-11 06:21:54', '2017-04-11 19:22:55'),
	(69, 1, 38, 3, 2, '2017-05-03', '09:30:00', '2017-05-03', '11:45:00', 2, 10, 1, '预约客户拜访时间', 1, 0.00, 0, '了解客户的实际需求，初步判断是否有销售的可能性', 3, '2017-05-02 22:39:29', '2017-05-03 22:40:31'),
	(70, 1, 38, 3, 3, '2017-05-08', '14:00:00', '2017-05-08', '16:00:00', 2, 0, 2, '了解客户详细需求', 0, 0.00, 0, '', 3, '2017-05-08 11:49:39', NULL),
	(71, 1, 38, 3, 4, '2017-05-11', '18:00:00', '2017-05-11', '20:00:00', 2, 0, 2, '吃客户晚餐，确认需求', 1, 0.00, 0, '', 3, '2017-05-11 13:10:33', '2017-05-11 21:41:04'),
	(72, 1, 38, 3, 5, '2017-05-13', '09:00:00', '2017-05-13', '12:00:00', 3, 0, 2, '现场技术交流', 1, 0.00, 0, '给客户最终报价。', 3, '2017-05-12 17:00:14', '2017-05-13 17:00:14'),
	(73, 1, 38, 3, 6, '2017-05-14', '12:00:00', '2017-05-14', '13:30:00', 1, 30, 2, '客户报价确认', 1, 0.00, 0, '客户已确认报价并立项', 3, '2017-05-13 12:29:24', '2017-05-14 16:31:54'),
	(74, 1, 38, 3, 7, '2017-05-15', '09:00:00', '2017-05-15', '11:00:00', 2, 0, 2, '商务谈判', 1, 0.00, 0, '所以合同条款已经谈妥，准备签合同', 3, '2017-05-14 19:24:15', '2017-05-15 19:25:02'),
	(75, 1, 20, 1, 3, '2017-05-01', '09:00:00', '2017-05-01', '11:30:00', 1, 0, 1, '了解客户需求，预约现场拜访时间', 1, 0.00, 0, '已经跟客户预约了现场拜访时间', 5, '2017-05-01 06:57:25', '2017-05-01 20:57:25'),
	(76, 1, 20, 1, 4, '2017-05-02', '09:00:00', '2017-05-02', '11:00:00', 2, 0, 2, '了解客户的详细需求', 1, 0.00, 0, '已经了解客户需求', 5, '2017-05-02 08:18:41', '2017-05-02 11:19:36'),
	(77, 1, 20, 1, 5, '2017-05-05', '16:30:00', '2017-05-05', '17:30:00', 1, 0, 2, '拜访客户，了解项目方案客户是否还有需要补充和完善的地方。', 1, 0.00, 0, '客户已经接受方案。下周二电话跟踪客户方案审批情况。', 5, '2017-05-05 09:15:44', '2017-05-30 19:16:32'),
	(78, 1, 20, 1, 6, '2017-05-07', '17:30:00', '2017-05-07', '19:00:00', 1, 30, 2, '约客户晚餐，让客户上报方案进行审批', 1, 0.00, 0, '客户已经同意上报方案进行审批。周三进行跟踪', 5, '2017-05-07 09:19:28', '2017-05-07 20:03:19'),
	(79, 1, 20, 1, 7, '2017-05-09', '09:00:00', '2017-05-09', '11:30:00', 2, 0, 2, '给客户提交产品配置方案并得到最终确认', 1, 0.00, 0, '客户已经确认产品配置方案，已经上报待批准', 5, '2017-05-09 07:12:58', '2017-05-09 19:14:08'),
	(80, 1, 2, 5, 2, '2017-05-03', '08:00:00', '2017-05-03', '11:30:00', 3, 30, 2, '介绍我们的手机产品，全面了解客户需求。', 1, 0.00, 0, '客户请我们提供方案和报价', 6, '2017-05-03 06:58:10', '2017-05-03 12:09:58'),
	(81, 1, 2, 5, 3, '2017-05-04', '09:15:00', '2017-05-04', '10:15:00', 1, 0, 2, '需求沟通', 1, 0.00, 0, '已经完成客户需求了解！', 6, '2017-05-04 08:26:15', '2017-05-04 19:43:33'),
	(82, 1, 2, 5, 4, '2017-05-06', '09:30:00', '2017-05-06', '11:00:00', 2, 0, 2, '客户方案介绍', 0, 0.00, 0, '', 6, '2017-05-06 08:37:17', NULL),
	(83, 1, 2, 5, 5, '2017-05-07', '08:00:00', '2017-05-07', '09:30:00', 3, 0, 1, '跟进客户，了解客户是否已经确认我们提供的方案，预约客户现场拜访时间', 0, 0.00, 0, '', 6, '2017-05-07 06:51:27', NULL),
	(84, 1, 2, 5, 6, '2017-05-09', '09:30:00', '2017-05-09', '12:00:00', 3, 0, 2, '方案研讨和确认', 0, 0.00, 0, '', 6, '2017-05-09 07:10:59', NULL),
	(85, 1, 2, 5, 7, '2017-05-11', '07:00:00', '2017-05-11', '09:30:00', 2, 0, 1, '了解方案是否已经批准', 1, 0.00, 0, '明天签合同', 6, '2017-05-11 06:21:54', '2017-05-11 19:22:55'),
	(86, 1, 38, 3, 2, '2017-06-03', '09:30:00', '2017-06-03', '11:45:00', 2, 10, 1, '预约客户拜访时间', 1, 0.00, 0, '了解客户的实际需求，初步判断是否有销售的可能性', 3, '2017-06-02 22:39:29', '2017-06-03 22:40:31'),
	(87, 1, 38, 3, 3, '2017-06-08', '14:00:00', '2017-06-08', '16:00:00', 2, 0, 2, '了解客户详细需求', 0, 0.00, 0, '', 3, '2017-06-08 11:49:39', NULL),
	(88, 1, 38, 3, 4, '2017-06-11', '18:00:00', '2017-06-11', '20:00:00', 2, 0, 2, '吃客户晚餐，确认需求', 1, 0.00, 0, '', 3, '2017-06-11 13:10:33', '2017-06-11 21:41:04'),
	(89, 1, 38, 3, 5, '2017-06-13', '09:00:00', '2017-06-13', '12:00:00', 3, 0, 2, '现场技术交流', 1, 0.00, 0, '给客户最终报价。', 3, '2017-06-12 17:00:14', '2017-06-13 17:00:14'),
	(90, 1, 38, 3, 6, '2017-06-14', '12:00:00', '2017-06-14', '13:30:00', 1, 30, 2, '客户报价确认', 1, 0.00, 0, '客户已确认报价并立项', 3, '2017-06-13 12:29:24', '2017-06-14 16:31:54'),
	(91, 1, 38, 3, 7, '2017-06-15', '09:00:00', '2017-06-15', '11:00:00', 2, 0, 2, '商务谈判', 1, 0.00, 0, '所以合同条款已经谈妥，准备签合同', 3, '2017-06-14 19:24:15', '2017-06-15 19:25:02'),
	(92, 1, 20, 1, 3, '2017-06-01', '09:00:00', '2017-06-01', '11:30:00', 1, 0, 1, '了解客户需求，预约现场拜访时间', 1, 0.00, 0, '已经跟客户预约了现场拜访时间', 5, '2017-06-01 06:57:25', '2017-06-01 20:57:25'),
	(93, 1, 20, 1, 4, '2017-06-02', '09:00:00', '2017-06-02', '11:00:00', 2, 0, 2, '了解客户的详细需求', 1, 0.00, 0, '已经了解客户需求', 5, '2017-06-02 08:18:41', '2017-06-02 11:19:36'),
	(94, 1, 20, 1, 5, '2017-06-05', '16:30:00', '2017-06-05', '17:30:00', 1, 0, 2, '拜访客户，了解项目方案客户是否还有需要补充和完善的地方。', 1, 0.00, 0, '客户已经接受方案。下周二电话跟踪客户方案审批情况。', 5, '2017-06-05 09:15:44', '2017-06-30 19:16:32'),
	(95, 1, 20, 1, 6, '2017-06-07', '17:30:00', '2017-06-07', '19:00:00', 1, 30, 2, '约客户晚餐，让客户上报方案进行审批', 1, 0.00, 0, '客户已经同意上报方案进行审批。周三进行跟踪', 5, '2017-06-07 09:19:28', '2017-06-07 20:03:19'),
	(96, 1, 20, 1, 7, '2017-06-09', '09:00:00', '2017-06-09', '11:30:00', 2, 0, 2, '给客户提交产品配置方案并得到最终确认', 1, 0.00, 0, '客户已经确认产品配置方案，已经上报待批准', 5, '2017-06-09 07:12:58', '2017-06-09 19:14:08'),
	(97, 1, 2, 5, 2, '2017-06-03', '08:00:00', '2017-06-03', '11:30:00', 3, 30, 2, '介绍我们的手机产品，全面了解客户需求。', 1, 0.00, 0, '客户请我们提供方案和报价', 6, '2017-06-03 06:58:10', '2017-06-03 12:09:58'),
	(98, 1, 2, 5, 3, '2017-06-04', '09:15:00', '2017-06-04', '10:15:00', 1, 0, 2, '需求沟通', 1, 0.00, 0, '已经完成客户需求了解！', 6, '2017-06-04 08:26:15', '2017-06-04 19:43:33'),
	(99, 1, 2, 5, 4, '2017-06-06', '09:30:00', '2017-06-06', '11:00:00', 2, 0, 2, '客户方案介绍', 0, 0.00, 0, '', 6, '2017-06-06 08:37:17', NULL),
	(100, 1, 2, 5, 5, '2017-06-07', '08:00:00', '2017-06-07', '09:30:00', 3, 0, 1, '跟进客户，了解客户是否已经确认我们提供的方案，预约客户现场拜访时间', 0, 0.00, 0, '', 6, '2017-06-07 06:51:27', NULL),
	(101, 1, 2, 5, 6, '2017-06-09', '09:30:00', '2017-06-09', '12:00:00', 3, 0, 2, '方案研讨和确认', 0, 0.00, 0, '', 6, '2017-06-09 07:10:59', NULL),
	(102, 1, 2, 5, 7, '2017-06-11', '07:00:00', '2017-06-11', '09:30:00', 2, 0, 1, '了解方案是否已经批准', 1, 0.00, 0, '明天签合同', 6, '2017-06-11 06:21:54', '2017-06-11 19:22:55'),
	(103, 1, 38, 3, 2, '2017-07-03', '09:30:00', '2017-07-03', '11:45:00', 2, 10, 1, '预约客户拜访时间', 1, 0.00, 0, '了解客户的实际需求，初步判断是否有销售的可能性', 3, '2017-07-02 22:39:29', '2017-07-03 22:40:31'),
	(104, 1, 38, 3, 3, '2017-07-08', '14:00:00', '2017-07-08', '16:00:00', 2, 0, 2, '了解客户详细需求', 0, 0.00, 0, '', 3, '2017-07-08 11:49:39', NULL),
	(105, 1, 38, 3, 4, '2017-07-11', '18:00:00', '2017-07-11', '20:00:00', 2, 0, 2, '吃客户晚餐，确认需求', 1, 0.00, 0, '', 3, '2017-07-11 13:10:33', '2017-07-11 21:41:04'),
	(106, 1, 38, 3, 5, '2017-07-13', '09:00:00', '2017-07-13', '12:00:00', 3, 0, 2, '现场技术交流', 1, 0.00, 0, '给客户最终报价。', 3, '2017-07-12 17:00:14', '2017-07-13 17:00:14'),
	(107, 1, 38, 3, 6, '2017-07-14', '12:00:00', '2017-07-14', '13:30:00', 1, 30, 2, '客户报价确认', 1, 0.00, 0, '客户已确认报价并立项', 3, '2017-07-13 12:29:24', '2017-07-14 16:31:54'),
	(108, 1, 38, 3, 7, '2017-07-15', '09:00:00', '2017-07-15', '11:00:00', 2, 0, 2, '商务谈判', 1, 0.00, 0, '所以合同条款已经谈妥，准备签合同', 3, '2017-07-14 19:24:15', '2017-07-15 19:25:02'),
	(109, 1, 20, 1, 3, '2017-07-01', '09:00:00', '2017-07-01', '11:30:00', 1, 0, 1, '了解客户需求，预约现场拜访时间', 1, 0.00, 0, '已经跟客户预约了现场拜访时间', 5, '2017-07-01 06:57:25', '2017-07-01 20:57:25'),
	(110, 1, 20, 1, 4, '2017-07-02', '09:00:00', '2017-07-02', '11:00:00', 2, 0, 2, '了解客户的详细需求', 1, 0.00, 0, '已经了解客户需求', 5, '2017-07-02 08:18:41', '2017-07-02 11:19:36'),
	(111, 1, 20, 1, 5, '2017-07-05', '16:30:00', '2017-07-05', '17:30:00', 1, 0, 2, '拜访客户，了解项目方案客户是否还有需要补充和完善的地方。', 1, 0.00, 0, '客户已经接受方案。下周二电话跟踪客户方案审批情况。', 5, '2017-07-05 09:15:44', '2017-07-30 19:16:32'),
	(112, 1, 20, 1, 6, '2017-07-07', '17:30:00', '2017-07-07', '19:00:00', 1, 30, 2, '约客户晚餐，让客户上报方案进行审批', 1, 0.00, 0, '客户已经同意上报方案进行审批。周三进行跟踪', 5, '2017-07-07 09:19:28', '2017-07-07 20:03:19'),
	(113, 1, 20, 1, 7, '2017-07-09', '09:00:00', '2017-07-09', '11:30:00', 2, 0, 2, '给客户提交产品配置方案并得到最终确认', 1, 0.00, 0, '客户已经确认产品配置方案，已经上报待批准', 5, '2017-07-09 07:12:58', '2017-07-09 19:14:08'),
	(114, 1, 2, 5, 2, '2017-07-03', '08:00:00', '2017-07-03', '11:30:00', 3, 30, 2, '介绍我们的手机产品，全面了解客户需求。', 1, 0.00, 0, '客户请我们提供方案和报价', 6, '2017-07-03 06:58:10', '2017-07-03 12:09:58'),
	(115, 1, 2, 5, 3, '2017-07-04', '09:15:00', '2017-07-04', '10:15:00', 1, 0, 2, '需求沟通', 1, 0.00, 0, '已经完成客户需求了解！', 6, '2017-07-04 08:26:15', '2017-07-04 19:43:33'),
	(116, 1, 2, 5, 4, '2017-07-06', '09:30:00', '2017-07-06', '11:00:00', 2, 0, 2, '客户方案介绍', 0, 0.00, 0, '', 6, '2017-07-06 08:37:17', NULL),
	(117, 1, 2, 5, 5, '2017-07-07', '08:00:00', '2017-07-07', '09:30:00', 3, 0, 1, '跟进客户，了解客户是否已经确认我们提供的方案，预约客户现场拜访时间', 0, 0.00, 0, '', 6, '2017-07-07 06:51:27', NULL),
	(118, 1, 2, 5, 6, '2017-07-09', '09:30:00', '2017-07-09', '12:00:00', 3, 0, 2, '方案研讨和确认', 0, 0.00, 0, '', 6, '2017-07-09 07:10:59', NULL),
	(119, 1, 2, 5, 7, '2017-07-11', '07:00:00', '2017-07-11', '09:30:00', 2, 0, 1, '了解方案是否已经批准', 1, 0.00, 0, '明天签合同', 6, '2017-07-11 06:21:54', '2017-07-11 19:22:55'),
	(120, 1, 38, 3, 2, '2017-08-03', '09:30:00', '2017-08-03', '11:45:00', 2, 10, 1, '预约客户拜访时间', 1, 0.00, 0, '了解客户的实际需求，初步判断是否有销售的可能性', 3, '2017-08-02 22:39:29', '2017-08-03 22:40:31'),
	(121, 1, 38, 3, 3, '2017-08-08', '14:00:00', '2017-08-08', '16:00:00', 2, 0, 2, '了解客户详细需求', 0, 0.00, 0, '', 3, '2017-08-08 11:49:39', NULL),
	(122, 1, 38, 3, 4, '2017-08-11', '18:00:00', '2017-08-11', '20:00:00', 2, 0, 2, '吃客户晚餐，确认需求', 1, 0.00, 0, '', 3, '2017-08-11 13:10:33', '2017-08-11 21:41:04'),
	(123, 1, 38, 3, 5, '2017-08-13', '09:00:00', '2017-08-13', '12:00:00', 3, 0, 2, '现场技术交流', 1, 0.00, 0, '给客户最终报价。', 3, '2017-08-12 17:00:14', '2017-08-13 17:00:14'),
	(124, 1, 38, 3, 6, '2017-08-14', '12:00:00', '2017-08-14', '13:30:00', 1, 30, 2, '客户报价确认', 1, 0.00, 0, '客户已确认报价并立项', 3, '2017-08-13 12:29:24', '2017-08-14 16:31:54'),
	(125, 1, 38, 3, 7, '2017-08-15', '09:00:00', '2017-08-15', '11:00:00', 2, 0, 2, '商务谈判', 1, 0.00, 0, '所以合同条款已经谈妥，准备签合同', 3, '2017-08-14 19:24:15', '2017-08-15 19:25:02'),
	(126, 1, 20, 1, 3, '2017-08-01', '09:00:00', '2017-08-01', '11:30:00', 1, 0, 1, '了解客户需求，预约现场拜访时间', 1, 0.00, 0, '已经跟客户预约了现场拜访时间', 5, '2017-08-01 06:57:25', '2017-08-01 20:57:25'),
	(127, 1, 20, 1, 4, '2017-08-02', '09:00:00', '2017-08-02', '11:00:00', 2, 0, 2, '了解客户的详细需求', 1, 0.00, 0, '已经了解客户需求', 5, '2017-08-02 08:18:41', '2017-08-02 11:19:36'),
	(128, 1, 20, 1, 5, '2017-08-05', '16:30:00', '2017-08-05', '17:30:00', 1, 0, 2, '拜访客户，了解项目方案客户是否还有需要补充和完善的地方。', 1, 0.00, 0, '客户已经接受方案。下周二电话跟踪客户方案审批情况。', 5, '2017-08-05 09:15:44', '2017-08-30 19:16:32'),
	(129, 1, 20, 1, 6, '2017-08-07', '17:30:00', '2017-08-07', '19:00:00', 1, 30, 2, '约客户晚餐，让客户上报方案进行审批', 1, 0.00, 0, '客户已经同意上报方案进行审批。周三进行跟踪', 5, '2017-08-07 09:19:28', '2017-08-07 20:03:19'),
	(130, 1, 20, 1, 7, '2017-08-09', '09:00:00', '2017-08-09', '11:30:00', 2, 0, 2, '给客户提交产品配置方案并得到最终确认', 1, 0.00, 0, '客户已经确认产品配置方案，已经上报待批准', 5, '2017-08-09 07:12:58', '2017-08-09 19:14:08'),
	(131, 1, 2, 5, 2, '2017-08-03', '08:00:00', '2017-08-03', '11:30:00', 3, 30, 2, '介绍我们的手机产品，全面了解客户需求。', 1, 0.00, 0, '客户请我们提供方案和报价', 6, '2017-08-03 06:58:10', '2017-08-03 12:09:58'),
	(132, 1, 2, 5, 3, '2017-08-04', '09:15:00', '2017-08-04', '10:15:00', 1, 0, 2, '需求沟通', 1, 0.00, 0, '已经完成客户需求了解！', 6, '2017-08-04 08:26:15', '2017-08-04 19:43:33'),
	(133, 1, 2, 5, 4, '2017-08-06', '09:30:00', '2017-08-06', '11:00:00', 2, 0, 2, '客户方案介绍', 0, 0.00, 0, '', 6, '2017-08-06 08:37:17', NULL),
	(134, 1, 2, 5, 5, '2017-08-07', '08:00:00', '2017-08-07', '09:30:00', 3, 0, 1, '跟进客户，了解客户是否已经确认我们提供的方案，预约客户现场拜访时间', 0, 0.00, 0, '', 6, '2017-08-07 06:51:27', NULL),
	(135, 1, 2, 5, 6, '2017-08-09', '09:30:00', '2017-08-09', '12:00:00', 3, 0, 2, '方案研讨和确认', 0, 0.00, 0, '', 6, '2017-08-09 07:10:59', NULL),
	(136, 1, 2, 5, 7, '2017-08-11', '07:00:00', '2017-08-11', '09:30:00', 2, 0, 1, '了解方案是否已经批准', 1, 0.00, 0, '明天签合同', 6, '2017-08-11 06:21:54', '2017-08-11 19:22:55'),
	(137, 1, 38, 3, 2, '2017-09-03', '09:30:00', '2017-09-03', '11:45:00', 2, 10, 1, '预约客户拜访时间', 1, 0.00, 0, '了解客户的实际需求，初步判断是否有销售的可能性', 3, '2017-09-02 22:39:29', '2017-09-03 22:40:31'),
	(138, 1, 38, 3, 3, '2017-09-08', '14:00:00', '2017-09-08', '16:00:00', 2, 0, 2, '了解客户详细需求', 0, 0.00, 0, '', 3, '2017-09-08 11:49:39', NULL),
	(139, 1, 38, 3, 4, '2017-09-11', '18:00:00', '2017-09-11', '20:00:00', 2, 0, 2, '吃客户晚餐，确认需求', 1, 0.00, 0, '', 3, '2017-09-11 13:10:33', '2017-09-11 21:41:04'),
	(140, 1, 38, 3, 5, '2017-09-13', '09:00:00', '2017-09-13', '12:00:00', 3, 0, 2, '现场技术交流', 1, 0.00, 0, '给客户最终报价。', 3, '2017-09-12 17:00:14', '2017-09-13 17:00:14'),
	(141, 1, 38, 3, 6, '2017-09-14', '12:00:00', '2017-09-14', '13:30:00', 1, 30, 2, '客户报价确认', 1, 0.00, 0, '客户已确认报价并立项', 3, '2017-09-13 12:29:24', '2017-09-14 16:31:54'),
	(142, 1, 38, 3, 7, '2017-09-15', '09:00:00', '2017-09-15', '11:00:00', 2, 0, 2, '商务谈判', 1, 0.00, 0, '所以合同条款已经谈妥，准备签合同', 3, '2017-09-14 19:24:15', '2017-09-15 19:25:02'),
	(143, 1, 20, 1, 3, '2017-09-01', '09:00:00', '2017-09-01', '11:30:00', 1, 0, 1, '了解客户需求，预约现场拜访时间', 1, 0.00, 0, '已经跟客户预约了现场拜访时间', 5, '2017-09-01 06:57:25', '2017-09-01 20:57:25'),
	(144, 1, 20, 1, 4, '2017-09-02', '09:00:00', '2017-09-02', '11:00:00', 2, 0, 2, '了解客户的详细需求', 1, 0.00, 0, '已经了解客户需求', 5, '2017-09-02 08:18:41', '2017-09-02 11:19:36'),
	(145, 1, 20, 1, 5, '2017-09-05', '16:30:00', '2017-09-05', '17:30:00', 1, 0, 2, '拜访客户，了解项目方案客户是否还有需要补充和完善的地方。', 1, 0.00, 0, '客户已经接受方案。下周二电话跟踪客户方案审批情况。', 5, '2017-09-05 09:15:44', '2017-09-30 19:16:32'),
	(146, 1, 20, 1, 6, '2017-09-07', '17:30:00', '2017-09-07', '19:00:00', 1, 30, 2, '约客户晚餐，让客户上报方案进行审批', 1, 0.00, 0, '客户已经同意上报方案进行审批。周三进行跟踪', 5, '2017-09-07 09:19:28', '2017-09-07 20:03:19'),
	(147, 1, 20, 1, 7, '2017-09-09', '09:00:00', '2017-09-09', '11:30:00', 2, 0, 2, '给客户提交产品配置方案并得到最终确认', 1, 0.00, 0, '客户已经确认产品配置方案，已经上报待批准', 5, '2017-09-09 07:12:58', '2017-09-09 19:14:08'),
	(148, 1, 2, 5, 2, '2017-09-03', '08:00:00', '2017-09-03', '11:30:00', 3, 30, 2, '介绍我们的手机产品，全面了解客户需求。', 1, 0.00, 0, '客户请我们提供方案和报价', 6, '2017-09-03 06:58:10', '2017-09-03 12:09:58'),
	(149, 1, 2, 5, 3, '2017-09-04', '09:15:00', '2017-09-04', '10:15:00', 1, 0, 2, '需求沟通', 1, 0.00, 0, '已经完成客户需求了解！', 6, '2017-09-04 08:26:15', '2017-09-04 19:43:33'),
	(150, 1, 2, 5, 4, '2017-09-06', '09:30:00', '2017-09-06', '11:00:00', 2, 0, 2, '客户方案介绍', 0, 0.00, 0, '', 6, '2017-09-06 08:37:17', NULL),
	(151, 1, 2, 5, 5, '2017-09-07', '08:00:00', '2017-09-07', '09:30:00', 3, 0, 1, '跟进客户，了解客户是否已经确认我们提供的方案，预约客户现场拜访时间', 0, 0.00, 0, '', 6, '2017-09-07 06:51:27', NULL),
	(152, 1, 2, 5, 6, '2017-09-09', '09:30:00', '2017-09-09', '12:00:00', 3, 0, 2, '方案研讨和确认', 0, 0.00, 0, '', 6, '2017-09-09 07:10:59', NULL),
	(153, 1, 2, 5, 7, '2017-09-11', '07:00:00', '2017-09-11', '09:30:00', 2, 0, 1, '了解方案是否已经批准', 1, 0.00, 0, '明天签合同', 6, '2017-09-11 06:21:54', '2017-09-11 19:22:55'),
	(154, 1, 38, 3, 2, '2017-10-03', '09:30:00', '2017-10-03', '11:45:00', 2, 10, 1, '预约客户拜访时间', 1, 0.00, 0, '了解客户的实际需求，初步判断是否有销售的可能性', 3, '2017-10-02 22:39:29', '2017-10-03 22:40:31'),
	(155, 1, 38, 3, 3, '2017-10-08', '14:00:00', '2017-10-08', '16:00:00', 2, 0, 2, '了解客户详细需求', 0, 0.00, 0, '', 3, '2017-10-08 11:49:39', NULL),
	(156, 1, 38, 3, 4, '2017-10-11', '18:00:00', '2017-10-11', '20:00:00', 2, 0, 2, '吃客户晚餐，确认需求', 1, 0.00, 0, '', 3, '2017-10-11 13:10:33', '2017-10-11 21:41:04'),
	(157, 1, 38, 3, 5, '2017-10-13', '09:00:00', '2017-10-13', '12:00:00', 3, 0, 2, '现场技术交流', 1, 0.00, 0, '给客户最终报价。', 3, '2017-10-12 17:00:14', '2017-10-13 17:00:14'),
	(158, 1, 38, 3, 6, '2017-10-14', '12:00:00', '2017-10-14', '13:30:00', 1, 30, 2, '客户报价确认', 1, 0.00, 0, '客户已确认报价并立项', 3, '2017-10-13 12:29:24', '2017-10-14 16:31:54'),
	(159, 1, 38, 3, 7, '2017-10-15', '09:00:00', '2017-10-15', '11:00:00', 2, 0, 2, '商务谈判', 1, 0.00, 0, '所以合同条款已经谈妥，准备签合同', 3, '2017-10-14 19:24:15', '2017-10-15 19:25:02'),
	(160, 1, 20, 1, 3, '2017-10-01', '09:00:00', '2017-10-01', '11:30:00', 1, 0, 1, '了解客户需求，预约现场拜访时间', 1, 0.00, 0, '已经跟客户预约了现场拜访时间', 5, '2017-10-01 06:57:25', '2017-10-01 20:57:25'),
	(161, 1, 20, 1, 4, '2017-10-02', '09:00:00', '2017-10-02', '11:00:00', 2, 0, 2, '了解客户的详细需求', 1, 0.00, 0, '已经了解客户需求', 5, '2017-10-02 08:18:41', '2017-10-02 11:19:36'),
	(162, 1, 20, 1, 5, '2017-10-05', '16:30:00', '2017-10-05', '17:30:00', 1, 0, 2, '拜访客户，了解项目方案客户是否还有需要补充和完善的地方。', 1, 0.00, 0, '客户已经接受方案。下周二电话跟踪客户方案审批情况。', 5, '2017-10-05 09:15:44', '2017-10-30 19:16:32'),
	(163, 1, 20, 1, 6, '2017-10-07', '17:30:00', '2017-10-07', '19:00:00', 1, 30, 2, '约客户晚餐，让客户上报方案进行审批', 1, 0.00, 0, '客户已经同意上报方案进行审批。周三进行跟踪', 5, '2017-10-07 09:19:28', '2017-10-07 20:03:19'),
	(164, 1, 20, 1, 7, '2017-10-09', '09:00:00', '2017-10-09', '11:30:00', 2, 0, 2, '给客户提交产品配置方案并得到最终确认', 1, 0.00, 0, '客户已经确认产品配置方案，已经上报待批准', 5, '2017-10-09 07:12:58', '2017-10-09 19:14:08'),
	(165, 1, 2, 5, 2, '2017-10-03', '08:00:00', '2017-10-03', '11:30:00', 3, 30, 2, '介绍我们的手机产品，全面了解客户需求。', 1, 0.00, 0, '客户请我们提供方案和报价', 6, '2017-10-03 06:58:10', '2017-10-03 12:09:58'),
	(166, 1, 2, 5, 3, '2017-10-04', '09:15:00', '2017-10-04', '10:15:00', 1, 0, 2, '需求沟通', 1, 0.00, 0, '已经完成客户需求了解！', 6, '2017-10-04 08:26:15', '2017-10-04 19:43:33'),
	(167, 1, 2, 5, 4, '2017-10-06', '09:30:00', '2017-10-06', '11:00:00', 2, 0, 2, '客户方案介绍', 0, 0.00, 0, '', 6, '2017-10-06 08:37:17', NULL),
	(168, 1, 2, 5, 5, '2017-10-07', '08:00:00', '2017-10-07', '09:30:00', 3, 0, 1, '跟进客户，了解客户是否已经确认我们提供的方案，预约客户现场拜访时间', 0, 0.00, 0, '', 6, '2017-10-07 06:51:27', NULL),
	(169, 1, 2, 5, 6, '2017-10-09', '09:30:00', '2017-10-09', '12:00:00', 3, 0, 2, '方案研讨和确认', 0, 0.00, 0, '', 6, '2017-10-09 07:10:59', NULL),
	(170, 1, 2, 5, 7, '2017-10-11', '07:00:00', '2017-10-11', '09:30:00', 2, 0, 1, '了解方案是否已经批准', 1, 0.00, 0, '明天签合同', 6, '2017-10-11 06:21:54', '2017-10-11 19:22:55'),
	(171, 1, 38, 3, 2, '2017-11-03', '09:30:00', '2017-11-03', '11:45:00', 2, 10, 1, '预约客户拜访时间', 1, 0.00, 0, '了解客户的实际需求，初步判断是否有销售的可能性', 3, '2017-11-02 22:39:29', '2017-11-03 22:40:31'),
	(172, 1, 38, 3, 3, '2017-11-08', '14:00:00', '2017-11-08', '16:00:00', 2, 0, 2, '了解客户详细需求', 0, 0.00, 0, '', 3, '2017-11-08 11:49:39', NULL),
	(173, 1, 38, 3, 4, '2017-11-11', '18:00:00', '2017-11-11', '20:00:00', 2, 0, 2, '吃客户晚餐，确认需求', 1, 0.00, 0, '', 3, '2017-11-11 13:10:33', '2017-11-11 21:41:04'),
	(174, 1, 38, 3, 5, '2017-11-13', '09:00:00', '2017-11-13', '12:00:00', 3, 0, 2, '现场技术交流', 1, 0.00, 0, '给客户最终报价。', 3, '2017-11-12 17:00:14', '2017-11-13 17:00:14'),
	(175, 1, 38, 3, 6, '2017-11-14', '12:00:00', '2017-11-14', '13:30:00', 1, 30, 2, '客户报价确认', 1, 0.00, 0, '客户已确认报价并立项', 3, '2017-11-13 12:29:24', '2017-11-14 16:31:54'),
	(176, 1, 38, 3, 7, '2017-11-15', '09:00:00', '2017-11-15', '11:00:00', 2, 0, 2, '商务谈判', 1, 0.00, 0, '所以合同条款已经谈妥，准备签合同', 3, '2017-11-14 19:24:15', '2017-11-15 19:25:02'),
	(177, 1, 20, 1, 3, '2017-11-01', '09:00:00', '2017-11-01', '11:30:00', 1, 0, 1, '了解客户需求，预约现场拜访时间', 1, 0.00, 0, '已经跟客户预约了现场拜访时间', 5, '2017-11-01 06:57:25', '2017-11-01 20:57:25'),
	(178, 1, 20, 1, 4, '2017-11-02', '09:00:00', '2017-11-02', '11:00:00', 2, 0, 2, '了解客户的详细需求', 1, 0.00, 0, '已经了解客户需求', 5, '2017-11-02 08:18:41', '2017-11-02 11:19:36'),
	(179, 1, 20, 1, 5, '2017-11-05', '16:30:00', '2017-11-05', '17:30:00', 1, 0, 2, '拜访客户，了解项目方案客户是否还有需要补充和完善的地方。', 1, 0.00, 0, '客户已经接受方案。下周二电话跟踪客户方案审批情况。', 5, '2017-11-05 09:15:44', '2017-11-30 19:16:32'),
	(180, 1, 20, 1, 6, '2017-11-07', '17:30:00', '2017-11-07', '19:00:00', 1, 30, 2, '约客户晚餐，让客户上报方案进行审批', 1, 0.00, 0, '客户已经同意上报方案进行审批。周三进行跟踪', 5, '2017-11-07 09:19:28', '2017-11-07 20:03:19'),
	(181, 1, 20, 1, 7, '2017-11-09', '09:00:00', '2017-11-09', '11:30:00', 2, 0, 2, '给客户提交产品配置方案并得到最终确认', 1, 0.00, 0, '客户已经确认产品配置方案，已经上报待批准', 5, '2017-11-09 07:12:58', '2017-11-09 19:14:08'),
	(182, 1, 2, 5, 2, '2017-11-03', '08:00:00', '2017-11-03', '11:30:00', 3, 30, 2, '介绍我们的手机产品，全面了解客户需求。', 1, 0.00, 0, '客户请我们提供方案和报价', 6, '2017-11-03 06:58:10', '2017-11-03 12:09:58'),
	(183, 1, 2, 5, 3, '2017-11-04', '09:15:00', '2017-11-04', '10:15:00', 1, 0, 2, '需求沟通', 1, 0.00, 0, '已经完成客户需求了解！', 6, '2017-11-04 08:26:15', '2017-11-04 19:43:33'),
	(184, 1, 2, 5, 4, '2017-11-06', '09:30:00', '2017-11-06', '11:00:00', 2, 0, 2, '客户方案介绍', 0, 0.00, 0, '', 6, '2017-11-06 08:37:17', NULL),
	(185, 1, 2, 5, 5, '2017-11-07', '08:00:00', '2017-11-07', '09:30:00', 3, 0, 1, '跟进客户，了解客户是否已经确认我们提供的方案，预约客户现场拜访时间', 0, 0.00, 0, '', 6, '2017-11-07 06:51:27', NULL),
	(186, 1, 2, 5, 6, '2017-11-09', '09:30:00', '2017-11-09', '12:00:00', 3, 0, 2, '方案研讨和确认', 0, 0.00, 0, '', 6, '2017-11-09 07:10:59', NULL),
	(187, 1, 2, 5, 7, '2017-11-11', '07:00:00', '2017-11-11', '09:30:00', 2, 0, 1, '了解方案是否已经批准', 1, 0.00, 0, '明天签合同', 6, '2017-11-11 06:21:54', '2017-11-11 19:22:55'),
	(188, 1, 38, 3, 2, '2017-12-03', '09:30:00', '2017-12-03', '11:45:00', 2, 10, 1, '预约客户拜访时间', 1, 0.00, 0, '了解客户的实际需求，初步判断是否有销售的可能性', 3, '2017-12-02 22:39:29', '2017-12-03 22:40:31'),
	(189, 1, 38, 3, 3, '2017-12-08', '14:00:00', '2017-12-08', '16:00:00', 2, 0, 2, '了解客户详细需求', 0, 0.00, 0, '', 3, '2017-12-08 11:49:39', NULL),
	(190, 1, 38, 3, 4, '2017-12-11', '18:00:00', '2017-12-11', '20:00:00', 2, 0, 2, '吃客户晚餐，确认需求', 1, 0.00, 0, '', 3, '2017-12-11 13:10:33', '2017-12-11 21:41:04'),
	(191, 1, 38, 3, 5, '2017-12-13', '09:00:00', '2017-12-13', '12:00:00', 3, 0, 2, '现场技术交流', 1, 0.00, 0, '给客户最终报价。', 3, '2017-12-12 17:00:14', '2017-12-13 17:00:14'),
	(192, 1, 38, 3, 6, '2017-12-14', '12:00:00', '2017-12-14', '13:30:00', 1, 30, 2, '客户报价确认', 1, 0.00, 0, '客户已确认报价并立项', 3, '2017-12-13 12:29:24', '2017-12-14 16:31:54'),
	(193, 1, 38, 3, 7, '2017-12-15', '09:00:00', '2017-12-15', '11:00:00', 2, 0, 2, '商务谈判', 1, 0.00, 0, '所以合同条款已经谈妥，准备签合同', 3, '2017-12-14 19:24:15', '2017-12-15 19:25:02'),
	(194, 1, 20, 1, 3, '2017-12-01', '09:00:00', '2017-12-01', '11:30:00', 1, 0, 1, '了解客户需求，预约现场拜访时间', 1, 0.00, 0, '已经跟客户预约了现场拜访时间', 5, '2017-12-01 06:57:25', '2017-12-01 20:57:25'),
	(195, 1, 20, 1, 4, '2017-12-02', '09:00:00', '2017-12-02', '11:00:00', 2, 0, 2, '了解客户的详细需求', 1, 0.00, 0, '已经了解客户需求', 5, '2017-12-02 08:18:41', '2017-12-02 11:19:36'),
	(196, 1, 20, 1, 5, '2017-12-05', '16:30:00', '2017-12-05', '17:30:00', 1, 0, 2, '拜访客户，了解项目方案客户是否还有需要补充和完善的地方。', 1, 0.00, 0, '客户已经接受方案。下周二电话跟踪客户方案审批情况。', 5, '2017-12-05 09:15:44', '2017-12-30 19:16:32'),
	(197, 1, 20, 1, 6, '2017-12-07', '17:30:00', '2017-12-07', '19:00:00', 1, 30, 2, '约客户晚餐，让客户上报方案进行审批', 1, 0.00, 0, '客户已经同意上报方案进行审批。周三进行跟踪', 5, '2017-12-07 09:19:28', '2017-12-07 20:03:19'),
	(198, 1, 20, 1, 7, '2017-12-09', '09:00:00', '2017-12-09', '11:30:00', 2, 0, 2, '给客户提交产品配置方案并得到最终确认', 1, 0.00, 0, '客户已经确认产品配置方案，已经上报待批准', 5, '2017-12-09 07:12:58', '2017-12-09 19:14:08'),
	(199, 1, 2, 5, 2, '2017-12-03', '08:00:00', '2017-12-03', '11:30:00', 3, 30, 2, '介绍我们的手机产品，全面了解客户需求。', 1, 0.00, 0, '客户请我们提供方案和报价', 6, '2017-12-03 06:58:10', '2017-12-03 12:09:58'),
	(200, 1, 2, 5, 3, '2017-12-04', '09:15:00', '2017-12-04', '10:15:00', 1, 0, 2, '需求沟通', 1, 0.00, 0, '已经完成客户需求了解！', 6, '2017-12-04 08:26:15', '2017-12-04 19:43:33'),
	(201, 1, 2, 5, 4, '2017-12-06', '09:30:00', '2017-12-06', '11:00:00', 2, 0, 2, '客户方案介绍', 0, 0.00, 0, '', 6, '2017-12-06 08:37:17', NULL),
	(202, 1, 2, 5, 5, '2017-12-07', '08:00:00', '2017-12-07', '09:30:00', 3, 0, 1, '跟进客户，了解客户是否已经确认我们提供的方案，预约客户现场拜访时间', 0, 0.00, 0, '', 6, '2017-12-07 06:51:27', NULL),
	(203, 1, 2, 5, 6, '2017-12-09', '09:30:00', '2017-12-09', '12:00:00', 3, 0, 2, '方案研讨和确认', 0, 0.00, 0, '', 6, '2017-12-09 07:10:59', NULL),
	(204, 1, 2, 5, 7, '2017-12-11', '07:00:00', '2017-12-11', '09:30:00', 2, 0, 1, '了解方案是否已经批准', 1, 0.00, 0, '明天签合同', 6, '2017-12-11 06:21:54', '2017-12-11 19:22:55');
/*!40000 ALTER TABLE `workplan` ENABLE KEYS */;

-- 导出  表 vsms.workplanexpense 结构
DROP TABLE IF EXISTS `workplanexpense`;
CREATE TABLE IF NOT EXISTS `workplanexpense` (
  `id` int(10) NOT NULL AUTO_INCREMENT COMMENT 'ID',
  `workplanid` int(10) DEFAULT NULL COMMENT '工作计划id',
  `expensetypeid` smallint(5) DEFAULT NULL COMMENT '费用类别id',
  `peoplenum` int(10) DEFAULT NULL COMMENT '招待人数',
  `traffictype` smallint(5) DEFAULT NULL COMMENT '交通方式：1-公共交通，2-自驾车，3-公车，4-租车',
  `expense` decimal(14,2) DEFAULT NULL COMMENT '费用金额',
  `remark` text COMMENT '备注',
  PRIMARY KEY (`id`)
) ENGINE=InnoDB DEFAULT CHARSET=utf8 COMMENT='工作计划费用表';

-- 正在导出表  vsms.workplanexpense 的数据：~0 rows (大约)
/*!40000 ALTER TABLE `workplanexpense` DISABLE KEYS */;
/*!40000 ALTER TABLE `workplanexpense` ENABLE KEYS */;

-- 导出  表 vsms.workplanreply 结构
DROP TABLE IF EXISTS `workplanreply`;
CREATE TABLE IF NOT EXISTS `workplanreply` (
  `id` int(10) NOT NULL AUTO_INCREMENT COMMENT 'ID',
  `workplanid` int(10) DEFAULT NULL COMMENT '工作计划id',
  `replyerid` int(10) DEFAULT NULL COMMENT '评论人id',
  `replycontent` mediumtext COLLATE utf8mb4_unicode_ci COMMENT '评论内容',
  `replydatetime` datetime DEFAULT NULL COMMENT '评论时间',
  `isdelete` tinyint(1) DEFAULT NULL COMMENT '是否删除：0-否，1-是',
  PRIMARY KEY (`id`)
) ENGINE=InnoDB DEFAULT CHARSET=utf8mb4 COLLATE=utf8mb4_unicode_ci COMMENT='工作计划评论表';

-- 正在导出表  vsms.workplanreply 的数据：~0 rows (大约)
/*!40000 ALTER TABLE `workplanreply` DISABLE KEYS */;
/*!40000 ALTER TABLE `workplanreply` ENABLE KEYS */;

-- 导出  表 vsms.workplanworktype 结构
DROP TABLE IF EXISTS `workplanworktype`;
CREATE TABLE IF NOT EXISTS `workplanworktype` (
  `id` int(10) NOT NULL AUTO_INCREMENT COMMENT 'ID',
  `worktype` varchar(500) DEFAULT NULL COMMENT '工作类别',
  `benefit` int(11) DEFAULT NULL COMMENT '效益：1-yes,2-no,3-null',
  `worktypeen` varchar(500) DEFAULT NULL COMMENT '工作类别名 --英文对照',
  `isdelete` tinyint(1) DEFAULT NULL COMMENT '是否删除：0-否，1-是',
  `importreferid` varchar(200) DEFAULT NULL COMMENT '导入引用id',
  `sort` int(10) DEFAULT NULL COMMENT '排序',
  PRIMARY KEY (`id`),
  UNIQUE KEY `importreferid` (`importreferid`)
) ENGINE=InnoDB DEFAULT CHARSET=utf8 COMMENT='工作计划工作类别表';

-- 正在导出表  vsms.workplanworktype 的数据：~2 rows (大约)
/*!40000 ALTER TABLE `workplanworktype` DISABLE KEYS */;
INSERT INTO `workplanworktype` (`id`, `worktype`, `benefit`, `worktypeen`, `isdelete`, `importreferid`, `sort`) VALUES
	(1, '电话拜访', 1, 'Visit on call', 0, '1', NULL),
	(2, '现场拜访', 1, 'Visit on site', 0, '2', NULL);
/*!40000 ALTER TABLE `workplanworktype` ENABLE KEYS */;

/*!40101 SET SQL_MODE=IFNULL(@OLD_SQL_MODE, '') */;
/*!40014 SET FOREIGN_KEY_CHECKS=IF(@OLD_FOREIGN_KEY_CHECKS IS NULL, 1, @OLD_FOREIGN_KEY_CHECKS) */;
/*!40101 SET CHARACTER_SET_CLIENT=@OLD_CHARACTER_SET_CLIENT */;
update financialdata set ordermoney=ordermoney/10000;
CREATE TABLE snap_log (
    id   INT(20) NOT NULL AUTO_INCREMENT,
    companyname   VARCHAR(30) DEFAULT NULL COMMENT '公司名称',
    code   VARCHAR(30) DEFAULT NULL COMMENT '错误代码',
    msg   VARCHAR(500) DEFAULT NULL COMMENT '错误信息',
    primary key(id)
)
ENGINE=InnoDB 
CHARSET=utf8 COMMENT='快照日志表';

DROP TABLE IF EXISTS `optstageupdatesnap`;
CREATE TABLE IF NOT EXISTS `optstageupdatesnap` (
  `optstageupdateid`  int(10) DEFAULT NULL COMMENT '进展阶段更新id',
  `optid` int(10) DEFAULT NULL COMMENT '机会id',
  `ownerid` int(10) DEFAULT NULL COMMENT '所属人',
  `stageid` int(10) DEFAULT NULL COMMENT '进展阶段id',
  `stageupdatetime` datetime DEFAULT NULL COMMENT '更新时间',
  `optstatus` smallint(5) DEFAULT NULL COMMENT '机会状态',
  `statusupdatetime` datetime DEFAULT NULL COMMENT '机会状态更新时间',
  `remaindays` int(10) DEFAULT NULL COMMENT '停留天数',
  `islaststage` tinyint(1) DEFAULT '0' COMMENT '是否为最新的阶段 0-否，1-是',
  `isdelete` tinyint(1) DEFAULT NULL COMMENT '是否删除：0-否，1-是',
  `importreferid` varchar(200) DEFAULT NULL COMMENT '导入引用id',
  `laststageid` tinyint(4) DEFAULT NULL COMMENT '上次进展阶段id',
   `snapdate` int(11) COMMENT '镜像日期'
) ENGINE=InnoDB DEFAULT CHARSET=utf8 COMMENT='进展阶段更新快照表'
PARTITION BY LIST(snapdate)(
  PARTITION p0 VALUES IN (null)
);

alter table customtime add snapdate varchar(10) DEFAULT NULL COMMENT '快照日期';
alter table customtime add startingday int(10) DEFAULT NULL COMMENT '起始日';

   alter table optstageupdatesnap add partition (partition p201701 values IN (201701));
   alter table optstageupdatesnap add partition (partition p201702 values IN (201702));
   alter table optstageupdatesnap add partition (partition p201703 values IN (201703));
   alter table optstageupdatesnap add partition (partition p201704 values IN (201704));
   alter table optstageupdatesnap add partition (partition p201705 values IN (201705));
   alter table optstageupdatesnap add partition (partition p201706 values IN (201706));
   alter table optstageupdatesnap add partition (partition p201707 values IN (201707));
   alter table optstageupdatesnap add partition (partition p201708 values IN (201708));
   alter table optstageupdatesnap add partition (partition p201709 values IN (201709));
   alter table optstageupdatesnap add partition (partition p201710 values IN (201710));
   alter table optstageupdatesnap add partition (partition p201711 values IN (201711));
   alter table optstageupdatesnap add partition (partition p201712 values IN (201712));
   
 insert into optstageupdatesnap(`optstageupdateid`, `optid`, `stageid`, `stageupdatetime`, `optstatus`, `statusupdatetime`, `remaindays`, `islaststage`, `isdelete`, `importreferid`, `laststageid`, `snapdate`,`ownerid`)
  select osu.`id`, osu.`optid`, osu.`stageid`, osu.`stageupdatetime`, osu.`optstatus`, 
   osu.`statusupdatetime`, osu.`remaindays`, osu.`islaststage`, osu.`isdelete`, osu.`importreferid`, osu.`laststageid`, 201701,o.ownerid
  from optstageupdate osu 
  left join opt o on osu.optid=o.id
  where osu.isdelete=0 and o.isdelete=0;

     insert into optstageupdatesnap(`optstageupdateid`, `optid`, `stageid`, `stageupdatetime`, `optstatus`, `statusupdatetime`, `remaindays`, `islaststage`, `isdelete`, `importreferid`, `laststageid`, `snapdate`,`ownerid`)
  select osu.`id`, osu.`optid`, osu.`stageid`, osu.`stageupdatetime`, osu.`optstatus`, 
   osu.`statusupdatetime`, osu.`remaindays`, osu.`islaststage`, osu.`isdelete`, osu.`importreferid`, osu.`laststageid`, 201702,o.ownerid
  from optstageupdate osu 
  left join opt o on osu.optid=o.id
  where osu.isdelete=0 and o.isdelete=0;
       insert into optstageupdatesnap(`optstageupdateid`, `optid`, `stageid`, `stageupdatetime`, `optstatus`, `statusupdatetime`, `remaindays`, `islaststage`, `isdelete`, `importreferid`, `laststageid`, `snapdate`,`ownerid`)
  select osu.`id`, osu.`optid`, osu.`stageid`, osu.`stageupdatetime`, osu.`optstatus`, 
   osu.`statusupdatetime`, osu.`remaindays`, osu.`islaststage`, osu.`isdelete`, osu.`importreferid`, osu.`laststageid`, 201703,o.ownerid
  from optstageupdate osu 
  left join opt o on osu.optid=o.id
  where osu.isdelete=0 and o.isdelete=0;
       insert into optstageupdatesnap(`optstageupdateid`, `optid`, `stageid`, `stageupdatetime`, `optstatus`, `statusupdatetime`, `remaindays`, `islaststage`, `isdelete`, `importreferid`, `laststageid`, `snapdate`,`ownerid`)
  select osu.`id`, osu.`optid`, osu.`stageid`, osu.`stageupdatetime`, osu.`optstatus`, 
   osu.`statusupdatetime`, osu.`remaindays`, osu.`islaststage`, osu.`isdelete`, osu.`importreferid`, osu.`laststageid`, 201704,o.ownerid
  from optstageupdate osu 
  left join opt o on osu.optid=o.id
  where osu.isdelete=0 and o.isdelete=0;
       insert into optstageupdatesnap(`optstageupdateid`, `optid`, `stageid`, `stageupdatetime`, `optstatus`, `statusupdatetime`, `remaindays`, `islaststage`, `isdelete`, `importreferid`, `laststageid`, `snapdate`,`ownerid`)
  select osu.`id`, osu.`optid`, osu.`stageid`, osu.`stageupdatetime`, osu.`optstatus`, 
   osu.`statusupdatetime`, osu.`remaindays`, osu.`islaststage`, osu.`isdelete`, osu.`importreferid`, osu.`laststageid`, 201705,o.ownerid
  from optstageupdate osu 
  left join opt o on osu.optid=o.id
  where osu.isdelete=0 and o.isdelete=0;
       insert into optstageupdatesnap(`optstageupdateid`, `optid`, `stageid`, `stageupdatetime`, `optstatus`, `statusupdatetime`, `remaindays`, `islaststage`, `isdelete`, `importreferid`, `laststageid`, `snapdate`,`ownerid`)
  select osu.`id`, osu.`optid`, osu.`stageid`, osu.`stageupdatetime`, osu.`optstatus`, 
   osu.`statusupdatetime`, osu.`remaindays`, osu.`islaststage`, osu.`isdelete`, osu.`importreferid`, osu.`laststageid`, 201706,o.ownerid
  from optstageupdate osu 
  left join opt o on osu.optid=o.id
  where osu.isdelete=0 and o.isdelete=0;
       insert into optstageupdatesnap(`optstageupdateid`, `optid`, `stageid`, `stageupdatetime`, `optstatus`, `statusupdatetime`, `remaindays`, `islaststage`, `isdelete`, `importreferid`, `laststageid`, `snapdate`,`ownerid`)
  select osu.`id`, osu.`optid`, osu.`stageid`, osu.`stageupdatetime`, osu.`optstatus`, 
   osu.`statusupdatetime`, osu.`remaindays`, osu.`islaststage`, osu.`isdelete`, osu.`importreferid`, osu.`laststageid`, 201707,o.ownerid
  from optstageupdate osu 
  left join opt o on osu.optid=o.id
  where osu.isdelete=0 and o.isdelete=0;
       insert into optstageupdatesnap(`optstageupdateid`, `optid`, `stageid`, `stageupdatetime`, `optstatus`, `statusupdatetime`, `remaindays`, `islaststage`, `isdelete`, `importreferid`, `laststageid`, `snapdate`,`ownerid`)
  select osu.`id`, osu.`optid`, osu.`stageid`, osu.`stageupdatetime`, osu.`optstatus`, 
   osu.`statusupdatetime`, osu.`remaindays`, osu.`islaststage`, osu.`isdelete`, osu.`importreferid`, osu.`laststageid`, 201708,o.ownerid
  from optstageupdate osu 
  left join opt o on osu.optid=o.id
  where osu.isdelete=0 and o.isdelete=0;
       insert into optstageupdatesnap(`optstageupdateid`, `optid`, `stageid`, `stageupdatetime`, `optstatus`, `statusupdatetime`, `remaindays`, `islaststage`, `isdelete`, `importreferid`, `laststageid`, `snapdate`,`ownerid`)
  select osu.`id`, osu.`optid`, osu.`stageid`, osu.`stageupdatetime`, osu.`optstatus`, 
   osu.`statusupdatetime`, osu.`remaindays`, osu.`islaststage`, osu.`isdelete`, osu.`importreferid`, osu.`laststageid`, 201709,o.ownerid
  from optstageupdate osu 
  left join opt o on osu.optid=o.id
  where osu.isdelete=0 and o.isdelete=0;
       insert into optstageupdatesnap(`optstageupdateid`, `optid`, `stageid`, `stageupdatetime`, `optstatus`, `statusupdatetime`, `remaindays`, `islaststage`, `isdelete`, `importreferid`, `laststageid`, `snapdate`,`ownerid`)
  select osu.`id`, osu.`optid`, osu.`stageid`, osu.`stageupdatetime`, osu.`optstatus`, 
   osu.`statusupdatetime`, osu.`remaindays`, osu.`islaststage`, osu.`isdelete`, osu.`importreferid`, osu.`laststageid`, 201710,o.ownerid
  from optstageupdate osu 
  left join opt o on osu.optid=o.id
  where osu.isdelete=0 and o.isdelete=0;
       insert into optstageupdatesnap(`optstageupdateid`, `optid`, `stageid`, `stageupdatetime`, `optstatus`, `statusupdatetime`, `remaindays`, `islaststage`, `isdelete`, `importreferid`, `laststageid`, `snapdate`,`ownerid`)
  select osu.`id`, osu.`optid`, osu.`stageid`, osu.`stageupdatetime`, osu.`optstatus`, 
   osu.`statusupdatetime`, osu.`remaindays`, osu.`islaststage`, osu.`isdelete`, osu.`importreferid`, osu.`laststageid`, 201711,o.ownerid
  from optstageupdate osu 
  left join opt o on osu.optid=o.id
  where osu.isdelete=0 and o.isdelete=0;
       insert into optstageupdatesnap(`optstageupdateid`, `optid`, `stageid`, `stageupdatetime`, `optstatus`, `statusupdatetime`, `remaindays`, `islaststage`, `isdelete`, `importreferid`, `laststageid`, `snapdate`,`ownerid`)
  select osu.`id`, osu.`optid`, osu.`stageid`, osu.`stageupdatetime`, osu.`optstatus`, 
   osu.`statusupdatetime`, osu.`remaindays`, osu.`islaststage`, osu.`isdelete`, osu.`importreferid`, osu.`laststageid`, 201712,o.ownerid
  from optstageupdate osu 
  left join opt o on osu.optid=o.id
  where osu.isdelete=0 and o.isdelete=0;

  
 truncate emptargetdef;
insert into emptargetdef(id,targetname,targetnameen,iseditor) values 
 (1,'任务金额','Target amount',0),
 (2,'预测金额','Forecast amount',0),
 (3,'接单率','Closing rate',0),
 (4,'新增客户','Add new customers',0),
 (5,'客户拜访','Visit Customers',0),
 (6,'新增机会(数量)','Add neww Opp. (Number)',0),
 (7,'新增机会(金额)','Add new Opp. (Amount)',0),
 (8,'合同金额','Order amount',0),
 (9,'发货金额','Shipment amount',0),
 (10,'毛利率','Gross profit rate',0),
 (11,'回款周期','Return period',1),
 (12,'万元费用支出','Ten thousand yuan expense',1);
 
update emptarget e set e.targetmoney=e.targetmoney*10000,e.targetmoneyminor=e.targetmoneyminor*1000;


alter table customtime add startingmonth int(10)  COMMENT '起始月';



DROP TABLE IF EXISTS `managedef`;
/*!40101 SET @saved_cs_client     = @@character_set_client */;
/*!40101 SET character_set_client = utf8 */;
CREATE TABLE `managedef` (
  `id` int(10) NOT NULL AUTO_INCREMENT COMMENT 'ID',
  `depid` int(10) DEFAULT NULL COMMENT '部门id',
  `employeeid` int(10) DEFAULT NULL COMMENT '员工id',
  `type` smallint(5) DEFAULT NULL COMMENT '1.需要排名的部门,2.需要排名的员工',
  `importreferid` varchar(200) DEFAULT NULL COMMENT '导入引用id',
  PRIMARY KEY (`id`)
) ENGINE=InnoDB AUTO_INCREMENT=8 DEFAULT CHARSET=utf8 COMMENT='管理配置表';



alter table abilitystat add faranchiseid int(10) comment '代理商id' AFTER employeeid ;
alter table snap_log add log_time datetime comment '插入时间';

alter table optrealsnap add isdelete int(10)  comment '是否删除' DEFAULT 1;
alter table optestimatesnap add isdelete int(10) comment '是否删除' DEFAULT 1;
alter table optstageupdatesnap add faranchiseid int(10) comment '机会代理商id' AFTER ownerid;
##################################################################################################################################
